Team,contestantId,playerId,Short Name,Player Name,Age,Position_x,Nationality,Position_y,total accurate back zone pass_Total,total accurate cross_Total,total accurate fwd zone pass_Total,total accurate long balls_Total,total accurate pass_Total,total aerial won_Total,total att assist_Total,total attempt_Total,total attempts ibox_Total,total attempts obox_Total,total contest_Total,total dribbles attempted_Total,total duels won_Total,total effective clearance_Total,total mins played,total ontarget attempt_Total,total touches in opposition box_Total,total won contest_Total,total interception_Total,total won tackle_Total,total blocked scoring att_Total,total was fouled_Total,total big chances saved_Total,total direct setpiece goals_Total,total goals_Total,total assists_Total,pass_success_pct_Total,long_balls_success_pct_Total,cross_success_pct_Total,dribble_success_pct_Total,attempt_success_pct_Total,duel_success_pct_Total,aerial_success_pct_Total,tackle_success_pct_Total,xG_Total,xA_Total,CreatedOwnShot_Total,Total Carries_Total,Total Carry xT_Total,Total Final Third Carries_Total,passes_into_final_third_Total,progressive_passes_Total,xT_pass_Total,forward_passes_Total,total accurate back zone pass_p90,total accurate cross_p90,total accurate fwd zone pass_p90,total accurate long balls_p90,total accurate pass_p90,total aerial won_p90,total att assist_p90,total attempt_p90,total attempts ibox_p90,total attempts obox_p90,total contest_p90,total dribbles attempted_p90,total duels won_p90,total effective clearance_p90,total ontarget attempt_p90,total touches in opposition box_p90,total won contest_p90,total interception_p90,total won tackle_p90,total blocked scoring att_p90,total was fouled_p90,total big chances saved_p90,total direct setpiece goals_p90,total goals_p90,total assists_p90,pass_success_pct_p90,long_balls_success_pct_p90,cross_success_pct_p90,dribble_success_pct_p90,attempt_success_pct_p90,duel_success_pct_p90,aerial_success_pct_p90,tackle_success_pct_p90,xG_p90,xA_p90,CreatedOwnShot_p90,Total Carries_p90,Total Carry xT_p90,Total Final Third Carries_p90,passes_into_final_third_p90,progressive_passes_p90,xT_pass_p90,forward_passes_p90,Pos.,total accurate back zone pass_TotalPR,total accurate cross_TotalPR,total accurate fwd zone pass_TotalPR,total accurate long balls_TotalPR,total accurate pass_TotalPR,total aerial won_TotalPR,total att assist_TotalPR,total attempt_TotalPR,total attempts ibox_TotalPR,total attempts obox_TotalPR,total contest_TotalPR,total dribbles attempted_TotalPR,total duels won_TotalPR,total effective clearance_TotalPR,total ontarget attempt_TotalPR,total touches in opposition box_TotalPR,total won contest_TotalPR,total interception_TotalPR,total won tackle_TotalPR,total blocked scoring att_TotalPR,total was fouled_TotalPR,total big chances saved_TotalPR,total direct setpiece goals_TotalPR,total goals_TotalPR,total assists_TotalPR,pass_success_pct_TotalPR,long_balls_success_pct_TotalPR,cross_success_pct_TotalPR,dribble_success_pct_TotalPR,attempt_success_pct_TotalPR,duel_success_pct_TotalPR,aerial_success_pct_TotalPR,tackle_success_pct_TotalPR,xG_TotalPR,xA_TotalPR,CreatedOwnShot_TotalPR,Total Carries_TotalPR,Total Carry xT_TotalPR,Total Final Third Carries_TotalPR,passes_into_final_third_TotalPR,progressive_passes_TotalPR,xT_pass_TotalPR,forward_passes_TotalPR,total accurate back zone pass_p90PR,total accurate cross_p90PR,total accurate fwd zone pass_p90PR,total accurate long balls_p90PR,total accurate pass_p90PR,total aerial won_p90PR,total att assist_p90PR,total attempt_p90PR,total attempts ibox_p90PR,total attempts obox_p90PR,total contest_p90PR,total dribbles attempted_p90PR,total duels won_p90PR,total effective clearance_p90PR,total ontarget attempt_p90PR,total touches in opposition box_p90PR,total won contest_p90PR,total interception_p90PR,total won tackle_p90PR,total blocked scoring att_p90PR,total was fouled_p90PR,total big chances saved_p90PR,total direct setpiece goals_p90PR,total goals_p90PR,total assists_p90PR,pass_success_pct_p90PR,long_balls_success_pct_p90PR,cross_success_pct_p90PR,dribble_success_pct_p90PR,attempt_success_pct_p90PR,duel_success_pct_p90PR,aerial_success_pct_p90PR,tackle_success_pct_p90PR,xG_p90PR,xA_p90PR,CreatedOwnShot_p90PR,Total Carries_p90PR,Total Carry xT_p90PR,Total Final Third Carries_p90PR,passes_into_final_third_p90PR,progressive_passes_p90PR,xT_pass_p90PR,forward_passes_p90PR,League
Bournemouth,1pse9ta7a45pi2w2grjim70ge,2p86mzr8qnu9iy01fusvovf56,António Silva,António João Pereira de Albuquerque Tavares da Silva,22,Defender,Portugal,Defender,27.0,0.0,9.0,1.0,36.0,1.0,0.0,0.0,0.0,0.0,0.0,0.0,1.0,11.0,90.0,0.0,0.0,0.0,0.0,0.0,0.0,0.0,0.0,0.0,0.0,0.0,92.31,50.0,0.0,0.0,0.0,25.0,33.33,0.0,0.0,0.0,0.0,0.0,0.0,0.0,0.0,0.0,0.0,0.0,27.0,0.0,9.0,1.0,36.0,1.0,0.0,0.0,0.0,0.0,0.0,0.0,1.0,11.0,0.0,0.0,0.0,0.0,0.0,0.0,0.0,0.0,0.0,0.0,0.0,92.31,50.0,0.0,0.0,0.0,25.0,33.33,0.0,0.0,0.0,0.0,0.0,0.0,0.0,0.0,0.0,0.0,0.0,CB,49,47,27,28,33,26,38,29,33,44,38,38,8,97,44,22,45,27,26,41,26,51,51,50,50,69,56,47,45,44,17,42,26,33,41,47,38,38,41,29,29,28,28,49,47,27,28,33,26,38,29,33,44,38,38,8,97,44,22,45,27,26,41,26,51,51,50,50,69,56,47,45,44,17,42,26,33,41,47,38,38,41,29,29,28,28,Premier League
Bournemouth,1pse9ta7a45pi2w2grjim70ge,80bmtj7l07ohb2h475w955n9,A. Smith,Adam Smith,35,Defender,England,Defender,8.0,0.0,5.0,1.0,13.0,1.0,0.0,0.0,0.0,0.0,0.0,0.0,5.0,2.0,90.0,0.0,0.0,0.0,2.0,1.0,0.0,3.0,0.0,0.0,0.0,0.0,76.47,25.0,0.0,0.0,0.0,50.0,33.33,100.0,0.0,0.0,0.0,0.0,0.0,0.0,0.0,0.0,0.0,0.0,8.0,0.0,5.0,1.0,13.0,1.0,0.0,0.0,0.0,0.0,0.0,0.0,5.0,2.0,0.0,0.0,0.0,2.0,1.0,0.0,3.0,0.0,0.0,0.0,0.0,76.47,25.0,0.0,0.0,0.0,50.0,33.33,100.0,0.0,0.0,0.0,0.0,0.0,0.0,0.0,0.0,0.0,0.0,RB/RCB,17,42,12,54,8,54,33,29,42,42,29,29,71,33,46,25,38,92,71,38,96,54,54,54,46,42,62,42,38,46,46,50,79,38,42,42,38,38,46,42,33,33,33,17,42,12,54,8,54,33,29,42,42,29,29,71,33,46,25,38,92,71,38,96,54,54,54,46,42,62,42,38,46,46,50,79,38,42,42,38,38,46,42,33,33,33,Premier League
Bournemouth,1pse9ta7a45pi2w2grjim70ge,92qqdiryqd8juqdjq8585476y,A. Truffert,Adrien Truffert,24,Defender,France,Defender,16.0,0.0,7.0,1.0,23.0,1.0,0.0,0.0,0.0,0.0,1.0,1.0,4.0,4.0,90.0,0.0,0.0,1.0,0.0,1.0,0.0,0.0,0.0,0.0,0.0,0.0,85.19,33.33,0.0,100.0,0.0,40.0,50.0,50.0,0.0,0.0,0.0,0.0,0.0,0.0,0.0,0.0,0.0,0.0,16.0,0.0,7.0,1.0,23.0,1.0,0.0,0.0,0.0,0.0,1.0,1.0,4.0,4.0,0.0,0.0,1.0,0.0,1.0,0.0,0.0,0.0,0.0,0.0,0.0,85.19,33.33,0.0,100.0,0.0,40.0,50.0,50.0,0.0,0.0,0.0,0.0,0.0,0.0,0.0,0.0,0.0,0.0,LB/LCB,73,33,10,47,27,37,30,43,47,50,60,57,47,67,47,20,83,27,50,50,30,50,53,50,53,73,27,33,87,47,30,70,53,43,33,50,33,33,30,27,27,27,27,73,33,10,47,27,37,30,43,47,50,60,57,47,67,47,20,83,27,50,50,30,50,53,50,53,73,27,33,87,47,30,70,53,43,33,50,33,33,30,27,27,27,27,Premier League
Bournemouth,1pse9ta7a45pi2w2grjim70ge,9ea8t509bssf2bhp1n5xxvrl6,J. Hill,James Hill,24,Defender,England,Defender,31.0,0.0,9.0,7.0,40.0,2.0,0.0,0.0,0.0,0.0,0.0,0.0,3.0,5.0,90.0,0.0,0.0,0.0,0.0,0.0,0.0,0.0,0.0,0.0,0.0,0.0,85.11,70.0,0.0,0.0,0.0,50.0,66.67,0.0,0.0,0.0,0.0,0.0,0.0,0.0,0.0,0.0,0.0,0.0,31.0,0.0,9.0,7.0,40.0,2.0,0.0,0.0,0.0,0.0,0.0,0.0,3.0,5.0,0.0,0.0,0.0,0.0,0.0,0.0,0.0,0.0,0.0,0.0,0.0,85.11,70.0,0.0,0.0,0.0,50.0,66.67,0.0,0.0,0.0,0.0,0.0,0.0,0.0,0.0,0.0,0.0,0.0,CB,59,47,27,95,38,50,38,29,33,44,38,38,36,60,44,22,45,27,26,41,26,51,51,50,50,38,82,47,45,44,44,81,26,33,41,47,38,38,41,29,29,28,28,59,47,27,95,38,50,38,29,33,44,38,38,36,60,44,22,45,27,26,41,26,51,51,50,50,38,82,47,45,44,44,81,26,33,41,47,38,38,41,29,29,28,28,Premier League
Bournemouth,1pse9ta7a45pi2w2grjim70ge,b3gobhr43y8oxpafvp4f8rgmh,M. Tavernier,Marcus Tavernier,27,Midfielder,England,Midfielder,11.0,1.0,13.0,3.0,23.0,1.0,1.0,2.0,1.0,1.0,1.0,1.0,6.0,2.0,90.0,1.0,1.0,0.0,0.0,1.0,0.0,3.0,0.0,0.0,1.0,0.0,85.19,100.0,33.33,0.0,50.0,50.0,50.0,50.0,0.2008480897835738,0.1295002242135057,1.0,4.0,0.0894367899999999,1.0,1.0,2.0,0.04413414,5.0,11.0,1.0,13.0,3.0,23.0,1.0,1.0,2.0,1.0,1.0,1.0,1.0,6.0,2.0,1.0,1.0,0.0,0.0,1.0,0.0,3.0,0.0,0.0,1.0,0.0,85.19,100.0,33.33,0.0,50.0,50.0,50.0,50.0,0.2008480897835738,0.1295002242135057,1.0,4.0,0.0894367899999999,1.0,1.0,2.0,0.04413414,5.0,CM/AM,39,78,33,67,33,72,61,56,83,56,39,39,89,67,78,22,44,39,56,39,83,56,50,89,50,89,100,94,44,89,61,89,50,100,78,67,78,78,61,28,50,22,22,39,78,33,67,33,72,61,56,83,56,39,39,89,67,78,22,44,39,56,39,83,56,50,89,50,89,100,94,44,89,61,89,50,100,78,67,78,78,61,28,50,22,22,Premier League
Bournemouth,1pse9ta7a45pi2w2grjim70ge,mfsus6ryni5b1hjn0y70sbo4,A. Scott,Alex Scott,23,Midfielder,England,Midfielder,19.0,0.0,19.0,6.0,38.0,0.0,0.0,0.0,0.0,0.0,0.0,0.0,5.0,0.0,90.0,0.0,0.0,0.0,1.0,2.0,0.0,1.0,0.0,0.0,0.0,0.0,80.85,66.67,0.0,0.0,0.0,83.33,0.0,50.0,0.0,0.0,0.0,0.0,0.0,0.0,0.0,0.0,0.0,0.0,19.0,0.0,19.0,6.0,38.0,0.0,0.0,0.0,0.0,0.0,0.0,0.0,5.0,0.0,0.0,0.0,0.0,1.0,2.0,0.0,1.0,0.0,0.0,0.0,0.0,80.85,66.67,0.0,0.0,0.0,83.33,0.0,50.0,0.0,0.0,0.0,0.0,0.0,0.0,0.0,0.0,0.0,0.0,DM/CM,38,35,54,96,46,38,23,38,46,46,27,27,62,31,42,38,35,58,85,50,35,54,54,50,46,23,69,35,35,42,96,50,54,46,27,50,35,35,42,31,27,27,27,38,35,54,96,46,38,23,38,46,46,27,27,62,31,42,38,35,58,85,50,35,54,54,50,46,23,69,35,35,42,96,50,54,46,27,50,35,35,42,31,27,27,27,Premier League
Arsenal,4dsgumo7d4zupm2ugsvm4zm4d,6o76owze8y78ue9sb49g8kyz8,Cristhian Mosquera,Cristhian Mosquera,22,Defender,Spain,Defender,49.0,0.0,13.0,0.0,62.0,1.0,0.0,0.0,0.0,0.0,1.0,1.0,2.0,5.0,90.0,0.0,0.0,1.0,1.0,0.0,0.0,0.0,0.0,0.0,0.0,0.0,95.38,0.0,0.0,100.0,0.0,40.0,33.33,0.0,0.0,0.0,0.0,0.0,0.0,0.0,0.0,0.0,0.0,0.0,49.0,0.0,13.0,0.0,62.0,1.0,0.0,0.0,0.0,0.0,1.0,1.0,2.0,5.0,0.0,0.0,1.0,1.0,0.0,0.0,0.0,0.0,0.0,0.0,0.0,95.38,0.0,0.0,100.0,0.0,40.0,33.33,0.0,0.0,0.0,0.0,0.0,0.0,0.0,0.0,0.0,0.0,0.0,CB,87,47,44,8,71,26,38,29,33,44,86,86,21,60,44,22,94,64,26,41,26,51,51,50,50,90,8,47,95,44,23,42,26,33,41,47,38,38,41,29,29,28,28,87,47,44,8,71,26,38,29,33,44,86,86,21,60,44,22,94,64,26,41,26,51,51,50,50,90,8,47,95,44,23,42,26,33,41,47,38,38,41,29,29,28,28,Premier League
Arsenal,4dsgumo7d4zupm2ugsvm4zm4d,8libvn3hxypz8x7gm4mr7kj55,Gabriel Magalhães,Gabriel dos Santos Magalhães,28,Defender,Brazil,Defender,35.0,0.0,19.0,1.0,54.0,0.0,0.0,1.0,0.0,1.0,0.0,0.0,2.0,3.0,90.0,0.0,0.0,0.0,1.0,0.0,0.0,2.0,0.0,0.0,0.0,0.0,94.74,50.0,0.0,0.0,0.0,22.22,0.0,0.0,0.0,0.0,0.0,0.0,0.0,0.0,0.0,0.0,0.0,0.0,35.0,0.0,19.0,1.0,54.0,0.0,0.0,1.0,0.0,1.0,0.0,0.0,2.0,3.0,0.0,0.0,0.0,1.0,0.0,0.0,2.0,0.0,0.0,0.0,0.0,94.74,50.0,0.0,0.0,0.0,22.22,0.0,0.0,0.0,0.0,0.0,0.0,0.0,0.0,0.0,0.0,0.0,0.0,CB,67,47,51,28,59,8,38,68,33,94,38,38,21,29,44,22,45,64,26,41,87,51,51,50,50,79,56,47,45,44,13,15,26,33,41,47,38,38,41,29,29,28,28,67,47,51,28,59,8,38,68,33,94,38,38,21,29,44,22,45,64,26,41,87,51,51,50,50,79,56,47,45,44,13,15,26,33,41,47,38,38,41,29,29,28,28,Premier League
Arsenal,4dsgumo7d4zupm2ugsvm4zm4d,azt1lhru9cgyb64h4h4fffrx0,M. Lewis-Skelly,Myles Lewis-Skelly,19,Defender,England,Defender,32.0,0.0,45.0,3.0,77.0,1.0,1.0,1.0,0.0,1.0,0.0,0.0,5.0,0.0,90.0,0.0,3.0,0.0,0.0,0.0,0.0,3.0,0.0,0.0,0.0,0.0,95.06,100.0,0.0,0.0,0.0,83.33,0.0,0.0,0.0,0.0,0.0,0.0,0.0,0.0,0.0,0.0,0.0,0.0,32.0,0.0,45.0,3.0,77.0,1.0,1.0,1.0,0.0,1.0,0.0,0.0,5.0,0.0,0.0,3.0,0.0,0.0,0.0,0.0,3.0,0.0,0.0,0.0,0.0,95.06,100.0,0.0,0.0,0.0,83.33,0.0,0.0,0.0,0.0,0.0,0.0,0.0,0.0,0.0,0.0,0.0,0.0,CB,62,47,90,65,85,26,83,68,33,94,38,38,59,4,44,83,45,27,26,41,99,51,51,50,50,82,99,47,45,44,99,15,26,33,41,47,38,38,41,29,29,28,28,62,47,90,65,85,26,83,68,33,94,38,38,59,4,44,83,45,27,26,41,99,51,51,50,50,82,99,47,45,44,99,15,26,33,41,47,38,38,41,29,29,28,28,Premier League
Arsenal,4dsgumo7d4zupm2ugsvm4zm4d,cnmlhoum9aahwqruxgmz2gcfd,B. White,Ben White,28,Defender,England,Defender,27.0,0.0,47.0,2.0,74.0,3.0,2.0,1.0,1.0,0.0,0.0,0.0,4.0,3.0,90.0,0.0,5.0,0.0,1.0,1.0,1.0,0.0,0.0,0.0,0.0,1.0,94.87,50.0,0.0,0.0,0.0,57.14,60.0,100.0,0.0,0.0,0.0,0.0,0.0,0.0,0.0,0.0,0.0,0.0,27.0,0.0,47.0,2.0,74.0,3.0,2.0,1.0,1.0,0.0,0.0,0.0,4.0,3.0,0.0,5.0,0.0,1.0,1.0,1.0,0.0,0.0,0.0,0.0,1.0,94.87,50.0,0.0,0.0,0.0,57.14,60.0,100.0,0.0,0.0,0.0,0.0,0.0,0.0,0.0,0.0,0.0,0.0,RB/RCB,92,42,100,83,100,88,83,75,92,42,29,29,42,54,46,100,38,54,71,88,21,54,54,54,96,100,88,42,38,46,71,67,79,38,42,42,38,38,46,42,33,33,33,92,42,100,83,100,88,83,75,92,42,29,29,42,54,46,100,38,54,71,88,21,54,54,54,96,100,88,42,38,46,71,67,79,38,42,42,38,38,46,42,33,33,33,Premier League
Arsenal,4dsgumo7d4zupm2ugsvm4zm4d,ed20ebhqi5c32vbbsze8r6yuh,K. Havertz,Kai Havertz,27,Attacker,Germany,Striker,6.0,0.0,14.0,0.0,20.0,3.0,1.0,1.0,1.0,0.0,1.0,1.0,5.0,1.0,90.0,1.0,5.0,0.0,1.0,0.0,0.0,2.0,0.0,0.0,1.0,0.0,80.0,0.0,0.0,0.0,100.0,50.0,60.0,0.0,0.0,0.0,0.0,0.0,0.0,0.0,0.0,0.0,0.0,0.0,6.0,0.0,14.0,0.0,20.0,3.0,1.0,1.0,1.0,0.0,1.0,1.0,5.0,1.0,1.0,5.0,0.0,1.0,0.0,0.0,2.0,0.0,0.0,1.0,0.0,80.0,0.0,0.0,0.0,100.0,50.0,60.0,0.0,0.0,0.0,0.0,0.0,0.0,0.0,0.0,0.0,0.0,0.0,ST,64,39,61,25,64,75,64,18,29,32,36,29,61,68,50,50,25,82,36,29,82,54,54,93,43,64,25,39,25,89,68,93,36,18,36,39,21,21,32,29,25,18,18,64,39,61,25,64,75,64,18,29,32,36,29,61,68,50,50,25,82,36,29,82,54,54,93,43,64,25,39,25,89,68,93,36,18,36,39,21,21,32,29,25,18,18,Premier League
Aston Villa,b496gs285it6bheuikox6z9mj,1e9txzr9hqz94xtun6byo0vs9,M. Cash,Matty Cash,29,Defender,Poland,Defender,9.0,0.0,13.0,1.0,22.0,0.0,0.0,0.0,0.0,0.0,0.0,0.0,4.0,3.0,90.0,0.0,0.0,0.0,1.0,2.0,0.0,2.0,0.0,0.0,0.0,0.0,75.86,16.67,0.0,0.0,0.0,66.67,0.0,100.0,0.0,0.0,0.0,0.0,0.0,0.0,0.0,0.0,0.0,0.0,9.0,0.0,13.0,1.0,22.0,0.0,0.0,0.0,0.0,0.0,0.0,0.0,4.0,3.0,0.0,0.0,0.0,1.0,2.0,0.0,2.0,0.0,0.0,0.0,0.0,75.86,16.67,0.0,0.0,0.0,66.67,0.0,100.0,0.0,0.0,0.0,0.0,0.0,0.0,0.0,0.0,0.0,0.0,RB/RCB,25,42,58,54,42,25,33,29,42,42,29,29,42,54,46,25,38,54,100,38,67,54,54,54,46,33,50,42,38,46,92,25,79,38,42,42,38,38,46,42,33,33,33,25,42,58,54,42,25,33,29,42,42,29,29,42,54,46,25,38,54,100,38,67,54,54,54,46,33,50,42,38,46,92,25,79,38,42,42,38,38,46,42,33,33,33,Premier League
Aston Villa,b496gs285it6bheuikox6z9mj,a3ms8havadt1y9x381l325txx,V. Lindelöf,Victor Lindelöf,32,Defender,Sweden,Defender,22.0,0.0,5.0,0.0,27.0,0.0,0.0,0.0,0.0,0.0,0.0,0.0,0.0,3.0,90.0,0.0,0.0,0.0,0.0,0.0,0.0,0.0,0.0,0.0,0.0,0.0,79.41,0.0,0.0,0.0,0.0,0.0,0.0,0.0,0.0020462793621027,0.0,0.0,0.0,0.0,0.0,0.0,0.0,0.02111735,17.0,22.0,0.0,5.0,0.0,27.0,0.0,0.0,0.0,0.0,0.0,0.0,0.0,0.0,3.0,0.0,0.0,0.0,0.0,0.0,0.0,0.0,0.0,0.0,0.0,0.0,79.41,0.0,0.0,0.0,0.0,0.0,0.0,0.0,0.0020462793621027,0.0,0.0,0.0,0.0,0.0,0.0,0.0,0.02111735,17.0,CB,28,47,10,8,17,8,38,29,33,44,38,38,3,29,44,22,45,27,26,41,26,51,51,50,50,22,8,47,45,44,4,15,26,67,41,47,38,38,41,29,29,56,62,28,47,10,8,17,8,38,29,33,44,38,38,3,29,44,22,45,27,26,41,26,51,51,50,50,22,8,47,45,44,4,15,26,67,41,47,38,38,41,29,29,56,62,Premier League
Aston Villa,b496gs285it6bheuikox6z9mj,ak6mqx5tyz1duwg1u3v4fwfmc,G. Hemmings,George Hemmings,19,Midfielder,England,Midfielder,3.0,0.0,3.0,0.0,6.0,2.0,1.0,0.0,0.0,0.0,1.0,1.0,6.0,0.0,90.0,0.0,1.0,1.0,0.0,2.0,0.0,0.0,0.0,0.0,0.0,0.0,46.15,0.0,0.0,100.0,0.0,66.67,50.0,66.67,0.0,0.0511510854139524,0.0,1.0,0.01689528,0.0,0.0,1.0,0.00383821,3.0,3.0,0.0,3.0,0.0,6.0,2.0,1.0,0.0,0.0,0.0,1.0,1.0,6.0,0.0,0.0,1.0,1.0,0.0,2.0,0.0,0.0,0.0,0.0,0.0,0.0,46.15,0.0,0.0,100.0,0.0,66.67,50.0,66.67,0.0,0.0511510854139524,0.0,1.0,0.01689528,0.0,0.0,1.0,0.00383821,3.0,CM,100,100,100,100,100,100,100,100,100,100,100,100,100,100,100,100,100,100,100,100,100,100,100,100,100,100,100,100,100,100,100,100,100,100,100,100,100,100,100,100,100,100,100,100,100,100,100,100,100,100,100,100,100,100,100,100,100,100,100,100,100,100,100,100,100,100,100,100,100,100,100,100,100,100,100,100,100,100,100,100,100,100,100,100,100,100,Premier League
Aston Villa,b496gs285it6bheuikox6z9mj,blth4klpu88kgh73abpjlgusp,B. Kamara,Boubacar Kamara,26,Midfielder,France,Midfielder,15.0,0.0,8.0,0.0,23.0,0.0,0.0,0.0,0.0,0.0,1.0,1.0,4.0,1.0,90.0,0.0,0.0,1.0,1.0,1.0,0.0,1.0,0.0,0.0,0.0,0.0,95.83,0.0,0.0,100.0,0.0,36.36,0.0,50.0,0.0,0.0,0.0,0.0,0.0,0.0,0.0,0.0,0.0,0.0,15.0,0.0,8.0,0.0,23.0,0.0,0.0,0.0,0.0,0.0,1.0,1.0,4.0,1.0,0.0,0.0,1.0,1.0,1.0,0.0,1.0,0.0,0.0,0.0,0.0,95.83,0.0,0.0,100.0,0.0,36.36,0.0,50.0,0.0,0.0,0.0,0.0,0.0,0.0,0.0,0.0,0.0,0.0,DM/CM,23,35,8,19,23,38,23,38,46,46,69,69,35,73,42,38,81,58,58,50,35,54,54,50,46,100,19,35,88,42,23,50,54,46,27,50,35,35,42,31,27,27,27,23,35,8,19,23,38,23,38,46,46,69,69,35,73,42,38,81,58,58,50,35,54,54,50,46,100,19,35,88,42,23,50,54,46,27,50,35,35,42,31,27,27,27,Premier League
Brentford,7yx5dqhhphyvfisohikodajhv,1h3mduwlaf89ebwtqxuegsodm,K. Schade,Kevin Schade,24,Midfielder,Germany,Midfielder,3.0,0.0,8.0,1.0,11.0,4.0,1.0,5.0,5.0,0.0,2.0,2.0,10.0,1.0,90.0,2.0,8.0,1.0,0.0,2.0,1.0,2.0,0.0,0.0,0.0,0.0,55.0,100.0,0.0,50.0,40.0,62.5,66.67,66.67,0.0,0.0,0.0,0.0,0.0,0.0,0.0,0.0,0.0,0.0,3.0,0.0,8.0,1.0,11.0,4.0,1.0,5.0,5.0,0.0,2.0,2.0,10.0,1.0,2.0,8.0,1.0,0.0,2.0,1.0,2.0,0.0,0.0,0.0,0.0,55.0,100.0,0.0,50.0,40.0,62.5,66.67,66.67,0.0,0.0,0.0,0.0,0.0,0.0,0.0,0.0,0.0,0.0,LM/LCM,100,100,100,100,100,100,100,100,100,100,100,100,100,100,100,100,100,100,100,100,100,100,100,100,100,100,100,100,100,100,100,100,100,100,100,100,100,100,100,100,100,100,100,100,100,100,100,100,100,100,100,100,100,100,100,100,100,100,100,100,100,100,100,100,100,100,100,100,100,100,100,100,100,100,100,100,100,100,100,100,100,100,100,100,100,100,Premier League
Brentford,7yx5dqhhphyvfisohikodajhv,32bvxwhceid2xdcfx6cd8a8d1,K. Ajer,Kristoffer Ajer,28,Defender,Norway,Defender,18.0,0.0,10.0,1.0,28.0,6.0,0.0,1.0,1.0,0.0,0.0,0.0,9.0,6.0,90.0,1.0,2.0,0.0,2.0,1.0,0.0,1.0,0.0,0.0,0.0,0.0,82.35,25.0,0.0,0.0,100.0,81.82,0.0,50.0,0.0,0.0,0.0,0.0,0.0,0.0,0.0,0.0,0.0,0.0,18.0,0.0,10.0,1.0,28.0,6.0,0.0,1.0,1.0,0.0,0.0,0.0,9.0,6.0,1.0,2.0,0.0,2.0,1.0,0.0,1.0,0.0,0.0,0.0,0.0,82.35,25.0,0.0,0.0,100.0,81.82,0.0,50.0,0.0,0.0,0.0,0.0,0.0,0.0,0.0,0.0,0.0,0.0,CB,18,47,33,28,21,95,38,68,76,44,38,38,94,72,94,74,45,86,64,41,64,51,51,50,50,33,32,47,45,99,95,15,56,33,41,47,38,38,41,29,29,28,28,18,47,33,28,21,95,38,68,76,44,38,38,94,72,94,74,45,86,64,41,64,51,51,50,50,33,32,47,45,99,95,15,56,33,41,47,38,38,41,29,29,28,28,Premier League
Brentford,7yx5dqhhphyvfisohikodajhv,7j36oy8n0tu8ps0haqb4es48a,K. Lewis-Potter,Keane Lewis-Potter,25,Attacker,England,Striker,16.0,1.0,14.0,1.0,29.0,2.0,1.0,2.0,1.0,1.0,3.0,3.0,4.0,2.0,90.0,1.0,1.0,1.0,2.0,0.0,1.0,0.0,0.0,0.0,1.0,0.0,87.88,25.0,25.0,33.33,50.0,44.44,66.67,0.0,0.0,0.0,0.0,0.0,0.0,0.0,0.0,0.0,0.0,0.0,16.0,1.0,14.0,1.0,29.0,2.0,1.0,2.0,1.0,1.0,3.0,3.0,4.0,2.0,1.0,1.0,1.0,2.0,0.0,1.0,0.0,0.0,0.0,1.0,0.0,87.88,25.0,25.0,33.33,50.0,44.44,66.67,0.0,0.0,0.0,0.0,0.0,0.0,0.0,0.0,0.0,0.0,0.0,ST,93,86,61,68,71,54,64,43,29,82,86,75,39,89,50,14,71,93,36,75,21,54,54,93,43,86,50,86,57,64,54,100,36,18,36,39,21,21,32,29,25,18,18,93,86,61,68,71,54,64,43,29,82,86,75,39,89,50,14,71,93,36,75,21,54,54,93,43,86,50,86,57,64,54,100,36,18,36,39,21,21,32,29,25,18,18,Premier League
Brentford,7yx5dqhhphyvfisohikodajhv,9k8gysrsy1a261nhcszo4aoyx,V. Janelt,Vitaly Janelt,28,Midfielder,Germany,Midfielder,19.0,4.0,18.0,2.0,33.0,0.0,2.0,2.0,2.0,0.0,0.0,0.0,5.0,1.0,90.0,1.0,3.0,0.0,4.0,3.0,1.0,1.0,0.0,0.0,1.0,0.0,89.19,100.0,80.0,0.0,50.0,38.46,0.0,75.0,0.0,0.0,0.0,0.0,0.0,0.0,0.0,0.0,0.0,0.0,19.0,4.0,18.0,2.0,33.0,0.0,2.0,2.0,2.0,0.0,0.0,0.0,5.0,1.0,1.0,3.0,0.0,4.0,3.0,1.0,1.0,0.0,0.0,1.0,0.0,89.19,100.0,80.0,0.0,50.0,38.46,0.0,75.0,0.0,0.0,0.0,0.0,0.0,0.0,0.0,0.0,0.0,0.0,DM/CM,38,100,46,65,31,38,85,96,100,46,27,27,62,73,92,92,35,100,96,100,35,54,54,100,46,46,92,85,35,88,31,50,69,46,27,50,35,35,42,31,27,27,27,38,100,46,65,31,38,85,96,100,46,27,27,62,73,92,92,35,100,96,100,35,54,54,100,46,46,92,85,35,88,31,50,69,46,27,50,35,35,42,31,27,27,27,Premier League
Brentford,7yx5dqhhphyvfisohikodajhv,csinkvzxcphggdjeflmo173zd,N. Collins,Nathan Collins,25,Defender,Republic of Ireland,Defender,39.0,0.0,14.0,6.0,53.0,2.0,2.0,2.0,2.0,0.0,0.0,0.0,2.0,3.0,90.0,0.0,6.0,0.0,0.0,0.0,1.0,0.0,0.0,0.0,0.0,0.0,85.48,50.0,0.0,0.0,0.0,50.0,66.67,0.0,0.0,0.0,0.0,0.0,0.0,0.0,0.0,0.0,0.0,0.0,39.0,0.0,14.0,6.0,53.0,2.0,2.0,2.0,2.0,0.0,0.0,0.0,2.0,3.0,0.0,6.0,0.0,0.0,0.0,1.0,0.0,0.0,0.0,0.0,0.0,85.48,50.0,0.0,0.0,0.0,50.0,66.67,0.0,0.0,0.0,0.0,0.0,0.0,0.0,0.0,0.0,0.0,0.0,CB,74,47,46,88,55,50,96,90,94,44,38,38,21,29,44,100,45,27,26,90,26,51,51,50,50,41,56,47,45,44,44,81,26,33,41,47,38,38,41,29,29,28,28,74,47,46,88,55,50,96,90,94,44,38,38,21,29,44,100,45,27,26,90,26,51,51,50,50,41,56,47,45,44,44,81,26,33,41,47,38,38,41,29,29,28,28,Premier League
Brighton & Hove Albion,e5p0ehyguld7egzhiedpdnc3w,3k6znit6fd9mbfcnphlwyvj6d,P. Groß,Pascal Groß,35,Midfielder,Germany,Midfielder,24.0,2.0,50.0,2.0,72.0,1.0,4.0,0.0,0.0,0.0,0.0,0.0,4.0,0.0,90.0,0.0,4.0,0.0,0.0,1.0,0.0,0.0,0.0,0.0,0.0,0.0,93.51,66.67,20.0,0.0,0.0,57.14,0.0,33.33,0.0,0.3792682191312737,0.0,5.0,0.10264261,1.0,5.0,8.0,0.1994746399999999,39.0,24.0,2.0,50.0,2.0,72.0,1.0,4.0,0.0,0.0,0.0,0.0,0.0,4.0,0.0,0.0,4.0,0.0,0.0,1.0,0.0,0.0,0.0,0.0,0.0,0.0,93.51,66.67,20.0,0.0,0.0,57.14,0.0,33.33,0.0,0.3792682191312737,0.0,5.0,0.10264261,1.0,5.0,8.0,0.1994746399999999,39.0,CM/AM,100,94,89,44,89,72,100,22,33,28,11,11,50,17,33,78,44,39,56,39,28,56,50,39,50,100,72,78,44,33,78,44,33,22,100,28,94,89,61,89,89,89,89,100,94,89,44,89,72,100,22,33,28,11,11,50,17,33,78,44,39,56,39,28,56,50,39,50,100,72,78,44,33,78,44,33,22,100,28,94,89,61,89,89,89,89,Premier League
Brighton & Hove Albion,e5p0ehyguld7egzhiedpdnc3w,81qmlg0ttijhkywm55ejdr40k,L. Vušković,Luka Vuskovic,19,Defender,Croatia,Defender,44.0,0.0,54.0,5.0,98.0,4.0,0.0,2.0,1.0,1.0,0.0,0.0,4.0,4.0,90.0,0.0,3.0,0.0,0.0,0.0,0.0,0.0,0.0,0.0,0.0,0.0,95.15,71.43,0.0,0.0,0.0,66.67,80.0,0.0,0.1723021075040569,0.0,1.0,7.0,0.15885038,5.0,12.0,9.0,0.1648801899999999,71.0,44.0,0.0,54.0,5.0,98.0,4.0,0.0,2.0,1.0,1.0,0.0,0.0,4.0,4.0,0.0,3.0,0.0,0.0,0.0,0.0,0.0,0.0,0.0,0.0,0.0,95.15,71.43,0.0,0.0,0.0,66.67,80.0,0.0,0.1723021075040569,0.0,1.0,7.0,0.15885038,5.0,12.0,9.0,0.1648801899999999,71.0,CB,79,47,97,79,95,86,38,90,76,94,38,38,47,45,44,83,45,27,26,41,26,51,51,50,50,87,86,47,45,44,69,99,26,87,41,97,99,97,97,97,95,85,97,79,47,97,79,95,86,38,90,76,94,38,38,47,45,44,83,45,27,26,41,26,51,51,50,50,87,86,47,45,44,69,99,26,87,41,97,99,97,97,97,95,85,97,Premier League
Brighton & Hove Albion,e5p0ehyguld7egzhiedpdnc3w,d92v6n4pf20eepvli92lqau39,O. Boscagli,Olivier Boscagli,28,Defender,France,Defender,22.0,0.0,43.0,5.0,65.0,1.0,0.0,0.0,0.0,0.0,0.0,0.0,3.0,3.0,90.0,0.0,3.0,0.0,2.0,1.0,0.0,1.0,0.0,0.0,0.0,0.0,98.48,100.0,0.0,0.0,0.0,60.0,50.0,100.0,0.0,0.0,0.0,0.0,0.0,0.0,0.0,0.0,0.0,0.0,22.0,0.0,43.0,5.0,65.0,1.0,0.0,0.0,0.0,0.0,0.0,0.0,3.0,3.0,0.0,3.0,0.0,2.0,1.0,0.0,1.0,0.0,0.0,0.0,0.0,98.48,100.0,0.0,0.0,0.0,60.0,50.0,100.0,0.0,0.0,0.0,0.0,0.0,0.0,0.0,0.0,0.0,0.0,CB,28,47,87,79,74,26,38,29,33,44,38,38,36,29,44,83,45,86,64,41,64,51,51,50,50,100,99,47,45,44,60,56,88,33,41,47,38,38,41,29,29,28,28,28,47,87,79,74,26,38,29,33,44,38,38,36,29,44,83,45,86,64,41,64,51,51,50,50,100,99,47,45,44,60,56,88,33,41,47,38,38,41,29,29,28,28,Premier League
Brighton & Hove Albion,e5p0ehyguld7egzhiedpdnc3w,e8ekkg0yayhhmmhinl0v9une,G. Rutter,Georginio Rutter,24,Attacker,France,Striker,1.0,0.0,6.0,0.0,7.0,0.0,1.0,2.0,1.0,1.0,1.0,2.0,4.0,1.0,90.0,0.0,6.0,1.0,0.0,2.0,0.0,1.0,0.0,0.0,0.0,1.0,58.33,0.0,0.0,100.0,0.0,44.44,0.0,100.0,0.1181649258153276,0.2038007119853941,1.0,1.0,0.06442595,3.0,0.0,0.0,0.2729540599999999,3.0,1.0,0.0,6.0,0.0,7.0,0.0,1.0,2.0,1.0,1.0,1.0,2.0,4.0,1.0,0.0,6.0,1.0,0.0,2.0,0.0,1.0,0.0,0.0,0.0,1.0,58.33,0.0,0.0,100.0,0.0,44.44,0.0,100.0,0.1181649258153276,0.2038007119853941,1.0,1.0,0.06442595,3.0,0.0,0.0,0.2729540599999999,3.0,ST,18,39,18,25,14,18,64,43,29,82,36,54,39,68,18,61,71,39,100,29,54,54,54,43,93,14,25,39,93,18,54,25,93,43,93,86,50,64,93,29,25,93,43,18,39,18,25,14,18,64,43,29,82,36,54,39,68,18,61,71,39,100,29,54,54,54,43,93,14,25,39,93,18,54,25,93,43,93,86,50,64,93,29,25,93,43,Premier League
Brighton & Hove Albion,e5p0ehyguld7egzhiedpdnc3w,jagvvzc7329tf2c64mnc251,L. Dunk,Lewis Dunk,34,Defender,England,Defender,51.0,0.0,58.0,4.0,109.0,2.0,0.0,0.0,0.0,0.0,0.0,0.0,3.0,0.0,90.0,0.0,0.0,0.0,1.0,1.0,0.0,0.0,0.0,0.0,0.0,0.0,95.61,66.67,0.0,0.0,0.0,50.0,66.67,100.0,0.0,0.0,0.0,0.0,0.0,0.0,0.0,0.0,0.0,0.0,51.0,0.0,58.0,4.0,109.0,2.0,0.0,0.0,0.0,0.0,0.0,0.0,3.0,0.0,0.0,0.0,0.0,1.0,1.0,0.0,0.0,0.0,0.0,0.0,0.0,95.61,66.67,0.0,0.0,0.0,50.0,66.67,100.0,0.0,0.0,0.0,0.0,0.0,0.0,0.0,0.0,0.0,0.0,CB,95,47,100,74,97,50,38,29,33,44,38,38,36,4,44,22,45,64,64,41,26,51,51,50,50,92,78,47,45,44,44,81,88,33,41,47,38,38,41,29,29,28,28,95,47,100,74,97,50,38,29,33,44,38,38,36,4,44,22,45,64,64,41,26,51,51,50,50,92,78,47,45,44,44,81,88,33,41,47,38,38,41,29,29,28,28,Premier League
Chelsea,9q0arba2kbnywth8bkxlhgmdr,573hlc6devy50gjotyav9ql4a,L. Colwill,Levi Colwill,23,Defender,England,Defender,14.0,0.0,14.0,0.0,28.0,0.0,0.0,1.0,1.0,0.0,1.0,1.0,4.0,2.0,90.0,0.0,2.0,1.0,0.0,2.0,1.0,1.0,0.0,0.0,0.0,0.0,93.33,0.0,0.0,100.0,0.0,66.67,0.0,100.0,0.0418608051089993,0.0,0.0,0.0,0.0,1.0,1.0,1.0,0.0292408399999999,17.0,14.0,0.0,14.0,0.0,28.0,0.0,0.0,1.0,1.0,0.0,1.0,1.0,4.0,2.0,0.0,2.0,1.0,0.0,2.0,1.0,1.0,0.0,0.0,0.0,0.0,93.33,0.0,0.0,100.0,0.0,66.67,0.0,100.0,0.0418608051089993,0.0,0.0,0.0,0.0,1.0,1.0,1.0,0.0292408399999999,17.0,LB/LCB,60,33,43,13,50,13,30,90,97,50,60,57,47,23,47,73,83,27,80,100,73,50,53,50,53,100,13,33,87,47,87,23,87,87,33,50,33,33,77,57,57,53,73,60,33,43,13,50,13,30,90,97,50,60,57,47,23,47,73,83,27,80,100,73,50,53,50,53,100,13,33,87,47,87,23,87,87,33,50,33,33,77,57,57,53,73,Premier League
Chelsea,9q0arba2kbnywth8bkxlhgmdr,7e7w34imugzsufvytjxytupd5,M. Lacroix,Maxence Lacroix,26,Defender,France,Defender,26.0,0.0,21.0,3.0,47.0,2.0,1.0,0.0,0.0,0.0,0.0,0.0,8.0,4.0,90.0,0.0,1.0,0.0,2.0,3.0,0.0,1.0,0.0,0.0,0.0,1.0,94.0,75.0,0.0,0.0,0.0,44.44,25.0,60.0,0.0,0.1377332129029075,0.0,1.0,0.06442595,0.0,2.0,2.0,0.1057313,36.0,26.0,0.0,21.0,3.0,47.0,2.0,1.0,0.0,0.0,0.0,0.0,0.0,8.0,4.0,0.0,1.0,0.0,2.0,3.0,0.0,1.0,0.0,0.0,0.0,1.0,94.0,75.0,0.0,0.0,0.0,44.44,25.0,60.0,0.0,0.1377332129029075,0.0,1.0,0.06442595,0.0,2.0,2.0,0.1057313,36.0,CB,46,47,58,65,49,50,83,29,33,44,38,38,86,45,44,58,45,86,91,41,64,51,51,50,100,77,91,47,45,44,32,32,64,33,90,47,79,90,41,69,65,77,82,46,47,58,65,49,50,83,29,33,44,38,38,86,45,44,58,45,86,91,41,64,51,51,50,100,77,91,47,45,44,32,32,64,33,90,47,79,90,41,69,65,77,82,Premier League
Chelsea,9q0arba2kbnywth8bkxlhgmdr,dczrgxyolp7lcz413wkz7ap61,R. James,Reece James,26,Defender,England,Defender,15.0,1.0,30.0,2.0,44.0,1.0,1.0,2.0,1.0,1.0,0.0,0.0,1.0,2.0,90.0,1.0,1.0,0.0,2.0,0.0,1.0,0.0,0.0,0.0,0.0,0.0,88.0,40.0,33.33,0.0,50.0,20.0,0.0,0.0,0.1507868217493426,0.1073467893299333,0.0,2.0,0.03682666,0.0,2.0,4.0,0.15580985,22.0,15.0,1.0,30.0,2.0,44.0,1.0,1.0,2.0,1.0,1.0,0.0,0.0,1.0,2.0,1.0,1.0,0.0,2.0,0.0,1.0,0.0,0.0,0.0,0.0,0.0,88.0,40.0,33.33,0.0,50.0,20.0,0.0,0.0,0.1507868217493426,0.1073467893299333,0.0,2.0,0.03682666,0.0,2.0,4.0,0.15580985,22.0,CB,8,97,72,50,45,26,83,90,76,94,38,38,8,18,94,58,45,86,26,90,26,51,51,50,50,49,44,95,45,91,10,15,26,82,82,47,86,82,41,69,83,82,69,8,97,72,50,45,26,83,90,76,94,38,38,8,18,94,58,45,86,26,90,26,51,51,50,50,49,44,95,45,91,10,15,26,82,82,47,86,82,41,69,83,82,69,Premier League
Chelsea,9q0arba2kbnywth8bkxlhgmdr,eaqqezw2ed1u0tt3zc128mr1m,João Pedro,João Pedro Junqueira de Jesus,24,Attacker,Brazil,Striker,0.0,0.0,15.0,1.0,15.0,2.0,2.0,4.0,3.0,1.0,1.0,1.0,4.0,1.0,90.0,1.0,8.0,1.0,0.0,0.0,1.0,1.0,0.0,0.0,1.0,1.0,75.0,50.0,0.0,100.0,25.0,40.0,50.0,0.0,0.6639178545421471,0.1862249749668552,1.0,3.0,0.15203693,1.0,2.0,3.0,0.02573905,5.0,0.0,0.0,15.0,1.0,15.0,2.0,2.0,4.0,3.0,1.0,1.0,1.0,4.0,1.0,1.0,8.0,1.0,0.0,0.0,1.0,1.0,0.0,0.0,1.0,1.0,75.0,50.0,0.0,100.0,25.0,40.0,50.0,0.0,0.6639178545421471,0.1862249749668552,1.0,3.0,0.15203693,1.0,2.0,3.0,0.02573905,5.0,ST,7,39,71,68,50,54,89,86,75,82,36,29,39,68,50,89,71,39,36,75,54,54,54,93,93,43,64,39,93,36,32,75,36,100,86,86,75,100,71,75,93,50,64,7,39,71,68,50,54,89,86,75,82,36,29,39,68,50,89,71,39,36,75,54,54,54,93,93,43,64,39,93,36,32,75,36,100,86,86,75,100,71,75,93,50,64,Premier League
Chelsea,9q0arba2kbnywth8bkxlhgmdr,ek4oa7zejocbbgu1l2vdebitw,J. Acheampong,Josh Acheampong,20,Defender,England,Defender,16.0,0.0,22.0,1.0,38.0,1.0,0.0,0.0,0.0,0.0,1.0,1.0,7.0,7.0,90.0,0.0,1.0,0.0,1.0,4.0,0.0,1.0,0.0,0.0,0.0,0.0,79.17,14.29,0.0,0.0,0.0,58.33,50.0,80.0,0.0,0.0,0.0,0.0,0.0,0.0,0.0,0.0,0.0,0.0,16.0,0.0,22.0,1.0,38.0,1.0,0.0,0.0,0.0,0.0,1.0,1.0,7.0,7.0,0.0,1.0,0.0,1.0,4.0,0.0,1.0,0.0,0.0,0.0,0.0,79.17,14.29,0.0,0.0,0.0,58.33,50.0,80.0,0.0,0.0,0.0,0.0,0.0,0.0,0.0,0.0,0.0,0.0,CB,12,47,62,28,36,26,38,29,33,44,86,86,78,79,44,58,45,64,99,41,64,51,51,50,50,18,17,47,45,44,55,56,73,33,41,47,38,38,41,29,29,28,28,12,47,62,28,36,26,38,29,33,44,86,86,78,79,44,58,45,64,99,41,64,51,51,50,50,18,17,47,45,44,55,56,73,33,41,47,38,38,41,29,29,28,28,Premier League
Coventry City,dacoc20k0n3fxu4zek8wufmko,34b0oqo4725okjxxngin9piw9,F. Onyeka,Frank Onyeka,28,Midfielder,Nigeria,Midfielder,5.0,0.0,11.0,4.0,16.0,0.0,0.0,0.0,0.0,0.0,0.0,0.0,2.0,0.0,90.0,0.0,0.0,0.0,3.0,1.0,0.0,1.0,0.0,0.0,0.0,0.0,72.73,100.0,0.0,0.0,0.0,33.33,0.0,100.0,0.0,0.0,0.0,0.0,0.0,0.0,0.0,0.0,0.0,0.0,5.0,0.0,11.0,4.0,16.0,0.0,0.0,0.0,0.0,0.0,0.0,0.0,2.0,0.0,0.0,0.0,0.0,3.0,1.0,0.0,1.0,0.0,0.0,0.0,0.0,72.73,100.0,0.0,0.0,0.0,33.33,0.0,100.0,0.0,0.0,0.0,0.0,0.0,0.0,0.0,0.0,0.0,0.0,DM/CM,8,35,23,85,8,38,23,38,46,46,27,27,19,31,42,38,35,88,58,50,35,54,54,50,46,8,92,35,35,42,15,50,88,46,27,50,35,35,42,31,27,27,27,8,35,23,85,8,38,23,38,46,46,27,27,19,31,42,38,35,88,58,50,35,54,54,50,46,8,92,35,35,42,15,50,88,46,27,50,35,35,42,31,27,27,27,Premier League
Coventry City,dacoc20k0n3fxu4zek8wufmko,5raent8a0bdt01n7769n3dw16,B. Thomas,Bobby Thomas,25,Defender,England,Defender,26.0,0.0,9.0,0.0,35.0,2.0,1.0,1.0,0.0,1.0,0.0,0.0,4.0,7.0,90.0,0.0,0.0,0.0,0.0,1.0,0.0,1.0,0.0,0.0,0.0,0.0,89.74,0.0,0.0,0.0,0.0,57.14,66.67,100.0,0.0,0.0,0.0,0.0,0.0,0.0,0.0,0.0,0.0,0.0,26.0,0.0,9.0,0.0,35.0,2.0,1.0,1.0,0.0,1.0,0.0,0.0,4.0,7.0,0.0,0.0,0.0,0.0,1.0,0.0,1.0,0.0,0.0,0.0,0.0,89.74,0.0,0.0,0.0,0.0,57.14,66.67,100.0,0.0,0.0,0.0,0.0,0.0,0.0,0.0,0.0,0.0,0.0,RB/RCB,83,42,42,21,67,71,67,75,42,88,29,29,42,92,46,25,38,17,71,38,42,54,54,54,46,83,21,42,38,46,71,79,79,38,42,42,38,38,46,42,33,33,33,83,42,42,21,67,71,67,75,42,88,29,29,42,92,46,25,38,17,71,38,42,54,54,54,46,83,21,42,38,46,71,79,79,38,42,42,38,38,46,42,33,33,33,Premier League
Coventry City,dacoc20k0n3fxu4zek8wufmko,9offctffrvq9n7kcoyya675cl,M. Grimes,Matt Grimes,31,Midfielder,England,Midfielder,25.0,0.0,25.0,0.0,50.0,3.0,0.0,0.0,0.0,0.0,0.0,0.0,5.0,3.0,90.0,0.0,0.0,0.0,0.0,0.0,0.0,2.0,0.0,0.0,0.0,0.0,89.29,0.0,0.0,0.0,0.0,83.33,75.0,0.0,0.0,0.0,0.0,0.0,0.0,0.0,0.0,0.0,0.0,0.0,25.0,0.0,25.0,0.0,50.0,3.0,0.0,0.0,0.0,0.0,0.0,0.0,5.0,3.0,0.0,0.0,0.0,0.0,0.0,0.0,2.0,0.0,0.0,0.0,0.0,89.29,0.0,0.0,0.0,0.0,83.33,75.0,0.0,0.0,0.0,0.0,0.0,0.0,0.0,0.0,0.0,0.0,0.0,DM/CM,69,35,65,19,62,96,23,38,46,46,27,27,62,100,42,38,35,23,19,50,73,54,54,50,46,54,19,35,35,42,96,100,19,46,27,50,35,35,42,31,27,27,27,69,35,65,19,62,96,23,38,46,46,27,27,62,100,42,38,35,23,19,50,73,54,54,50,46,54,19,35,35,42,96,100,19,46,27,50,35,35,42,31,27,27,27,Premier League
Coventry City,dacoc20k0n3fxu4zek8wufmko,cggeh9sr6mukhr2jl91rpuac5,J. Dasilva,Jay Dasilva,28,Defender,Wales,Defender,8.0,0.0,14.0,1.0,22.0,1.0,0.0,0.0,0.0,0.0,3.0,3.0,2.0,5.0,90.0,0.0,0.0,1.0,0.0,0.0,0.0,0.0,0.0,0.0,0.0,0.0,78.57,50.0,0.0,33.33,0.0,40.0,0.0,0.0,0.0,0.0,0.0,0.0,0.0,0.0,0.0,0.0,0.0,0.0,8.0,0.0,14.0,1.0,22.0,1.0,0.0,0.0,0.0,0.0,3.0,3.0,2.0,5.0,0.0,0.0,1.0,0.0,0.0,0.0,0.0,0.0,0.0,0.0,0.0,78.57,50.0,0.0,33.33,0.0,40.0,0.0,0.0,0.0,0.0,0.0,0.0,0.0,0.0,0.0,0.0,0.0,0.0,LB/LCB,13,33,43,47,20,37,30,43,47,50,100,100,17,87,47,20,83,27,17,50,30,50,53,50,53,20,63,33,67,47,30,23,17,43,33,50,33,33,30,27,27,27,27,13,33,43,47,20,37,30,43,47,50,100,100,17,87,47,20,83,27,17,50,30,50,53,50,53,20,63,33,67,47,30,23,17,43,33,50,33,33,30,27,27,27,27,Premier League
Coventry City,dacoc20k0n3fxu4zek8wufmko,ekl9e2t93vow1buusgdcs3giy,A. Amenda,Aurèle Amenda,23,Defender,Switzerland,Defender,12.0,0.0,16.0,8.0,28.0,1.0,0.0,0.0,0.0,0.0,0.0,0.0,1.0,6.0,90.0,0.0,0.0,0.0,0.0,0.0,0.0,0.0,0.0,0.0,0.0,0.0,84.85,72.73,0.0,0.0,0.0,25.0,33.33,0.0,0.0,0.0,0.0,0.0,0.0,0.0,0.0,0.0,0.0,0.0,12.0,0.0,16.0,8.0,28.0,1.0,0.0,0.0,0.0,0.0,0.0,0.0,1.0,6.0,0.0,0.0,0.0,0.0,0.0,0.0,0.0,0.0,0.0,0.0,0.0,84.85,72.73,0.0,0.0,0.0,25.0,33.33,0.0,0.0,0.0,0.0,0.0,0.0,0.0,0.0,0.0,0.0,0.0,LB/LCB,43,33,53,100,50,37,30,43,47,50,20,20,7,100,47,20,33,27,17,50,30,50,53,50,53,60,87,33,33,47,13,50,17,43,33,50,33,33,30,27,27,27,27,43,33,53,100,50,37,30,43,47,50,20,20,7,100,47,20,33,27,17,50,30,50,53,50,53,60,87,33,33,47,13,50,17,43,33,50,33,33,30,27,27,27,27,Premier League
Coventry City,dacoc20k0n3fxu4zek8wufmko,etzj9ltadjsvkmahib7hor90q,M. van Ewijk,Milan van Ewijk,25,Defender,Netherlands,Defender,6.0,0.0,8.0,0.0,14.0,0.0,0.0,0.0,0.0,0.0,0.0,0.0,1.0,3.0,90.0,0.0,1.0,0.0,1.0,0.0,0.0,0.0,0.0,0.0,0.0,0.0,73.68,0.0,0.0,0.0,0.0,20.0,0.0,0.0,0.0,0.0,0.0,0.0,0.0,0.0,0.0,0.0,0.0,0.0,6.0,0.0,8.0,0.0,14.0,0.0,0.0,0.0,0.0,0.0,0.0,0.0,1.0,3.0,0.0,1.0,0.0,1.0,0.0,0.0,0.0,0.0,0.0,0.0,0.0,73.68,0.0,0.0,0.0,0.0,20.0,0.0,0.0,0.0,0.0,0.0,0.0,0.0,0.0,0.0,0.0,0.0,0.0,RB/RCB,8,42,33,21,17,25,33,29,42,42,29,29,8,54,46,62,38,54,25,38,21,54,54,54,46,25,21,42,38,46,8,25,25,38,42,42,38,38,46,42,33,33,33,8,42,33,21,17,25,33,29,42,42,29,29,8,54,46,62,38,54,25,38,21,54,54,54,46,25,21,42,38,46,8,25,25,38,42,42,38,38,46,42,33,33,33,Premier League
Crystal Palace,1c8m2ko0wxq1asfkuykurdr0y,5nsag404623qznyyizl8yuwkq,C. Richards,Chris Richards,26,Defender,USA,Defender,51.0,0.0,11.0,1.0,62.0,1.0,0.0,0.0,0.0,0.0,1.0,1.0,4.0,9.0,90.0,0.0,0.0,1.0,2.0,2.0,0.0,0.0,0.0,0.0,0.0,0.0,92.54,25.0,0.0,100.0,0.0,50.0,25.0,100.0,0.0,0.0,0.0,0.0,0.0,0.0,0.0,0.0,0.0,0.0,51.0,0.0,11.0,1.0,62.0,1.0,0.0,0.0,0.0,0.0,1.0,1.0,4.0,9.0,0.0,0.0,1.0,2.0,2.0,0.0,0.0,0.0,0.0,0.0,0.0,92.54,25.0,0.0,100.0,0.0,50.0,25.0,100.0,0.0,0.0,0.0,0.0,0.0,0.0,0.0,0.0,0.0,0.0,CB,95,47,37,28,71,26,38,29,33,44,86,86,47,91,44,22,94,86,82,41,26,51,51,50,50,72,32,47,95,44,44,32,88,33,41,47,38,38,41,29,29,28,28,95,47,37,28,71,26,38,29,33,44,86,86,47,91,44,22,94,86,82,41,26,51,51,50,50,72,32,47,95,44,44,32,88,33,41,47,38,38,41,29,29,28,28,Premier League
Crystal Palace,1c8m2ko0wxq1asfkuykurdr0y,6dqnwhx0eglxhelidxg0dphm2,T. Mitchell,Tyrick Mitchell,26,Defender,England,Defender,7.0,0.0,20.0,0.0,27.0,0.0,1.0,0.0,0.0,0.0,1.0,1.0,2.0,3.0,90.0,0.0,1.0,0.0,0.0,2.0,0.0,0.0,0.0,0.0,0.0,0.0,90.0,0.0,0.0,0.0,0.0,33.33,0.0,100.0,0.0,0.0534736241519529,0.0,2.0,0.04013334,1.0,2.0,2.0,0.0542772999999999,10.0,7.0,0.0,20.0,0.0,27.0,0.0,1.0,0.0,0.0,0.0,1.0,1.0,2.0,3.0,0.0,1.0,0.0,0.0,2.0,0.0,0.0,0.0,0.0,0.0,0.0,90.0,0.0,0.0,0.0,0.0,33.33,0.0,100.0,0.0,0.0534736241519529,0.0,2.0,0.04013334,1.0,2.0,2.0,0.0542772999999999,10.0,LB/LCB,7,33,60,13,40,13,73,43,47,50,60,57,17,47,47,50,33,27,80,50,30,50,53,50,53,87,13,33,33,47,20,23,87,43,73,50,93,93,77,67,70,60,60,7,33,60,13,40,13,73,43,47,50,60,57,17,47,47,50,33,27,80,50,30,50,53,50,53,87,13,33,33,47,20,23,87,43,73,50,93,93,77,67,70,60,60,Premier League
Crystal Palace,1c8m2ko0wxq1asfkuykurdr0y,9t1ikyd85kvlhv9r0u938836c,J. Canvot,Jaydee Canvot,20,Defender,France,Defender,45.0,0.0,32.0,3.0,77.0,2.0,0.0,1.0,1.0,0.0,1.0,1.0,6.0,2.0,90.0,0.0,1.0,0.0,0.0,3.0,1.0,0.0,0.0,0.0,0.0,0.0,89.53,50.0,0.0,0.0,0.0,66.67,66.67,75.0,0.0754502841205413,0.0,0.0,2.0,0.04336653,2.0,5.0,3.0,0.1199787199999999,51.0,45.0,0.0,32.0,3.0,77.0,2.0,0.0,1.0,1.0,0.0,1.0,1.0,6.0,2.0,0.0,1.0,0.0,0.0,3.0,1.0,0.0,0.0,0.0,0.0,0.0,89.53,50.0,0.0,0.0,0.0,66.67,66.67,75.0,0.0754502841205413,0.0,0.0,2.0,0.04336653,2.0,5.0,3.0,0.1199787199999999,51.0,CB,83,47,77,65,85,50,38,68,76,44,86,86,71,18,44,58,45,27,91,90,26,51,51,50,50,56,56,47,45,44,69,81,69,72,41,47,86,85,91,83,76,79,90,83,47,77,65,85,50,38,68,76,44,86,86,71,18,44,58,45,27,91,90,26,51,51,50,50,56,56,47,45,44,69,81,69,72,41,47,86,85,91,83,76,79,90,Premier League
Crystal Palace,1c8m2ko0wxq1asfkuykurdr0y,asq9gj1a93bltsfd61i6xvqsq,A. Wharton,Adam Wharton,22,Midfielder,England,Midfielder,24.0,0.0,36.0,1.0,60.0,0.0,2.0,0.0,0.0,0.0,1.0,1.0,5.0,1.0,90.0,0.0,0.0,1.0,3.0,0.0,0.0,2.0,0.0,0.0,0.0,0.0,81.08,25.0,0.0,100.0,0.0,50.0,0.0,0.0,0.0,0.1754128518973741,0.0,7.0,0.1510888,4.0,10.0,8.0,0.22789431,44.0,24.0,0.0,36.0,1.0,60.0,0.0,2.0,0.0,0.0,0.0,1.0,1.0,5.0,1.0,0.0,0.0,1.0,3.0,0.0,0.0,2.0,0.0,0.0,0.0,0.0,81.08,25.0,0.0,100.0,0.0,50.0,0.0,0.0,0.0,0.1754128518973741,0.0,7.0,0.1510888,4.0,10.0,8.0,0.22789431,44.0,DM/CM,62,35,85,46,85,38,85,38,46,46,69,69,62,73,42,38,81,88,19,50,73,54,54,50,46,31,38,35,88,42,50,50,19,46,85,50,100,100,100,100,92,92,100,62,35,85,46,85,38,85,38,46,46,69,69,62,73,42,38,81,88,19,50,73,54,54,50,46,31,38,35,88,42,50,50,19,46,85,50,100,100,100,100,92,92,100,Premier League
Crystal Palace,1c8m2ko0wxq1asfkuykurdr0y,az15xx7m923srf9gdbwmiyga1,D. Kamada,Daichi Kamada,30,Midfielder,Japan,Midfielder,31.0,1.0,37.0,0.0,67.0,1.0,2.0,0.0,0.0,0.0,1.0,1.0,6.0,2.0,90.0,0.0,0.0,0.0,1.0,3.0,0.0,2.0,0.0,0.0,0.0,0.0,93.06,0.0,33.33,0.0,0.0,60.0,0.0,100.0,0.0,0.2179270656280445,0.0,3.0,0.06344442,0.0,7.0,3.0,0.34269226,35.0,31.0,1.0,37.0,0.0,67.0,1.0,2.0,0.0,0.0,0.0,1.0,1.0,6.0,2.0,0.0,0.0,0.0,1.0,3.0,0.0,2.0,0.0,0.0,0.0,0.0,93.06,0.0,33.33,0.0,0.0,60.0,0.0,100.0,0.0,0.2179270656280445,0.0,3.0,0.06344442,0.0,7.0,3.0,0.34269226,35.0,DM/CM,92,77,96,19,92,81,85,38,46,46,69,69,85,92,42,38,35,58,96,50,73,54,54,50,46,85,19,77,35,42,62,50,88,46,100,50,85,85,42,85,81,100,85,92,77,96,19,92,81,85,38,46,46,69,69,85,92,42,38,35,58,96,50,73,54,54,50,46,85,19,77,35,42,62,50,88,46,100,50,85,85,42,85,81,100,85,Premier League
Everton,ehd2iemqmschhj2ec0vayztzz,1ph4g125dfsijfjzjpcvpcmlm,J. Branthwaite,Jarrad Branthwaite,24,Defender,England,Defender,24.0,0.0,11.0,4.0,35.0,4.0,0.0,0.0,0.0,0.0,0.0,0.0,6.0,4.0,90.0,0.0,3.0,0.0,1.0,1.0,0.0,0.0,0.0,0.0,0.0,0.0,92.11,100.0,0.0,0.0,0.0,0.0,0.0,50.0,0.0,0.0,0.0,0.0,0.0,0.0,0.0,0.0,0.0,0.0,24.0,0.0,11.0,4.0,35.0,4.0,0.0,0.0,0.0,0.0,0.0,0.0,6.0,4.0,0.0,3.0,0.0,1.0,1.0,0.0,0.0,0.0,0.0,0.0,0.0,92.11,100.0,0.0,0.0,0.0,0.0,0.0,50.0,0.0,0.0,0.0,0.0,0.0,0.0,0.0,0.0,0.0,0.0,LB/LCB,90,33,27,93,73,100,30,43,47,50,20,20,83,67,47,93,33,63,50,50,30,50,53,50,53,93,97,33,33,47,7,23,53,43,33,50,33,33,30,27,27,27,27,90,33,27,93,73,100,30,43,47,50,20,20,83,67,47,93,33,63,50,50,30,50,53,50,53,93,97,33,33,47,7,23,53,43,33,50,33,33,30,27,27,27,27,Premier League
Everton,ehd2iemqmschhj2ec0vayztzz,35jaxclh329duzefna708jk5x,J. Tarkowski,James Tarkowski,33,Defender,England,Defender,16.0,0.0,9.0,2.0,25.0,3.0,0.0,1.0,1.0,0.0,1.0,1.0,6.0,4.0,90.0,0.0,1.0,0.0,3.0,1.0,0.0,2.0,0.0,0.0,0.0,0.0,78.12,33.33,0.0,0.0,0.0,75.0,75.0,100.0,0.1378856364834307,0.0,0.0,0.0,0.0,0.0,5.0,2.0,0.04110941,21.0,16.0,0.0,9.0,2.0,25.0,3.0,0.0,1.0,1.0,0.0,1.0,1.0,6.0,4.0,0.0,1.0,0.0,3.0,1.0,0.0,2.0,0.0,0.0,0.0,0.0,78.12,33.33,0.0,0.0,0.0,75.0,75.0,100.0,0.1378856364834307,0.0,0.0,0.0,0.0,0.0,5.0,2.0,0.04110941,21.0,CB,12,47,27,50,12,71,38,68,76,44,86,86,71,45,44,58,45,99,64,41,87,51,51,50,50,14,38,47,45,44,86,94,88,79,41,47,38,38,41,83,65,62,67,12,47,27,50,12,71,38,68,76,44,86,86,71,45,44,58,45,99,64,41,87,51,51,50,50,14,38,47,45,44,86,94,88,79,41,47,38,38,41,83,65,62,67,Premier League
Everton,ehd2iemqmschhj2ec0vayztzz,3dm2bfuoyips4rbj0vhvbp9be,I. Ndiaye,Iliman Ndiaye,26,Attacker,Senegal,Striker,15.0,1.0,24.0,1.0,38.0,0.0,3.0,2.0,2.0,0.0,4.0,4.0,6.0,0.0,90.0,2.0,9.0,1.0,0.0,1.0,0.0,1.0,0.0,0.0,0.0,1.0,86.36,100.0,50.0,25.0,100.0,40.0,0.0,25.0,0.211678653180957,0.2823997958094495,0.0,4.0,0.12404336,1.0,4.0,1.0,0.3058266399999999,18.0,15.0,1.0,24.0,1.0,38.0,0.0,3.0,2.0,2.0,0.0,4.0,4.0,6.0,0.0,2.0,9.0,1.0,0.0,1.0,0.0,1.0,0.0,0.0,0.0,1.0,86.36,100.0,50.0,25.0,100.0,40.0,0.0,25.0,0.211678653180957,0.2823997958094495,0.0,4.0,0.12404336,1.0,4.0,1.0,0.3058266399999999,18.0,ST,86,86,86,68,89,18,100,43,57,32,100,89,79,29,86,100,71,39,82,29,54,54,54,43,93,75,89,96,50,89,32,25,75,57,100,39,86,79,71,93,54,100,100,86,86,86,68,89,18,100,43,57,32,100,89,79,29,86,100,71,39,82,29,54,54,54,43,93,75,89,96,50,89,32,25,75,57,100,39,86,79,71,93,54,100,100,Premier League
Everton,ehd2iemqmschhj2ec0vayztzz,5n7vp6g13q7sxkzbygfbz27oq,M. Röhl,Merlin Röhl,24,Midfielder,Germany,Midfielder,16.0,0.0,15.0,4.0,31.0,3.0,1.0,0.0,0.0,0.0,1.0,1.0,5.0,2.0,90.0,0.0,1.0,0.0,0.0,1.0,0.0,0.0,0.0,0.0,0.0,0.0,73.81,80.0,0.0,0.0,0.0,71.43,75.0,50.0,0.0,0.0936633064413454,0.0,3.0,0.06684108,1.0,2.0,1.0,0.10621533,15.0,16.0,0.0,15.0,4.0,31.0,3.0,1.0,0.0,0.0,0.0,1.0,1.0,5.0,2.0,0.0,1.0,0.0,0.0,1.0,0.0,0.0,0.0,0.0,0.0,0.0,73.81,80.0,0.0,0.0,0.0,71.43,75.0,50.0,0.0,0.0936633064413454,0.0,3.0,0.06684108,1.0,2.0,1.0,0.10621533,15.0,CM/AM,67,39,44,89,56,100,61,22,33,28,39,39,72,67,33,22,44,39,56,39,28,56,50,39,50,22,89,39,44,33,100,100,50,22,56,28,61,56,61,50,28,78,67,67,39,44,89,56,100,61,22,33,28,39,39,72,67,33,22,44,39,56,39,28,56,50,39,50,22,89,39,44,33,100,100,50,22,56,28,61,56,61,50,28,78,67,Premier League
Everton,ehd2iemqmschhj2ec0vayztzz,9o1vesnpfiucpoq35ihhpstex,V. Mykolenko,Vitalii Mykolenko,27,Defender,Ukraine,Defender,12.0,0.0,21.0,1.0,33.0,3.0,1.0,0.0,0.0,0.0,1.0,1.0,4.0,4.0,90.0,0.0,1.0,0.0,0.0,0.0,0.0,2.0,0.0,0.0,0.0,0.0,84.62,50.0,0.0,0.0,0.0,50.0,60.0,0.0,0.0,0.0485695831147969,0.0,2.0,0.03356873,1.0,5.0,2.0,0.1004298799999999,21.0,12.0,0.0,21.0,1.0,33.0,3.0,1.0,0.0,0.0,0.0,1.0,1.0,4.0,4.0,0.0,1.0,0.0,0.0,0.0,0.0,2.0,0.0,0.0,0.0,0.0,84.62,50.0,0.0,0.0,0.0,50.0,60.0,0.0,0.0,0.0485695831147969,0.0,2.0,0.03356873,1.0,5.0,2.0,0.1004298799999999,21.0,LB/LCB,43,33,67,47,63,90,73,43,47,50,60,57,47,67,47,50,33,27,17,50,97,50,53,50,53,53,63,33,33,47,57,80,17,43,67,50,93,87,77,90,70,73,80,43,33,67,47,63,90,73,43,47,50,60,57,47,67,47,50,33,27,17,50,97,50,53,50,53,53,63,33,33,47,57,80,17,43,67,50,93,87,77,90,70,73,80,Premier League
Everton,ehd2iemqmschhj2ec0vayztzz,d84upyw8b3umj864lyffolyj8,H. Armstrong,Harrison Armstrong,19,Midfielder,England,Midfielder,20.0,0.0,14.0,0.0,34.0,0.0,1.0,0.0,0.0,0.0,2.0,3.0,4.0,1.0,90.0,0.0,2.0,0.0,1.0,1.0,0.0,2.0,0.0,0.0,0.0,1.0,89.47,0.0,0.0,0.0,0.0,40.0,0.0,50.0,0.0,0.0694797114812074,0.0,1.0,0.01685596,0.0,0.0,1.0,0.0543832099999999,23.0,20.0,0.0,14.0,0.0,34.0,0.0,1.0,0.0,0.0,0.0,2.0,3.0,4.0,1.0,0.0,2.0,0.0,1.0,1.0,0.0,2.0,0.0,0.0,0.0,1.0,89.47,0.0,0.0,0.0,0.0,40.0,0.0,50.0,0.0,0.0694797114812074,0.0,1.0,0.01685596,0.0,0.0,1.0,0.0543832099999999,23.0,DM/CM,54,35,35,19,38,38,54,38,46,46,92,92,35,73,42,85,35,58,58,50,73,54,54,50,96,65,19,35,35,42,38,50,54,46,62,50,69,69,42,31,58,69,77,54,35,35,19,38,38,54,38,46,46,92,92,35,73,42,85,35,58,58,50,73,54,54,50,96,65,19,35,35,42,38,50,54,46,62,50,69,69,42,31,58,69,77,Premier League
Fulham,hzqh7z0mdl3v7gwete66syxp,4jqgl7x5ewke1u0sy2cbkqfhl,C. Bassey,Calvin Bassey,26,Defender,Nigeria,Defender,43.0,0.0,38.0,12.0,81.0,0.0,0.0,1.0,0.0,1.0,2.0,2.0,2.0,3.0,90.0,0.0,0.0,0.0,0.0,1.0,1.0,1.0,0.0,0.0,0.0,0.0,91.01,75.0,0.0,0.0,0.0,40.0,0.0,100.0,0.0558167289814295,0.0,1.0,1.0,0.01935132,2.0,15.0,12.0,0.18966934,49.0,43.0,0.0,38.0,12.0,81.0,0.0,0.0,1.0,0.0,1.0,2.0,2.0,2.0,3.0,0.0,0.0,0.0,0.0,1.0,1.0,1.0,0.0,0.0,0.0,0.0,91.01,75.0,0.0,0.0,0.0,40.0,0.0,100.0,0.0558167289814295,0.0,1.0,1.0,0.01935132,2.0,15.0,12.0,0.18966934,49.0,CB,77,47,82,100,90,8,38,68,33,94,99,99,21,29,44,22,45,27,64,90,64,51,51,50,50,62,91,47,45,44,23,15,88,69,41,97,79,79,91,100,99,90,87,77,47,82,100,90,8,38,68,33,94,99,99,21,29,44,22,45,27,64,90,64,51,51,50,50,62,91,47,45,44,23,15,88,69,41,97,79,79,91,100,99,90,87,Premier League
Fulham,hzqh7z0mdl3v7gwete66syxp,4o9d3hpjlicgce9gtbewyzhn8,Gonzalo García,Gonzalo García,22,Attacker,Spain,Striker,10.0,0.0,13.0,0.0,23.0,4.0,0.0,3.0,2.0,1.0,3.0,3.0,8.0,0.0,90.0,1.0,2.0,1.0,0.0,0.0,2.0,2.0,0.0,0.0,1.0,0.0,85.19,0.0,0.0,33.33,33.33,47.06,66.67,0.0,0.4803302278048944,0.0,0.0,0.0,0.0,0.0,2.0,1.0,0.01587239,6.0,10.0,0.0,13.0,0.0,23.0,4.0,0.0,3.0,2.0,1.0,3.0,3.0,8.0,0.0,1.0,2.0,1.0,0.0,0.0,2.0,2.0,0.0,0.0,1.0,0.0,85.19,0.0,0.0,33.33,33.33,47.06,66.67,0.0,0.4803302278048944,0.0,0.0,0.0,0.0,0.0,2.0,1.0,0.01587239,6.0,LW,100,67,33,67,67,100,33,67,83,33,67,50,100,33,83,33,67,50,50,67,67,67,67,83,67,67,67,67,67,100,100,100,50,100,50,50,50,50,50,83,83,67,67,100,67,33,67,67,100,33,67,83,33,67,50,100,33,83,33,67,50,50,67,67,67,67,83,67,67,67,67,67,100,100,100,50,100,50,50,50,50,50,83,83,67,67,Premier League
Fulham,hzqh7z0mdl3v7gwete66syxp,4oh051knl4dkgju4yvj7xlwr8,J. King,Josh King,19,Midfielder,England,Midfielder,12.0,0.0,16.0,0.0,28.0,0.0,1.0,3.0,1.0,2.0,3.0,3.0,3.0,2.0,90.0,2.0,9.0,0.0,0.0,2.0,0.0,1.0,0.0,0.0,1.0,0.0,77.78,0.0,0.0,0.0,66.67,30.0,0.0,100.0,0.1813338874195781,0.0833880140079663,2.0,2.0,0.05678805,0.0,0.0,0.0,0.00830879,3.0,12.0,0.0,16.0,0.0,28.0,0.0,1.0,3.0,1.0,2.0,3.0,3.0,3.0,2.0,2.0,9.0,0.0,0.0,2.0,0.0,1.0,0.0,0.0,1.0,0.0,77.78,0.0,0.0,0.0,66.67,30.0,0.0,100.0,0.1813338874195781,0.0833880140079663,2.0,2.0,0.05678805,0.0,0.0,0.0,0.00830879,3.0,CM/AM,56,39,56,11,44,33,61,83,83,72,89,89,33,67,100,100,44,39,94,39,56,56,50,89,50,44,11,39,44,100,22,44,89,78,44,89,44,44,17,11,11,11,11,56,39,56,11,44,33,61,83,83,72,89,89,33,67,100,100,44,39,94,39,56,56,50,89,50,44,11,39,44,100,22,44,89,78,44,89,44,44,17,11,11,11,11,Premier League
Fulham,hzqh7z0mdl3v7gwete66syxp,8kb5h8df97ju107n9ibigo1cl,A. Iwobi,Alex Iwobi,30,Attacker,Nigeria,Striker,40.0,1.0,44.0,7.0,83.0,0.0,0.0,0.0,0.0,0.0,0.0,0.0,1.0,0.0,90.0,0.0,0.0,0.0,3.0,1.0,0.0,0.0,0.0,0.0,0.0,0.0,90.22,77.78,50.0,0.0,0.0,25.0,0.0,100.0,0.0,0.0,0.0,0.0,0.0,0.0,0.0,0.0,0.0,0.0,40.0,1.0,44.0,7.0,83.0,0.0,0.0,0.0,0.0,0.0,0.0,0.0,1.0,0.0,0.0,0.0,0.0,3.0,1.0,0.0,0.0,0.0,0.0,0.0,0.0,90.22,77.78,50.0,0.0,0.0,25.0,0.0,100.0,0.0,0.0,0.0,0.0,0.0,0.0,0.0,0.0,0.0,0.0,ST,100,86,100,100,100,18,25,7,7,32,11,11,7,29,18,7,25,100,82,29,21,54,54,43,43,100,71,96,25,18,11,25,93,18,36,39,21,21,32,29,25,18,18,100,86,100,100,100,18,25,7,7,32,11,11,7,29,18,7,25,100,82,29,21,54,54,43,43,100,71,96,25,18,11,25,93,18,36,39,21,21,32,29,25,18,18,Premier League
Fulham,hzqh7z0mdl3v7gwete66syxp,aza9jho12wrfa3oczxoj670mh,Jorge Cuenca,Jorge Cuenca,26,Defender,Spain,Defender,51.0,0.0,26.0,6.0,77.0,2.0,2.0,0.0,0.0,0.0,0.0,0.0,3.0,5.0,90.0,0.0,0.0,0.0,1.0,1.0,0.0,0.0,0.0,0.0,0.0,0.0,88.51,54.55,0.0,0.0,0.0,75.0,66.67,100.0,0.0,0.1578002765945457,0.0,1.0,0.01870347,0.0,5.0,5.0,0.18347083,54.0,51.0,0.0,26.0,6.0,77.0,2.0,2.0,0.0,0.0,0.0,0.0,0.0,3.0,5.0,0.0,0.0,0.0,1.0,1.0,0.0,0.0,0.0,0.0,0.0,0.0,88.51,54.55,0.0,0.0,0.0,75.0,66.67,100.0,0.0,0.1578002765945457,0.0,1.0,0.01870347,0.0,5.0,5.0,0.18347083,54.0,CB,95,47,67,88,85,50,96,29,33,44,38,38,36,60,44,22,45,64,64,41,26,51,51,50,50,51,69,47,45,44,86,81,88,33,95,47,79,77,41,83,88,87,92,95,47,67,88,85,50,96,29,33,44,38,38,36,60,44,22,45,64,64,41,26,51,51,50,50,51,69,47,45,44,86,81,88,33,95,47,79,77,41,83,88,87,92,Premier League
Fulham,hzqh7z0mdl3v7gwete66syxp,p87gxg8kc9ta6iipqt5fxmtx,T. Castagne,Timothy Castagne,30,Defender,Belgium,Defender,15.0,1.0,20.0,1.0,34.0,3.0,2.0,1.0,1.0,0.0,1.0,1.0,7.0,3.0,90.0,1.0,4.0,1.0,1.0,1.0,0.0,2.0,0.0,0.0,0.0,1.0,79.07,25.0,50.0,100.0,100.0,63.64,75.0,100.0,0.0931079016613686,0.2071407943666922,0.0,1.0,0.0174506,0.0,2.0,2.0,0.26653298,11.0,15.0,1.0,20.0,1.0,34.0,3.0,2.0,1.0,1.0,0.0,1.0,1.0,7.0,3.0,1.0,4.0,1.0,1.0,1.0,0.0,2.0,0.0,0.0,0.0,1.0,79.07,25.0,50.0,100.0,100.0,63.64,75.0,100.0,0.0931079016613686,0.2071407943666922,0.0,1.0,0.0174506,0.0,2.0,2.0,0.26653298,11.0,RB/RCB,62,92,75,54,58,88,83,75,92,42,62,62,92,54,96,88,88,54,71,38,67,54,54,54,96,50,62,92,100,100,83,92,79,92,83,42,79,83,46,88,75,100,75,62,92,75,54,58,88,83,75,92,42,62,62,92,54,96,88,88,54,71,38,67,54,54,54,96,50,62,92,100,100,83,92,79,92,83,42,79,83,46,88,75,100,75,Premier League
Hull City,f0figafm2v9h8ofo6slajj7xf,4na6y8lqidwajp19myp5l7bvt,R. Slater,Regan Slater,26,Midfielder,England,Midfielder,12.0,2.0,9.0,1.0,19.0,0.0,1.0,0.0,0.0,0.0,0.0,0.0,1.0,0.0,90.0,0.0,0.0,0.0,0.0,1.0,0.0,0.0,0.0,0.0,0.0,1.0,90.48,50.0,100.0,0.0,0.0,20.0,0.0,100.0,0.0,0.1791919148596258,0.0,0.0,0.0,0.0,1.0,2.0,0.0288472499999999,8.0,12.0,2.0,9.0,1.0,19.0,0.0,1.0,0.0,0.0,0.0,0.0,0.0,1.0,0.0,0.0,0.0,0.0,0.0,1.0,0.0,0.0,0.0,0.0,0.0,1.0,90.48,50.0,100.0,0.0,0.0,20.0,0.0,100.0,0.0,0.1791919148596258,0.0,0.0,0.0,0.0,1.0,2.0,0.0288472499999999,8.0,DM/CM,15,92,15,46,15,38,54,38,46,46,27,27,8,31,42,38,35,23,58,50,8,54,54,50,96,77,58,96,35,42,8,50,88,46,92,50,35,35,42,62,69,54,54,15,92,15,46,15,38,54,38,46,46,27,27,8,31,42,38,35,23,58,50,8,54,54,50,96,77,58,96,35,42,8,50,88,46,92,50,35,35,42,62,69,54,54,Premier League
Hull City,f0figafm2v9h8ofo6slajj7xf,9hbuqi8dt37uxk3ec2oj1s1zo,M. Belloumi,Mohamed Belloumi,24,Attacker,Algeria,Striker,5.0,0.0,6.0,1.0,11.0,0.0,0.0,2.0,1.0,1.0,2.0,4.0,6.0,1.0,90.0,0.0,2.0,1.0,1.0,1.0,0.0,1.0,0.0,0.0,0.0,0.0,68.75,33.33,0.0,50.0,0.0,60.0,0.0,25.0,0.1380840882445762,0.0,1.0,1.0,0.02385149,0.0,2.0,0.0,0.0169500599999999,4.0,5.0,0.0,6.0,1.0,11.0,0.0,0.0,2.0,1.0,1.0,2.0,4.0,6.0,1.0,0.0,2.0,1.0,1.0,1.0,0.0,1.0,0.0,0.0,0.0,0.0,68.75,33.33,0.0,50.0,0.0,60.0,0.0,25.0,0.1380840882445762,0.0,1.0,1.0,0.02385149,0.0,2.0,0.0,0.0169500599999999,4.0,ST,54,39,18,68,36,18,25,43,29,82,64,89,79,68,18,25,71,82,82,29,54,54,54,43,43,32,57,39,68,18,93,25,75,50,36,86,50,50,32,75,25,43,54,54,39,18,68,36,18,25,43,29,82,64,89,79,68,18,25,71,82,82,29,54,54,54,43,43,32,57,39,68,18,93,25,75,50,36,86,50,50,32,75,25,43,54,Premier League
Hull City,f0figafm2v9h8ofo6slajj7xf,al2o9s4x633kg6mveprla1ped,M. Crooks,Matt Crooks,32,Midfielder,England,Midfielder,11.0,0.0,4.0,0.0,15.0,3.0,0.0,0.0,0.0,0.0,0.0,0.0,8.0,2.0,90.0,0.0,0.0,0.0,0.0,3.0,0.0,1.0,0.0,0.0,0.0,0.0,71.43,0.0,0.0,0.0,0.0,61.54,0.0,75.0,0.0,0.0,0.0,0.0,0.0,0.0,0.0,0.0,0.0,0.0,11.0,0.0,4.0,0.0,15.0,3.0,0.0,0.0,0.0,0.0,0.0,0.0,8.0,2.0,0.0,0.0,0.0,0.0,3.0,0.0,1.0,0.0,0.0,0.0,0.0,71.43,0.0,0.0,0.0,0.0,61.54,0.0,75.0,0.0,0.0,0.0,0.0,0.0,0.0,0.0,0.0,0.0,0.0,RM/RCM,50,50,50,50,50,100,50,50,50,50,50,50,100,100,50,50,50,50,100,50,75,75,75,50,75,50,50,50,50,50,100,75,100,50,50,75,50,50,50,50,50,50,50,50,50,50,50,50,100,50,50,50,50,50,50,100,100,50,50,50,50,100,50,75,75,75,50,75,50,50,50,50,50,100,75,100,50,50,75,50,50,50,50,50,50,50,Premier League
Hull City,f0figafm2v9h8ofo6slajj7xf,b2ak3yqqaexteldtl135erpx,J. Egan,John Egan,33,Defender,Republic of Ireland,Defender,21.0,0.0,4.0,1.0,25.0,1.0,0.0,0.0,0.0,0.0,0.0,0.0,2.0,17.0,90.0,0.0,1.0,0.0,0.0,0.0,0.0,0.0,0.0,0.0,0.0,0.0,78.12,33.33,0.0,0.0,0.0,66.67,50.0,0.0,0.0,0.0,0.0,0.0,0.0,0.0,0.0,0.0,0.0,0.0,21.0,0.0,4.0,1.0,25.0,1.0,0.0,0.0,0.0,0.0,0.0,0.0,2.0,17.0,0.0,1.0,0.0,0.0,0.0,0.0,0.0,0.0,0.0,0.0,0.0,78.12,33.33,0.0,0.0,0.0,66.67,50.0,0.0,0.0,0.0,0.0,0.0,0.0,0.0,0.0,0.0,0.0,0.0,CB,22,47,6,28,12,26,38,29,33,44,38,38,21,100,44,58,45,27,26,41,26,51,51,50,50,14,38,47,45,44,69,56,26,33,41,47,38,38,41,29,29,28,28,22,47,6,28,12,26,38,29,33,44,38,38,21,100,44,58,45,27,26,41,26,51,51,50,50,14,38,47,45,44,69,56,26,33,41,47,38,38,41,29,29,28,28,Premier League
Hull City,f0figafm2v9h8ofo6slajj7xf,d3hg7lo01o84dsvzud3b6vsnp,O. McBurnie,Oliver McBurnie,30,Attacker,Scotland,Striker,3.0,0.0,8.0,2.0,11.0,4.0,2.0,2.0,2.0,0.0,1.0,2.0,7.0,3.0,90.0,2.0,3.0,1.0,0.0,0.0,0.0,2.0,0.0,0.0,0.0,0.0,61.11,100.0,0.0,100.0,100.0,43.75,36.36,0.0,0.2590724771927828,0.098985507593296,0.0,0.0,0.0,0.0,5.0,2.0,0.0428436099999999,7.0,3.0,0.0,8.0,2.0,11.0,4.0,2.0,2.0,2.0,0.0,1.0,2.0,7.0,3.0,2.0,3.0,1.0,0.0,0.0,0.0,2.0,0.0,0.0,0.0,0.0,61.11,100.0,0.0,100.0,100.0,43.75,36.36,0.0,0.2590724771927828,0.098985507593296,0.0,0.0,0.0,0.0,5.0,2.0,0.0428436099999999,7.0,ST,36,39,39,93,36,89,89,43,57,32,36,54,93,100,86,36,71,39,36,29,82,54,54,43,43,21,89,39,93,89,43,57,36,64,71,39,21,21,32,100,75,64,82,36,39,39,93,36,89,89,43,57,32,36,54,93,100,86,36,71,39,36,29,82,54,54,43,43,21,89,39,93,89,43,57,36,64,71,39,21,21,32,100,75,64,82,Premier League
Ipswich Town,8b523ujgl21tbc01me65q0aoh,a9352zsh3xr7rcxs0jmho7o8a,L. Davis,Leif Davis,26,Defender,England,Defender,13.0,0.0,12.0,1.0,25.0,2.0,0.0,0.0,0.0,0.0,0.0,0.0,3.0,5.0,90.0,0.0,0.0,0.0,1.0,0.0,0.0,1.0,1.0,0.0,0.0,0.0,80.65,50.0,0.0,0.0,0.0,75.0,0.0,0.0,0.0,0.0,0.0,0.0,0.0,0.0,0.0,0.0,0.0,0.0,13.0,0.0,12.0,1.0,25.0,2.0,0.0,0.0,0.0,0.0,0.0,0.0,3.0,5.0,0.0,0.0,0.0,1.0,0.0,0.0,1.0,1.0,0.0,0.0,0.0,80.65,50.0,0.0,0.0,0.0,75.0,0.0,0.0,0.0,0.0,0.0,0.0,0.0,0.0,0.0,0.0,0.0,0.0,LB/LCB,53,33,33,47,33,67,30,43,47,50,20,20,30,87,47,20,33,63,17,50,73,100,53,50,53,40,63,33,33,47,93,23,17,43,33,50,33,33,30,27,27,27,27,53,33,33,47,33,67,30,43,47,50,20,20,30,87,47,20,33,63,17,50,73,100,53,50,53,40,63,33,33,47,93,23,17,43,33,50,33,33,30,27,27,27,27,Premier League
Ipswich Town,8b523ujgl21tbc01me65q0aoh,cdrzpuj49ploquvdolgh5c3bp,S. Lukić,Sasa Lukic,30,Midfielder,Serbia,Midfielder,19.0,0.0,19.0,2.0,38.0,0.0,1.0,0.0,0.0,0.0,1.0,1.0,1.0,1.0,90.0,0.0,1.0,0.0,1.0,1.0,0.0,0.0,0.0,0.0,0.0,1.0,84.44,40.0,0.0,0.0,0.0,14.29,0.0,100.0,0.0,0.0938079899108966,0.0,1.0,0.0241224,0.0,4.0,3.0,0.06085085,17.0,19.0,0.0,19.0,2.0,38.0,0.0,1.0,0.0,0.0,0.0,1.0,1.0,1.0,1.0,0.0,1.0,0.0,1.0,1.0,0.0,0.0,0.0,0.0,0.0,1.0,84.44,40.0,0.0,0.0,0.0,14.29,0.0,100.0,0.0,0.0938079899108966,0.0,1.0,0.0241224,0.0,4.0,3.0,0.06085085,17.0,CM/AM,89,39,67,44,78,33,61,22,33,28,39,39,17,39,33,22,44,83,56,39,28,56,50,39,100,78,33,39,44,33,11,44,89,22,67,28,22,22,17,72,72,44,78,89,39,67,44,78,33,61,22,33,28,39,39,17,39,33,22,44,83,56,39,28,56,50,39,100,78,33,39,44,33,11,44,89,22,67,28,22,22,17,72,72,44,78,Premier League
Ipswich Town,8b523ujgl21tbc01me65q0aoh,chn2v9j6dqmuz2haoiuulbd91,I. Diop,Issa Diop,29,Defender,Morocco,Defender,25.0,0.0,6.0,0.0,31.0,0.0,0.0,0.0,0.0,0.0,0.0,0.0,1.0,2.0,90.0,0.0,1.0,0.0,2.0,1.0,0.0,0.0,0.0,0.0,0.0,0.0,79.49,0.0,0.0,0.0,0.0,14.29,0.0,100.0,0.0,0.0,0.0,0.0,0.0,0.0,0.0,0.0,0.0,0.0,25.0,0.0,6.0,0.0,31.0,0.0,0.0,0.0,0.0,0.0,0.0,0.0,1.0,2.0,0.0,1.0,0.0,2.0,1.0,0.0,0.0,0.0,0.0,0.0,0.0,79.49,0.0,0.0,0.0,0.0,14.29,0.0,100.0,0.0,0.0,0.0,0.0,0.0,0.0,0.0,0.0,0.0,0.0,CB,41,47,15,8,23,8,38,29,33,44,38,38,8,18,44,58,45,86,64,41,26,51,51,50,50,26,8,47,45,44,8,15,88,33,41,47,38,38,41,29,29,28,28,41,47,15,8,23,8,38,29,33,44,38,38,8,18,44,58,45,86,64,41,26,51,51,50,50,26,8,47,45,44,8,15,88,33,41,47,38,38,41,29,29,28,28,Premier League
Ipswich Town,8b523ujgl21tbc01me65q0aoh,dw5enxkcunwwewbmz8xq5ceeh,D. O'Shea,Dara O'Shea,27,Defender,Republic of Ireland,Defender,15.0,1.0,10.0,1.0,24.0,4.0,2.0,0.0,0.0,0.0,0.0,0.0,8.0,12.0,90.0,0.0,1.0,0.0,2.0,1.0,0.0,2.0,0.0,0.0,0.0,0.0,66.67,14.29,100.0,0.0,0.0,80.0,80.0,50.0,0.0,0.2289574323327258,0.0,0.0,0.0,0.0,0.0,3.0,0.18570516,15.0,15.0,1.0,10.0,1.0,24.0,4.0,2.0,0.0,0.0,0.0,0.0,0.0,8.0,12.0,0.0,1.0,0.0,2.0,1.0,0.0,2.0,0.0,0.0,0.0,0.0,66.67,14.29,100.0,0.0,0.0,80.0,80.0,50.0,0.0,0.2289574323327258,0.0,0.0,0.0,0.0,0.0,3.0,0.18570516,15.0,RB/RCB,62,92,50,54,50,100,83,29,42,42,29,29,100,100,46,62,38,92,71,38,67,54,54,54,46,8,42,100,38,46,100,100,50,38,92,42,38,38,46,42,83,92,83,62,92,50,54,50,100,83,29,42,42,29,29,100,100,46,62,38,92,71,38,67,54,54,54,46,8,42,100,38,46,100,100,50,38,92,42,38,38,46,42,83,92,83,Premier League
Ipswich Town,8b523ujgl21tbc01me65q0aoh,efmz0q74eh8wbjxxn31dv2puy,J. Greaves,Jacob Greaves,25,Defender,England,Defender,22.0,0.0,12.0,1.0,34.0,3.0,0.0,0.0,0.0,0.0,0.0,0.0,8.0,4.0,90.0,0.0,0.0,0.0,0.0,2.0,0.0,2.0,0.0,0.0,0.0,0.0,82.93,20.0,0.0,0.0,0.0,80.0,60.0,66.67,0.0,0.0,0.0,0.0,0.0,0.0,0.0,0.0,0.0,0.0,22.0,0.0,12.0,1.0,34.0,3.0,0.0,0.0,0.0,0.0,0.0,0.0,8.0,4.0,0.0,0.0,0.0,0.0,2.0,0.0,2.0,0.0,0.0,0.0,0.0,82.93,20.0,0.0,0.0,0.0,80.0,60.0,66.67,0.0,0.0,0.0,0.0,0.0,0.0,0.0,0.0,0.0,0.0,CB,28,47,41,28,29,71,38,29,33,44,38,38,86,45,44,22,45,27,82,41,87,51,51,50,50,36,23,47,45,44,91,69,67,33,41,47,38,38,41,29,29,28,28,28,47,41,28,29,71,38,29,33,44,38,38,86,45,44,22,45,27,82,41,87,51,51,50,50,36,23,47,45,44,91,69,67,33,41,47,38,38,41,29,29,28,28,Premier League
Leeds United,48gk2hpqtsl6p9sx9kjhaydq4,17inz8artrqynbg3qbme42r8q,T. Muharemović,Tarik Muharemovic,23,Defender,Bosnia and Herzegovina,Defender,25.0,0.0,8.0,3.0,33.0,2.0,0.0,1.0,1.0,0.0,0.0,0.0,2.0,5.0,90.0,1.0,1.0,0.0,2.0,0.0,0.0,0.0,0.0,0.0,0.0,0.0,89.19,60.0,0.0,0.0,100.0,25.0,28.57,0.0,0.1518549832282731,0.0,0.0,0.0,0.0,1.0,2.0,3.0,0.0557356299999999,24.0,25.0,0.0,8.0,3.0,33.0,2.0,0.0,1.0,1.0,0.0,0.0,0.0,2.0,5.0,1.0,1.0,0.0,2.0,0.0,0.0,0.0,0.0,0.0,0.0,0.0,89.19,60.0,0.0,0.0,100.0,25.0,28.57,0.0,0.1518549832282731,0.0,0.0,0.0,0.0,1.0,2.0,3.0,0.0557356299999999,24.0,CB,41,47,21,65,26,50,38,68,76,44,38,38,21,60,94,58,45,86,26,41,26,51,51,50,50,54,73,47,45,99,17,36,26,85,41,47,38,38,85,69,76,64,74,41,47,21,65,26,50,38,68,76,44,38,38,21,60,94,58,45,86,26,41,26,51,51,50,50,54,73,47,45,99,17,36,26,85,41,47,38,38,85,69,76,64,74,Premier League
Leeds United,48gk2hpqtsl6p9sx9kjhaydq4,374kcix9j7e1cob4uxmfncwyd,D. Calvert-Lewin,Dominic Calvert-Lewin,29,Attacker,England,Striker,1.0,0.0,4.0,0.0,5.0,4.0,0.0,3.0,2.0,1.0,0.0,0.0,4.0,0.0,90.0,0.0,2.0,0.0,0.0,0.0,2.0,0.0,0.0,0.0,0.0,0.0,35.71,0.0,0.0,0.0,0.0,33.33,44.44,0.0,0.0,0.0,0.0,0.0,0.0,0.0,0.0,0.0,0.0,0.0,1.0,0.0,4.0,0.0,5.0,4.0,0.0,3.0,2.0,1.0,0.0,0.0,4.0,0.0,0.0,2.0,0.0,0.0,0.0,2.0,0.0,0.0,0.0,0.0,0.0,35.71,0.0,0.0,0.0,0.0,33.33,44.44,0.0,0.0,0.0,0.0,0.0,0.0,0.0,0.0,0.0,0.0,0.0,ST,18,39,7,25,7,89,25,68,57,82,11,11,39,29,18,25,25,39,36,100,21,54,54,43,43,7,25,39,25,18,21,64,36,18,36,39,21,21,32,29,25,18,18,18,39,7,25,7,89,25,68,57,82,11,11,39,29,18,25,25,39,36,100,21,54,54,43,43,7,25,39,25,18,21,64,36,18,36,39,21,21,32,29,25,18,18,Premier League
Leeds United,48gk2hpqtsl6p9sx9kjhaydq4,6icypdqtfk2k81ax0i49j5xpl,J. Justin,James Justin,28,Defender,England,Defender,7.0,0.0,6.0,1.0,13.0,4.0,0.0,0.0,0.0,0.0,0.0,0.0,12.0,4.0,90.0,0.0,1.0,0.0,1.0,3.0,0.0,2.0,0.0,0.0,0.0,0.0,65.0,50.0,0.0,0.0,0.0,70.59,57.14,50.0,0.0,0.0,0.0,0.0,0.0,0.0,0.0,0.0,0.0,0.0,7.0,0.0,6.0,1.0,13.0,4.0,0.0,0.0,0.0,0.0,0.0,0.0,12.0,4.0,0.0,1.0,0.0,1.0,3.0,0.0,2.0,0.0,0.0,0.0,0.0,65.0,50.0,0.0,0.0,0.0,70.59,57.14,50.0,0.0,0.0,0.0,0.0,0.0,0.0,0.0,0.0,0.0,0.0,CB,3,47,15,28,3,86,38,29,33,44,38,38,99,45,44,58,45,64,91,41,87,51,51,50,50,3,56,47,45,44,77,64,56,33,41,47,38,38,41,29,29,28,28,3,47,15,28,3,86,38,29,33,44,38,38,99,45,44,58,45,64,91,41,87,51,51,50,50,3,56,47,45,44,77,64,56,33,41,47,38,38,41,29,29,28,28,Premier League
Leeds United,48gk2hpqtsl6p9sx9kjhaydq4,ah0f7tonnst92d8q91j1wll62,J. Bijol,Jaka Bijol,27,Defender,Slovenia,Defender,33.0,0.0,11.0,3.0,44.0,7.0,0.0,2.0,2.0,0.0,0.0,0.0,9.0,9.0,90.0,0.0,3.0,0.0,2.0,1.0,2.0,1.0,0.0,0.0,0.0,0.0,80.0,60.0,0.0,0.0,0.0,56.25,50.0,100.0,0.2179866552688165,0.0,0.0,0.0,0.0,0.0,1.0,3.0,0.04033227,24.0,33.0,0.0,11.0,3.0,44.0,7.0,0.0,2.0,2.0,0.0,0.0,0.0,9.0,9.0,0.0,3.0,0.0,2.0,1.0,2.0,1.0,0.0,0.0,0.0,0.0,80.0,60.0,0.0,0.0,0.0,56.25,50.0,100.0,0.2179866552688165,0.0,0.0,0.0,0.0,0.0,1.0,3.0,0.04033227,24.0,CB,64,47,37,65,45,99,38,90,94,44,38,38,94,91,44,83,45,86,64,100,64,51,51,50,50,28,73,47,45,44,51,56,88,90,41,47,38,38,41,60,76,59,74,64,47,37,65,45,99,38,90,94,44,38,38,94,91,44,83,45,86,64,100,64,51,51,50,50,28,73,47,45,44,51,56,88,90,41,47,38,38,41,60,76,59,74,Premier League
Leeds United,48gk2hpqtsl6p9sx9kjhaydq4,az7owi5t4bclkamjsjuyxzv1l,A. Stach,Anton Stach,27,Midfielder,Germany,Midfielder,6.0,0.0,11.0,2.0,17.0,2.0,0.0,3.0,0.0,3.0,1.0,1.0,9.0,4.0,90.0,1.0,3.0,0.0,4.0,2.0,1.0,4.0,0.0,1.0,1.0,0.0,54.84,40.0,0.0,0.0,33.33,64.29,0.0,66.67,0.0997940884442473,0.0,1.0,1.0,0.05491138,1.0,4.0,1.0,0.0777772499999999,8.0,6.0,0.0,11.0,2.0,17.0,2.0,0.0,3.0,0.0,3.0,1.0,1.0,9.0,4.0,1.0,3.0,0.0,4.0,2.0,1.0,4.0,0.0,1.0,1.0,0.0,54.84,40.0,0.0,0.0,33.33,64.29,0.0,66.67,0.0997940884442473,0.0,1.0,1.0,0.05491138,1.0,4.0,1.0,0.0777772499999999,8.0,CM/AM,22,39,22,44,22,89,22,83,33,94,39,39,100,100,78,56,44,100,94,83,100,56,100,89,50,11,33,39,44,72,89,44,67,56,22,67,22,33,61,72,28,56,44,22,39,22,44,22,89,22,83,33,94,39,39,100,100,78,56,44,100,94,83,100,56,100,89,50,11,33,39,44,72,89,44,67,56,22,67,22,33,61,72,28,56,44,Premier League
Leeds United,48gk2hpqtsl6p9sx9kjhaydq4,dwumn5qew7ae53givnx2p892h,J. Bogle,Jayden Bogle,26,Defender,England,Defender,11.0,0.0,5.0,0.0,16.0,0.0,0.0,0.0,0.0,0.0,2.0,2.0,5.0,1.0,90.0,0.0,0.0,1.0,1.0,1.0,0.0,3.0,0.0,0.0,0.0,0.0,69.57,0.0,0.0,50.0,0.0,50.0,0.0,100.0,0.0,0.0,0.0,0.0,0.0,0.0,0.0,0.0,0.0,0.0,11.0,0.0,5.0,0.0,16.0,0.0,0.0,0.0,0.0,0.0,2.0,2.0,5.0,1.0,0.0,0.0,1.0,1.0,1.0,0.0,3.0,0.0,0.0,0.0,0.0,69.57,0.0,0.0,50.0,0.0,50.0,0.0,100.0,0.0,0.0,0.0,0.0,0.0,0.0,0.0,0.0,0.0,0.0,RB/RCB,42,42,12,21,25,25,33,29,42,42,83,83,71,21,46,25,88,54,71,38,96,54,54,54,46,17,21,42,83,46,46,25,79,38,42,42,38,38,46,42,33,33,33,42,42,12,21,25,25,33,29,42,42,83,83,71,21,46,25,88,54,71,38,96,54,54,54,46,17,21,42,83,46,46,25,79,38,42,42,38,38,46,42,33,33,33,Premier League
Leeds United,48gk2hpqtsl6p9sx9kjhaydq4,f1ma05bi3t1hfbflylx5d9tyh,E. Ampadu,Ethan Ampadu,25,Midfielder,Wales,Midfielder,21.0,0.0,20.0,2.0,41.0,0.0,2.0,0.0,0.0,0.0,1.0,1.0,5.0,3.0,90.0,0.0,0.0,1.0,3.0,1.0,0.0,2.0,0.0,0.0,0.0,0.0,80.39,33.33,0.0,100.0,0.0,41.67,0.0,50.0,0.0,0.1815956942087884,0.0,0.0,0.0,0.0,2.0,4.0,0.0856439799999999,14.0,21.0,0.0,20.0,2.0,41.0,0.0,2.0,0.0,0.0,0.0,1.0,1.0,5.0,3.0,0.0,0.0,1.0,3.0,1.0,0.0,2.0,0.0,0.0,0.0,0.0,80.39,33.33,0.0,100.0,0.0,41.67,0.0,50.0,0.0,0.1815956942087884,0.0,0.0,0.0,0.0,2.0,4.0,0.0856439799999999,14.0,CB,22,47,54,50,41,8,96,29,33,44,86,86,59,29,44,22,94,99,64,41,87,51,51,50,50,31,38,47,95,44,28,15,56,33,97,47,38,38,41,69,83,69,59,22,47,54,50,41,8,96,29,33,44,86,86,59,29,44,22,94,99,64,41,87,51,51,50,50,31,38,47,95,44,28,15,56,33,97,47,38,38,41,69,83,69,59,Premier League
Leeds United,48gk2hpqtsl6p9sx9kjhaydq4,otan631zzfnq2sektkl3ywo9,J. Rodon,Joe Rodon,28,Defender,Wales,Defender,13.0,1.0,6.0,0.0,18.0,4.0,1.0,1.0,1.0,0.0,1.0,1.0,6.0,5.0,90.0,0.0,1.0,0.0,1.0,0.0,1.0,1.0,0.0,0.0,0.0,0.0,72.0,0.0,100.0,0.0,0.0,66.67,0.0,0.0,0.0975689184614607,0.1296947137151987,0.0,0.0,0.0,0.0,1.0,1.0,0.25844208,8.0,13.0,1.0,6.0,0.0,18.0,4.0,1.0,1.0,1.0,0.0,1.0,1.0,6.0,5.0,0.0,1.0,0.0,1.0,0.0,1.0,1.0,0.0,0.0,0.0,0.0,72.0,0.0,100.0,0.0,0.0,66.67,0.0,0.0,0.0975689184614607,0.1296947137151987,0.0,0.0,0.0,0.0,1.0,1.0,0.25844208,8.0,CB,5,97,15,8,5,86,83,68,76,44,86,86,71,60,44,58,45,64,26,90,64,51,51,50,50,8,8,100,45,44,69,15,26,74,85,47,38,38,41,60,59,95,56,5,97,15,8,5,86,83,68,76,44,86,86,71,60,44,58,45,64,26,90,64,51,51,50,50,8,8,100,45,44,69,15,26,74,85,47,38,38,41,60,59,95,56,Premier League
Liverpool,c8h9bw1l82s06h77xxrelzhur,7x6mnev1ob4u5ffmdsvusb4rt,A. Isak,Alexander Isak,26,Attacker,Sweden,Striker,2.0,0.0,8.0,1.0,10.0,3.0,1.0,4.0,4.0,0.0,3.0,3.0,5.0,0.0,90.0,2.0,6.0,0.0,0.0,0.0,1.0,2.0,0.0,0.0,0.0,0.0,76.92,100.0,0.0,0.0,50.0,55.56,0.0,0.0,0.6019101630738047,0.0,0.0,1.0,0.01870347,0.0,2.0,1.0,0.0141713899999999,2.0,2.0,0.0,8.0,1.0,10.0,3.0,1.0,4.0,4.0,0.0,3.0,3.0,5.0,0.0,2.0,6.0,0.0,0.0,0.0,1.0,2.0,0.0,0.0,0.0,0.0,76.92,100.0,0.0,0.0,50.0,55.56,0.0,0.0,0.6019101630738047,0.0,0.0,1.0,0.01870347,0.0,2.0,1.0,0.0141713899999999,2.0,ST,29,39,39,68,21,75,64,86,93,32,86,75,61,29,86,61,25,39,36,75,82,54,54,43,43,50,89,39,25,64,79,25,36,93,36,39,50,43,32,75,54,36,36,29,39,39,68,21,75,64,86,93,32,86,75,61,29,86,61,25,39,36,75,82,54,54,43,43,50,89,39,25,64,79,25,36,93,36,39,50,43,32,75,54,36,36,Premier League
Liverpool,c8h9bw1l82s06h77xxrelzhur,9psfk94nduz6icnuwty5v9all,C. Gakpo,Cody Gakpo,27,Attacker,Netherlands,Striker,2.0,0.0,18.0,0.0,20.0,1.0,3.0,6.0,2.0,4.0,1.0,3.0,7.0,1.0,90.0,1.0,10.0,0.0,3.0,3.0,3.0,3.0,0.0,0.0,1.0,0.0,71.43,0.0,0.0,0.0,16.67,46.67,33.33,100.0,0.4277063869075431,0.268328485411742,4.0,7.0,0.16671632,3.0,2.0,1.0,0.0808733,13.0,2.0,0.0,18.0,0.0,20.0,1.0,3.0,6.0,2.0,4.0,1.0,3.0,7.0,1.0,1.0,10.0,0.0,3.0,3.0,3.0,3.0,0.0,0.0,1.0,0.0,71.43,0.0,0.0,0.0,16.67,46.67,33.33,100.0,0.4277063869075431,0.268328485411742,4.0,7.0,0.16671632,3.0,2.0,1.0,0.0808733,13.0,LW,33,67,67,67,33,50,100,100,83,100,33,50,50,83,83,100,33,100,100,100,100,67,67,83,67,33,67,67,33,67,67,50,100,67,100,100,100,100,100,83,83,100,100,33,67,67,67,33,50,100,100,83,100,33,50,50,83,83,100,33,100,100,100,100,67,67,83,67,33,67,67,33,67,67,50,100,67,100,100,100,100,100,83,83,100,100,Premier League
Liverpool,c8h9bw1l82s06h77xxrelzhur,9qo448ueot8pfc5oqo378wag9,J. Frimpong,Jeremie Frimpong,25,Defender,Netherlands,Defender,11.0,1.0,26.0,2.0,36.0,0.0,3.0,1.0,0.0,1.0,2.0,2.0,2.0,1.0,90.0,0.0,4.0,1.0,0.0,0.0,1.0,0.0,0.0,0.0,0.0,0.0,83.72,50.0,20.0,50.0,0.0,28.57,0.0,0.0,0.0330197321474974,0.3009340531148956,1.0,3.0,0.08263128,2.0,10.0,8.0,0.1818388699999999,19.0,11.0,1.0,26.0,2.0,36.0,0.0,3.0,1.0,0.0,1.0,2.0,2.0,2.0,1.0,0.0,4.0,1.0,0.0,0.0,1.0,0.0,0.0,0.0,0.0,0.0,83.72,50.0,20.0,50.0,0.0,28.57,0.0,0.0,0.0330197321474974,0.3009340531148956,1.0,3.0,0.08263128,2.0,10.0,8.0,0.1818388699999999,19.0,RB/RCB,42,92,88,83,75,25,100,75,42,88,83,83,17,21,46,88,88,17,25,88,21,54,54,54,46,58,88,83,83,46,17,25,25,75,100,92,96,100,96,100,100,83,92,42,92,88,83,75,25,100,75,42,88,83,83,17,21,46,88,88,17,25,88,21,54,54,54,46,58,88,83,83,46,17,25,25,75,100,92,96,100,96,100,100,83,92,Premier League
Liverpool,c8h9bw1l82s06h77xxrelzhur,a2zavv31d2aadyddk0kjttdgq,M. Kerkez,Milos Kerkez,22,Defender,Hungary,Defender,9.0,0.0,24.0,3.0,33.0,2.0,1.0,2.0,0.0,2.0,0.0,0.0,6.0,2.0,90.0,1.0,2.0,0.0,1.0,1.0,0.0,1.0,0.0,0.0,0.0,0.0,80.49,42.86,0.0,0.0,50.0,46.15,66.67,33.33,0.0821955435553445,0.0665324579273749,1.0,1.0,0.0241224,1.0,5.0,4.0,0.08226884,15.0,9.0,0.0,24.0,3.0,33.0,2.0,1.0,2.0,0.0,2.0,0.0,0.0,6.0,2.0,1.0,2.0,0.0,1.0,1.0,0.0,1.0,0.0,0.0,0.0,0.0,80.49,42.86,0.0,0.0,50.0,46.15,66.67,33.33,0.0821955435553445,0.0665324579273749,1.0,1.0,0.0241224,1.0,5.0,4.0,0.08226884,15.0,LB/LCB,23,33,77,83,63,67,73,100,47,100,20,20,83,23,97,73,33,63,50,50,73,50,53,50,53,33,40,33,33,93,47,90,37,93,80,100,73,80,77,90,90,67,67,23,33,77,83,63,67,73,100,47,100,20,20,83,23,97,73,33,63,50,50,73,50,53,50,53,33,40,33,33,93,47,90,37,93,80,100,73,80,77,90,90,67,67,Premier League
Liverpool,c8h9bw1l82s06h77xxrelzhur,avh60ensgiwz1qalvn1bbqkfd,D. Szoboszlai,Dominik Szoboszlai,25,Midfielder,Hungary,Midfielder,15.0,3.0,35.0,4.0,47.0,0.0,3.0,3.0,1.0,2.0,2.0,2.0,3.0,0.0,90.0,1.0,1.0,1.0,1.0,0.0,2.0,1.0,0.0,0.0,1.0,0.0,81.03,57.14,30.0,50.0,33.33,30.0,0.0,0.0,0.0789227942094448,0.3026247498594172,0.0,4.0,0.08030038,2.0,5.0,9.0,0.13588012,24.0,15.0,3.0,35.0,4.0,47.0,0.0,3.0,3.0,1.0,2.0,2.0,2.0,3.0,0.0,1.0,1.0,1.0,1.0,0.0,2.0,1.0,0.0,0.0,1.0,0.0,81.03,57.14,30.0,50.0,33.33,30.0,0.0,0.0,0.0789227942094448,0.3026247498594172,0.0,4.0,0.08030038,2.0,5.0,9.0,0.13588012,24.0,RM/RCM,100,100,100,100,100,50,100,100,100,100,100,100,50,50,100,100,100,100,50,100,75,75,75,100,75,100,100,100,100,100,50,75,50,100,100,75,100,100,100,100,100,100,100,100,100,100,100,100,50,100,100,100,100,100,100,50,50,100,100,100,100,50,100,75,75,75,100,75,100,100,100,100,100,50,75,50,100,100,75,100,100,100,100,100,100,100,Premier League
Liverpool,c8h9bw1l82s06h77xxrelzhur,dxze3b3fsfl814bjcs7q6wcet,V. van Dijk,Virgil van Dijk,35,Defender,Netherlands,Defender,29.0,0.0,21.0,6.0,50.0,3.0,0.0,2.0,2.0,0.0,0.0,0.0,5.0,9.0,90.0,1.0,3.0,0.0,0.0,1.0,1.0,0.0,0.0,0.0,0.0,0.0,86.21,50.0,0.0,0.0,50.0,71.43,60.0,50.0,0.2589172109513402,0.0,0.0,0.0,0.0,0.0,6.0,6.0,0.08825109,28.0,29.0,0.0,21.0,6.0,50.0,3.0,0.0,2.0,2.0,0.0,0.0,0.0,5.0,9.0,1.0,3.0,0.0,0.0,1.0,1.0,0.0,0.0,0.0,0.0,0.0,86.21,50.0,0.0,0.0,50.0,71.43,60.0,50.0,0.2589172109513402,0.0,0.0,0.0,0.0,0.0,6.0,6.0,0.08825109,28.0,CB,55,47,58,88,51,71,38,90,94,44,38,38,59,91,94,83,45,27,64,90,26,51,51,50,50,44,56,47,45,91,79,69,56,95,41,47,38,38,41,90,92,72,79,55,47,58,88,51,71,38,90,94,44,38,38,59,91,94,83,45,27,64,90,26,51,51,50,50,44,56,47,45,91,79,69,56,95,41,47,38,38,41,90,92,72,79,Premier League
Manchester City,a3nyxabgsqlnqfkeg41m6tnpp,2t5s4f41jefzuzth0bhcixtcl,Rúben Dias,Rúben dos Santos Gato Alves Dias,29,Defender,Portugal,Defender,64.0,0.0,48.0,6.0,112.0,4.0,1.0,0.0,0.0,0.0,0.0,0.0,4.0,6.0,90.0,0.0,1.0,0.0,0.0,0.0,0.0,0.0,0.0,0.0,0.0,0.0,87.5,66.67,0.0,0.0,0.0,80.0,80.0,0.0,0.0,0.1298875229858202,0.0,5.0,0.1119305,5.0,8.0,5.0,0.25667464,79.0,64.0,0.0,48.0,6.0,112.0,4.0,1.0,0.0,0.0,0.0,0.0,0.0,4.0,6.0,0.0,1.0,0.0,0.0,0.0,0.0,0.0,0.0,0.0,0.0,0.0,87.5,66.67,0.0,0.0,0.0,80.0,80.0,0.0,0.0,0.1298875229858202,0.0,5.0,0.1119305,5.0,8.0,5.0,0.25667464,79.0,CB,100,47,92,88,100,86,83,29,33,44,38,38,47,72,44,58,45,27,26,41,26,51,51,50,50,46,78,47,45,44,91,99,26,33,87,47,95,95,97,92,88,92,100,100,47,92,88,100,86,83,29,33,44,38,38,47,72,44,58,45,27,26,41,26,51,51,50,50,46,78,47,45,44,91,99,26,33,87,47,95,95,97,92,88,92,100,Premier League
Manchester City,a3nyxabgsqlnqfkeg41m6tnpp,7tnuxlg9l4rjhc7j3ko36hduy,A. Semenyo,Antoine Semenyo,26,Attacker,Ghana,Striker,12.0,0.0,19.0,0.0,31.0,1.0,0.0,1.0,1.0,0.0,3.0,7.0,6.0,0.0,90.0,1.0,8.0,2.0,0.0,1.0,0.0,2.0,0.0,0.0,0.0,0.0,88.57,0.0,0.0,66.67,100.0,60.0,50.0,100.0,0.0818923618806647,0.0,0.0,6.0,0.15114522,4.0,0.0,4.0,0.07239693,4.0,12.0,0.0,19.0,0.0,31.0,1.0,0.0,1.0,1.0,0.0,3.0,7.0,6.0,0.0,1.0,8.0,2.0,0.0,1.0,0.0,2.0,0.0,0.0,0.0,0.0,88.57,0.0,0.0,66.67,100.0,60.0,50.0,100.0,0.0818923618806647,0.0,0.0,6.0,0.15114522,4.0,0.0,4.0,0.07239693,4.0,ST,79,39,79,25,79,36,25,18,29,32,86,100,79,29,50,89,100,39,82,29,82,54,54,43,43,93,25,39,79,89,93,75,93,36,36,39,100,93,100,29,100,79,54,79,39,79,25,79,36,25,18,29,32,86,100,79,29,50,89,100,39,82,29,82,54,54,43,43,93,25,39,79,89,93,75,93,36,36,39,100,93,100,29,100,79,54,Premier League
Manchester City,a3nyxabgsqlnqfkeg41m6tnpp,9ipux4xiejibplsbbhqz8d5gp,M. Guéhi,Marc Guéhi,26,Defender,England,Defender,24.0,0.0,34.0,0.0,58.0,2.0,1.0,2.0,2.0,0.0,1.0,1.0,8.0,1.0,90.0,1.0,4.0,1.0,0.0,3.0,0.0,2.0,0.0,0.0,1.0,0.0,95.08,0.0,0.0,100.0,50.0,72.73,66.67,100.0,0.3283094286025556,0.1473040465216766,0.0,3.0,0.0719891,5.0,4.0,2.0,0.3056232,24.0,24.0,0.0,34.0,0.0,58.0,2.0,1.0,2.0,2.0,0.0,1.0,1.0,8.0,1.0,1.0,4.0,1.0,0.0,3.0,0.0,2.0,0.0,0.0,1.0,0.0,95.08,0.0,0.0,100.0,50.0,72.73,66.67,100.0,0.3283094286025556,0.1473040465216766,0.0,3.0,0.0719891,5.0,4.0,2.0,0.3056232,24.0,CB,36,47,79,8,62,50,83,90,94,44,86,86,86,10,94,92,94,27,91,41,87,51,51,100,50,85,8,47,95,91,82,81,88,100,92,47,91,92,97,77,65,97,74,36,47,79,8,62,50,83,90,94,44,86,86,86,10,94,92,94,27,91,41,87,51,51,100,50,85,8,47,95,91,82,81,88,100,92,47,91,92,97,77,65,97,74,Premier League
Manchester City,a3nyxabgsqlnqfkeg41m6tnpp,9prtaifv6stlujgywgq4wd08a,J. Gvardiol,Josko Gvardiol,24,Defender,Croatia,Defender,30.0,1.0,34.0,3.0,63.0,2.0,0.0,1.0,1.0,0.0,1.0,2.0,5.0,1.0,90.0,1.0,1.0,1.0,4.0,1.0,0.0,0.0,0.0,0.0,1.0,0.0,85.14,50.0,100.0,100.0,100.0,62.5,40.0,50.0,0.140777510388689,0.0,0.0,1.0,0.02385149,1.0,4.0,4.0,0.1270255,29.0,30.0,1.0,34.0,3.0,63.0,2.0,0.0,1.0,1.0,0.0,1.0,2.0,5.0,1.0,1.0,1.0,1.0,4.0,1.0,0.0,0.0,0.0,0.0,1.0,0.0,85.14,50.0,100.0,100.0,100.0,62.5,40.0,50.0,0.140777510388689,0.0,0.0,1.0,0.02385149,1.0,4.0,4.0,0.1270255,29.0,LB/LCB,100,80,93,83,100,67,30,90,97,50,60,87,67,7,97,50,83,100,50,50,30,50,53,100,53,67,63,100,87,100,80,60,53,100,33,50,73,67,77,80,90,80,97,100,80,93,83,100,67,30,90,97,50,60,87,67,7,97,50,83,100,50,50,30,50,53,100,53,67,63,100,87,100,80,60,53,100,33,50,73,67,77,80,90,80,97,Premier League
Manchester City,a3nyxabgsqlnqfkeg41m6tnpp,atzboo800gv7gic2rgvgo0kq1,E. Haaland,Erling Haaland,26,Attacker,Norway,Striker,4.0,0.0,7.0,0.0,11.0,2.0,0.0,5.0,4.0,1.0,2.0,2.0,3.0,0.0,90.0,2.0,7.0,1.0,0.0,0.0,1.0,0.0,0.0,0.0,0.0,0.0,68.75,0.0,0.0,50.0,40.0,60.0,0.0,0.0,0.5922694276175853,0.0,0.0,3.0,0.06767368,2.0,2.0,2.0,0.04202219,7.0,4.0,0.0,7.0,0.0,11.0,2.0,0.0,5.0,4.0,1.0,2.0,2.0,3.0,0.0,2.0,7.0,1.0,0.0,0.0,1.0,0.0,0.0,0.0,0.0,0.0,68.75,0.0,0.0,50.0,40.0,60.0,0.0,0.0,0.5922694276175853,0.0,0.0,3.0,0.06767368,2.0,2.0,2.0,0.04202219,7.0,ST,43,39,29,25,36,54,25,100,93,82,64,54,21,29,86,75,71,39,36,75,21,54,54,43,43,32,25,39,68,50,93,25,36,86,36,39,75,71,86,75,75,57,82,43,39,29,25,36,54,25,100,93,82,64,54,21,29,86,75,71,39,36,75,21,54,54,43,43,32,25,39,68,50,93,25,36,86,36,39,75,71,86,75,75,57,82,Premier League
Manchester City,a3nyxabgsqlnqfkeg41m6tnpp,d7ofv9d9sbp263uo76cm2qxhw,A. Khusanov,Abdukodir Khusanov,22,Defender,Uzbekistan,Defender,50.0,0.0,39.0,1.0,89.0,2.0,0.0,0.0,0.0,0.0,0.0,0.0,4.0,1.0,90.0,0.0,0.0,0.0,1.0,2.0,0.0,0.0,0.0,0.0,0.0,0.0,96.74,50.0,0.0,0.0,0.0,0.0,0.0,100.0,0.0,0.0,0.0,0.0,0.0,0.0,0.0,0.0,0.0,0.0,50.0,0.0,39.0,1.0,89.0,2.0,0.0,0.0,0.0,0.0,0.0,0.0,4.0,1.0,0.0,0.0,0.0,1.0,2.0,0.0,0.0,0.0,0.0,0.0,0.0,96.74,50.0,0.0,0.0,0.0,0.0,0.0,100.0,0.0,0.0,0.0,0.0,0.0,0.0,0.0,0.0,0.0,0.0,CB,90,47,85,28,92,50,38,29,33,44,38,38,47,10,44,22,45,64,82,41,26,51,51,50,50,97,56,47,45,44,4,15,88,33,41,47,38,38,41,29,29,28,28,90,47,85,28,92,50,38,29,33,44,38,38,47,10,44,22,45,64,82,41,26,51,51,50,50,97,56,47,45,44,4,15,88,33,41,47,38,38,41,29,29,28,28,Premier League
Manchester United,6eqit8ye8aomdsrrq0hk3v7gh,1vz038uyzmq8saskeeo0qhm8l,H. Maguire,Harry Maguire,33,Defender,England,Defender,28.0,1.0,49.0,9.0,76.0,3.0,2.0,2.0,1.0,1.0,2.0,2.0,5.0,4.0,90.0,1.0,5.0,2.0,0.0,0.0,0.0,0.0,0.0,0.0,0.0,0.0,92.68,81.82,50.0,100.0,50.0,83.33,75.0,0.0,0.1148363310702458,0.3156715742305813,1.0,7.0,0.16100462,1.0,10.0,12.0,0.4529644599999998,63.0,28.0,1.0,49.0,9.0,76.0,3.0,2.0,2.0,1.0,1.0,2.0,2.0,5.0,4.0,1.0,5.0,2.0,0.0,0.0,0.0,0.0,0.0,0.0,0.0,0.0,92.68,81.82,50.0,100.0,50.0,83.33,75.0,0.0,0.1148363310702458,0.3156715742305813,1.0,7.0,0.16100462,1.0,10.0,12.0,0.4529644599999998,63.0,CB,51,97,95,97,79,71,96,90,76,94,99,99,59,45,94,96,100,27,26,41,26,51,51,50,50,74,95,97,95,91,99,94,26,77,100,97,99,100,85,95,99,100,95,51,97,95,97,79,71,96,90,76,94,99,99,59,45,94,96,100,27,26,41,26,51,51,50,50,74,95,97,95,91,99,94,26,77,100,97,99,100,85,95,99,100,95,Premier League
Manchester United,6eqit8ye8aomdsrrq0hk3v7gh,3vtjjrqof5z2tjj84ehadqc45,Bruno Fernandes,Bruno Miguel Borges Fernandes,31,Midfielder,Portugal,Midfielder,17.0,2.0,59.0,4.0,74.0,0.0,3.0,3.0,0.0,3.0,2.0,2.0,1.0,1.0,90.0,1.0,3.0,1.0,0.0,0.0,2.0,0.0,0.0,0.0,0.0,0.0,84.09,40.0,33.33,50.0,33.33,50.0,0.0,0.0,0.1310935771923924,0.3365936720605934,3.0,5.0,0.11087649,5.0,12.0,14.0,0.37296862,47.0,17.0,2.0,59.0,4.0,74.0,0.0,3.0,3.0,0.0,3.0,2.0,2.0,1.0,1.0,1.0,3.0,1.0,0.0,0.0,2.0,0.0,0.0,0.0,0.0,0.0,84.09,40.0,33.33,50.0,33.33,50.0,0.0,0.0,0.1310935771923924,0.3365936720605934,3.0,5.0,0.11087649,5.0,12.0,14.0,0.37296862,47.0,CM/AM,78,94,100,89,100,33,89,83,33,94,72,72,17,39,78,56,89,39,17,100,28,56,50,39,50,56,33,94,94,72,61,44,17,67,89,100,94,100,100,100,100,100,100,78,94,100,89,100,33,89,83,33,94,72,72,17,39,78,56,89,39,17,100,28,56,50,39,50,56,33,94,94,72,61,44,17,67,89,100,94,100,100,100,100,100,100,Premier League
Manchester United,6eqit8ye8aomdsrrq0hk3v7gh,4tb2hobv1dwon0e8djvuohxxw,A. Heaven,Ayden Heaven,19,Defender,England,Defender,37.0,0.0,24.0,1.0,61.0,2.0,0.0,2.0,2.0,0.0,0.0,0.0,5.0,1.0,90.0,0.0,3.0,0.0,0.0,0.0,1.0,2.0,0.0,0.0,0.0,0.0,91.04,20.0,0.0,0.0,0.0,45.45,33.33,0.0,0.2485716236412888,0.0,0.0,3.0,0.0555586,1.0,5.0,3.0,0.09748626,37.0,37.0,0.0,24.0,1.0,61.0,2.0,0.0,2.0,2.0,0.0,0.0,0.0,5.0,1.0,0.0,3.0,0.0,0.0,0.0,1.0,2.0,0.0,0.0,0.0,0.0,91.04,20.0,0.0,0.0,0.0,45.45,33.33,0.0,0.2485716236412888,0.0,0.0,3.0,0.0555586,1.0,5.0,3.0,0.09748626,37.0,CB,69,47,64,28,67,50,38,90,94,44,38,38,59,10,44,83,45,27,26,90,87,51,51,50,50,64,23,47,45,44,36,42,26,92,41,47,91,87,85,83,76,74,85,69,47,64,28,67,50,38,90,94,44,38,38,59,10,44,83,45,27,26,90,87,51,51,50,50,64,23,47,45,44,36,42,26,92,41,47,91,87,85,83,76,74,85,Premier League
Manchester United,6eqit8ye8aomdsrrq0hk3v7gh,7uxt9a7t22ij4reg1uire5uqd,L. Shaw,Luke Shaw,31,Defender,England,Defender,15.0,3.0,36.0,1.0,48.0,2.0,4.0,0.0,0.0,0.0,2.0,2.0,3.0,2.0,90.0,0.0,3.0,0.0,1.0,1.0,0.0,0.0,0.0,0.0,0.0,0.0,80.0,50.0,42.86,0.0,0.0,42.86,66.67,100.0,0.0,0.4080910396420539,0.0,2.0,0.04282587,8.0,3.0,3.0,0.3822122599999999,29.0,15.0,3.0,36.0,1.0,48.0,2.0,4.0,0.0,0.0,0.0,2.0,2.0,3.0,2.0,0.0,3.0,0.0,1.0,1.0,0.0,0.0,0.0,0.0,0.0,0.0,80.0,50.0,42.86,0.0,0.0,42.86,66.67,100.0,0.0,0.4080910396420539,0.0,2.0,0.04282587,8.0,3.0,3.0,0.3822122599999999,29.0,LB/LCB,67,100,100,47,93,67,100,43,47,50,90,87,30,23,47,93,33,63,50,50,30,50,53,50,53,27,63,87,33,47,40,90,87,43,100,50,93,100,100,73,80,93,97,67,100,100,47,93,67,100,43,47,50,90,87,30,23,47,93,33,63,50,50,30,50,53,50,53,27,63,87,33,47,40,90,87,43,100,50,93,100,100,73,80,93,97,Premier League
Manchester United,6eqit8ye8aomdsrrq0hk3v7gh,v78uhwxgzojcec8lsdvucusp,B. Mbeumo,Bryan Mbeumo,27,Attacker,Cameroon,Striker,5.0,2.0,35.0,0.0,38.0,2.0,1.0,4.0,4.0,0.0,2.0,2.0,2.0,0.0,90.0,2.0,7.0,0.0,0.0,0.0,1.0,0.0,0.0,0.0,0.0,0.0,86.36,0.0,20.0,0.0,50.0,25.0,33.33,0.0,0.3247920192432507,0.143127771784305,2.0,5.0,0.15105765,0.0,1.0,2.0,0.26228993,11.0,5.0,2.0,35.0,0.0,38.0,2.0,1.0,4.0,4.0,0.0,2.0,2.0,2.0,0.0,2.0,7.0,0.0,0.0,0.0,1.0,0.0,0.0,0.0,0.0,0.0,86.36,0.0,20.0,0.0,50.0,25.0,33.33,0.0,0.3247920192432507,0.143127771784305,2.0,5.0,0.15105765,0.0,1.0,2.0,0.26228993,11.0,ST,54,100,93,25,89,54,64,86,93,32,64,54,14,29,86,75,25,39,36,75,21,54,54,43,43,75,25,79,25,64,11,50,36,71,79,100,93,86,32,57,75,86,93,54,100,93,25,89,54,64,86,93,32,64,54,14,29,86,75,25,39,36,75,21,54,54,43,43,75,25,79,25,64,11,50,36,71,79,100,93,86,32,57,75,86,93,Premier League
Newcastle United,7vn2i2kd35zuetw6b38gw9jsz,18paf5a7rfe4kutxjl4cwd695,H. Barnes,Harvey Barnes,28,Midfielder,England,Midfielder,4.0,0.0,9.0,1.0,13.0,0.0,0.0,1.0,1.0,0.0,2.0,2.0,4.0,3.0,90.0,0.0,3.0,0.0,0.0,1.0,1.0,3.0,0.0,0.0,0.0,0.0,76.47,50.0,0.0,0.0,0.0,40.0,0.0,100.0,0.0677856282901661,0.0,0.0,1.0,0.02401521,1.0,1.0,2.0,0.0557561399999999,6.0,4.0,0.0,9.0,1.0,13.0,0.0,0.0,1.0,1.0,0.0,2.0,2.0,4.0,3.0,0.0,3.0,0.0,0.0,1.0,1.0,3.0,0.0,0.0,0.0,0.0,76.47,50.0,0.0,0.0,0.0,40.0,0.0,100.0,0.0677856282901661,0.0,0.0,1.0,0.02401521,1.0,1.0,2.0,0.0557561399999999,6.0,CM/AM,11,39,11,22,11,33,22,44,83,28,72,72,50,89,33,56,44,39,56,83,83,56,50,39,50,33,56,39,44,33,33,44,89,44,22,28,22,11,61,28,50,33,33,11,39,11,22,11,33,22,44,83,28,72,72,50,89,33,56,44,39,56,83,83,56,50,39,50,33,56,39,44,33,33,44,89,44,22,28,22,11,61,28,50,33,33,Premier League
Newcastle United,7vn2i2kd35zuetw6b38gw9jsz,4jwkz8almo2997hvp09zl0p9l,S. Botman,Sven Botman,26,Defender,Netherlands,Defender,23.0,0.0,4.0,1.0,27.0,1.0,0.0,0.0,0.0,0.0,0.0,0.0,2.0,6.0,90.0,0.0,0.0,0.0,0.0,0.0,0.0,1.0,0.0,0.0,0.0,0.0,79.41,14.29,0.0,0.0,0.0,66.67,0.0,0.0,0.0,0.0,0.0,0.0,0.0,0.0,0.0,0.0,0.0,0.0,23.0,0.0,4.0,1.0,27.0,1.0,0.0,0.0,0.0,0.0,0.0,0.0,2.0,6.0,0.0,0.0,0.0,0.0,0.0,0.0,1.0,0.0,0.0,0.0,0.0,79.41,14.29,0.0,0.0,0.0,66.67,0.0,0.0,0.0,0.0,0.0,0.0,0.0,0.0,0.0,0.0,0.0,0.0,CB,33,47,6,28,17,26,38,29,33,44,38,38,21,72,44,22,45,27,26,41,64,51,51,50,50,22,17,47,45,44,69,15,26,33,41,47,38,38,41,29,29,28,28,33,47,6,28,17,26,38,29,33,44,38,38,21,72,44,22,45,27,26,41,64,51,51,50,50,22,17,47,45,44,69,15,26,33,41,47,38,38,41,29,29,28,28,Premier League
Newcastle United,7vn2i2kd35zuetw6b38gw9jsz,8i46yzejeiwdmz0tywmy42o2y,L. Hall,Lewis Hall,21,Defender,England,Defender,11.0,1.0,7.0,2.0,17.0,0.0,1.0,0.0,0.0,0.0,2.0,2.0,5.0,3.0,90.0,0.0,0.0,0.0,2.0,3.0,0.0,0.0,0.0,0.0,0.0,0.0,70.83,40.0,25.0,0.0,0.0,55.56,0.0,60.0,0.0,0.1753621273829146,0.0,0.0,0.0,0.0,1.0,1.0,0.2356632,6.0,11.0,1.0,7.0,2.0,17.0,0.0,1.0,0.0,0.0,0.0,2.0,2.0,5.0,3.0,0.0,0.0,0.0,2.0,3.0,0.0,0.0,0.0,0.0,0.0,0.0,70.83,40.0,25.0,0.0,0.0,55.56,0.0,60.0,0.0,0.1753621273829146,0.0,0.0,0.0,0.0,1.0,1.0,0.2356632,6.0,LB/LCB,33,80,10,73,7,13,73,43,47,50,90,87,67,47,47,20,33,83,97,50,30,50,53,50,53,13,33,77,33,47,67,23,67,43,87,50,33,33,30,57,57,87,53,33,80,10,73,7,13,73,43,47,50,90,87,67,47,47,20,33,83,97,50,30,50,53,50,53,13,33,77,33,47,67,23,67,43,87,50,33,33,30,57,57,87,53,Premier League
Newcastle United,7vn2i2kd35zuetw6b38gw9jsz,a536nk8ps5vrgextz3k3hcl0q,A. Dedić,Amar Dedic,24,Defender,Bosnia and Herzegovina,Defender,11.0,0.0,7.0,0.0,18.0,1.0,0.0,1.0,1.0,0.0,3.0,3.0,5.0,6.0,90.0,0.0,1.0,0.0,0.0,0.0,1.0,2.0,0.0,0.0,0.0,0.0,90.0,0.0,0.0,0.0,0.0,41.67,50.0,0.0,0.0570578706762876,0.0,1.0,1.0,0.01473596,0.0,0.0,1.0,0.0179466,7.0,11.0,0.0,7.0,0.0,18.0,1.0,0.0,1.0,1.0,0.0,3.0,3.0,5.0,6.0,0.0,1.0,0.0,0.0,0.0,1.0,2.0,0.0,0.0,0.0,0.0,90.0,0.0,0.0,0.0,0.0,41.67,50.0,0.0,0.0570578706762876,0.0,1.0,1.0,0.01473596,0.0,0.0,1.0,0.0179466,7.0,RB/RCB,42,42,25,21,33,54,33,75,92,42,100,100,71,83,46,62,38,17,25,88,67,54,54,54,46,92,21,42,38,46,33,58,25,83,42,92,79,75,46,42,67,67,67,42,42,25,21,33,54,33,75,92,42,100,100,71,83,46,62,38,17,25,88,67,54,54,54,46,92,21,42,38,46,33,58,25,83,42,92,79,75,46,42,67,67,67,Premier League
Newcastle United,7vn2i2kd35zuetw6b38gw9jsz,cfpaejad8i9p2r1fj0wx0g222,M. Thiaw,Malick Thiaw,25,Defender,Germany,Defender,17.0,0.0,3.0,2.0,20.0,3.0,0.0,0.0,0.0,0.0,0.0,0.0,3.0,9.0,90.0,0.0,0.0,0.0,0.0,0.0,0.0,0.0,0.0,0.0,0.0,0.0,66.67,20.0,0.0,0.0,0.0,50.0,60.0,0.0,0.0,0.0,0.0,0.0,0.0,0.0,0.0,0.0,0.0,0.0,17.0,0.0,3.0,2.0,20.0,3.0,0.0,0.0,0.0,0.0,0.0,0.0,3.0,9.0,0.0,0.0,0.0,0.0,0.0,0.0,0.0,0.0,0.0,0.0,0.0,66.67,20.0,0.0,0.0,0.0,50.0,60.0,0.0,0.0,0.0,0.0,0.0,0.0,0.0,0.0,0.0,0.0,0.0,CB,15,47,3,50,8,71,38,29,33,44,38,38,36,91,44,22,45,27,26,41,26,51,51,50,50,5,23,47,45,44,44,69,26,33,41,47,38,38,41,29,29,28,28,15,47,3,50,8,71,38,29,33,44,38,38,36,91,44,22,45,27,26,41,26,51,51,50,50,5,23,47,45,44,44,69,26,33,41,47,38,38,41,29,29,28,28,Premier League
Nottingham Forest,1qtaiy11gswx327s0vkibf70n,1abb1gcw7arw1nkbuxnccjca1,I. Sangaré,Ibrahim Sangaré,28,Midfielder,Côte d'Ivoire,Midfielder,28.0,0.0,14.0,3.0,42.0,3.0,1.0,1.0,0.0,1.0,1.0,1.0,5.0,0.0,90.0,0.0,1.0,1.0,0.0,0.0,0.0,1.0,0.0,0.0,0.0,0.0,79.25,42.86,0.0,100.0,0.0,71.43,0.0,0.0,0.0483696148566041,0.0441195607483532,1.0,0.0,0.0,0.0,3.0,3.0,0.05453534,18.0,28.0,0.0,14.0,3.0,42.0,3.0,1.0,1.0,0.0,1.0,1.0,1.0,5.0,0.0,0.0,1.0,1.0,0.0,0.0,0.0,1.0,0.0,0.0,0.0,0.0,79.25,42.86,0.0,100.0,0.0,71.43,0.0,0.0,0.0483696148566041,0.0441195607483532,1.0,0.0,0.0,0.0,3.0,3.0,0.05453534,18.0,DM/CM,85,35,35,77,54,96,54,81,46,92,69,69,62,31,42,77,81,23,19,50,35,54,54,50,46,15,46,35,88,42,77,50,19,92,54,100,35,35,42,73,81,77,62,85,35,35,77,54,96,54,81,46,92,69,69,62,31,42,77,81,23,19,50,35,54,54,50,46,15,46,35,88,42,77,50,19,92,54,100,35,35,42,73,81,77,62,Premier League
Nottingham Forest,1qtaiy11gswx327s0vkibf70n,1hwkpsnmh04e9jakw26e584k4,Jair Cunha,Jair Paula da Cunha Filho,21,Defender,Brazil,Defender,23.0,0.0,15.0,2.0,38.0,0.0,0.0,0.0,0.0,0.0,1.0,1.0,3.0,4.0,90.0,0.0,0.0,0.0,1.0,0.0,0.0,2.0,0.0,0.0,0.0,0.0,88.37,40.0,0.0,0.0,0.0,30.0,0.0,0.0,0.0,0.0,0.0,0.0,0.0,0.0,0.0,0.0,0.0,0.0,23.0,0.0,15.0,2.0,38.0,0.0,0.0,0.0,0.0,0.0,1.0,1.0,3.0,4.0,0.0,0.0,0.0,1.0,0.0,0.0,2.0,0.0,0.0,0.0,0.0,88.37,40.0,0.0,0.0,0.0,30.0,0.0,0.0,0.0,0.0,0.0,0.0,0.0,0.0,0.0,0.0,0.0,0.0,RB/RCB,75,42,67,83,83,25,33,29,42,42,62,62,25,75,46,25,38,54,25,38,67,54,54,54,46,67,75,42,38,46,25,25,25,38,42,42,38,38,46,42,33,33,33,75,42,67,83,83,25,33,29,42,42,62,62,25,75,46,25,38,54,25,38,67,54,54,54,46,67,75,42,38,46,25,25,25,38,42,42,38,38,46,42,33,33,33,Premier League
Nottingham Forest,1qtaiy11gswx327s0vkibf70n,3mgjcyaseuexxlssgatjgsand,N. Williams,Neco Williams,25,Defender,Wales,Defender,9.0,1.0,10.0,1.0,18.0,2.0,0.0,0.0,0.0,0.0,1.0,1.0,7.0,3.0,90.0,0.0,3.0,1.0,0.0,3.0,0.0,1.0,0.0,0.0,0.0,0.0,66.67,50.0,25.0,100.0,0.0,50.0,33.33,100.0,0.0,0.0,0.0,0.0,0.0,0.0,0.0,0.0,0.0,0.0,9.0,1.0,10.0,1.0,18.0,2.0,0.0,0.0,0.0,0.0,1.0,1.0,7.0,3.0,0.0,3.0,1.0,0.0,3.0,0.0,1.0,0.0,0.0,0.0,0.0,66.67,50.0,25.0,100.0,0.0,50.0,33.33,100.0,0.0,0.0,0.0,0.0,0.0,0.0,0.0,0.0,0.0,0.0,LB/LCB,23,80,20,47,13,67,30,43,47,50,60,57,93,47,47,93,83,27,97,50,73,50,53,50,53,7,63,77,87,47,57,50,87,43,33,50,33,33,30,27,27,27,27,23,80,20,47,13,67,30,43,47,50,60,57,93,47,47,93,83,27,97,50,73,50,53,50,53,7,63,77,87,47,57,50,87,43,33,50,33,33,30,27,27,27,27,Premier League
Nottingham Forest,1qtaiy11gswx327s0vkibf70n,55yy0p6johtu9nxk90zsfctt5,M. Gibbs-White,Morgan Gibbs-White,26,Midfielder,England,Midfielder,11.0,0.0,21.0,4.0,32.0,0.0,0.0,3.0,1.0,2.0,6.0,6.0,5.0,0.0,90.0,0.0,6.0,3.0,1.0,0.0,0.0,2.0,0.0,0.0,0.0,0.0,84.21,66.67,0.0,50.0,0.0,41.67,0.0,0.0,0.1884436398768563,0.0,1.0,3.0,0.0719891,1.0,2.0,3.0,0.10512082,9.0,11.0,0.0,21.0,4.0,32.0,0.0,0.0,3.0,1.0,2.0,6.0,6.0,5.0,0.0,0.0,6.0,3.0,1.0,0.0,0.0,2.0,0.0,0.0,0.0,0.0,84.21,66.67,0.0,50.0,0.0,41.67,0.0,0.0,0.1884436398768563,0.0,1.0,3.0,0.0719891,1.0,2.0,3.0,0.10512082,9.0,CM/AM,39,39,78,89,67,33,22,83,83,72,100,100,72,17,33,89,100,83,17,39,67,56,50,39,50,67,72,39,94,33,44,44,17,89,22,67,61,67,61,50,72,67,56,39,39,78,89,67,33,22,83,83,72,100,100,72,17,33,89,100,83,17,39,67,56,50,39,50,67,72,39,94,33,44,44,17,89,22,67,61,67,61,50,72,67,56,Premier League
Nottingham Forest,1qtaiy11gswx327s0vkibf70n,as2byx2nymkahqyzw88gxictm,Igor Jesus,Igor Jesus Maciel da Cruz,25,Attacker,Brazil,Striker,9.0,0.0,9.0,1.0,18.0,10.0,0.0,3.0,3.0,0.0,1.0,1.0,12.0,2.0,90.0,1.0,4.0,0.0,0.0,0.0,1.0,3.0,0.0,0.0,0.0,0.0,78.26,100.0,0.0,0.0,33.33,50.0,58.82,0.0,0.4147347471302111,0.0,0.0,2.0,0.04790334,1.0,0.0,2.0,0.06461531,6.0,9.0,0.0,9.0,1.0,18.0,10.0,0.0,3.0,3.0,0.0,1.0,1.0,12.0,2.0,1.0,4.0,0.0,0.0,0.0,1.0,3.0,0.0,0.0,0.0,0.0,78.26,100.0,0.0,0.0,33.33,50.0,58.82,0.0,0.4147347471302111,0.0,0.0,2.0,0.04790334,1.0,0.0,2.0,0.06461531,6.0,ST,71,39,50,68,57,100,25,68,75,32,36,29,100,89,50,43,25,39,36,75,100,54,54,43,43,57,89,39,25,43,68,86,36,79,36,39,64,57,71,29,75,71,71,71,39,50,68,57,100,25,68,75,32,36,29,100,89,50,43,25,39,36,75,100,54,54,43,43,57,89,39,25,43,68,86,36,79,36,39,64,57,71,29,75,71,71,Premier League
Nottingham Forest,1qtaiy11gswx327s0vkibf70n,bhi4ivjgojkot4d7za72gu2nd,N. Milenković,Nikola Milenkovic,28,Defender,Serbia,Defender,25.0,0.0,9.0,2.0,34.0,7.0,0.0,2.0,2.0,0.0,0.0,0.0,8.0,7.0,90.0,0.0,5.0,0.0,0.0,0.0,0.0,1.0,0.0,0.0,0.0,0.0,75.56,22.22,0.0,0.0,0.0,44.44,70.0,0.0,0.2592534151074427,0.0,0.0,0.0,0.0,0.0,2.0,2.0,0.07366112,19.0,25.0,0.0,9.0,2.0,34.0,7.0,0.0,2.0,2.0,0.0,0.0,0.0,8.0,7.0,0.0,5.0,0.0,0.0,0.0,0.0,1.0,0.0,0.0,0.0,0.0,75.56,22.22,0.0,0.0,0.0,44.44,70.0,0.0,0.2592534151074427,0.0,0.0,0.0,0.0,0.0,2.0,2.0,0.07366112,19.0,CB,41,47,27,50,29,99,38,90,94,44,38,38,86,79,44,96,45,27,26,41,64,51,51,50,50,10,28,47,45,44,32,90,26,97,41,47,38,38,41,69,65,67,64,41,47,27,50,29,99,38,90,94,44,38,38,86,79,44,96,45,27,26,41,64,51,51,50,50,10,28,47,45,44,32,90,26,97,41,47,38,38,41,69,65,67,64,Premier League
Sunderland,1r3545b2dzan8yqa80gtmcjch,6264xjr1y00yu7b9j2pknalzp,G. Xhaka,Granit Xhaka,33,Midfielder,Switzerland,Midfielder,38.0,1.0,33.0,6.0,70.0,0.0,2.0,0.0,0.0,0.0,1.0,1.0,8.0,0.0,90.0,0.0,0.0,1.0,2.0,1.0,0.0,4.0,0.0,0.0,0.0,0.0,93.33,85.71,16.67,100.0,0.0,66.67,0.0,33.33,0.0,0.1694782161587948,0.0,2.0,0.04336653,2.0,8.0,9.0,0.1739916399999999,41.0,38.0,1.0,33.0,6.0,70.0,0.0,2.0,0.0,0.0,0.0,1.0,1.0,8.0,0.0,0.0,0.0,1.0,2.0,1.0,0.0,4.0,0.0,0.0,0.0,0.0,93.33,85.71,16.67,100.0,0.0,66.67,0.0,33.33,0.0,0.1694782161587948,0.0,2.0,0.04336653,2.0,8.0,9.0,0.1739916399999999,41.0,DM/CM,100,77,77,96,100,38,85,38,46,46,69,69,96,31,42,38,81,77,58,50,100,54,54,50,46,92,77,69,88,42,69,50,38,46,77,50,77,77,85,92,100,85,92,100,77,77,96,100,38,85,38,46,46,69,69,96,31,42,38,81,77,58,50,100,54,54,50,46,92,77,69,88,42,69,50,38,46,77,50,77,77,85,92,100,85,92,Premier League
Sunderland,1r3545b2dzan8yqa80gtmcjch,bb6glt8n0ar47cmhmj6gnfiz9,T. Meunier,Thomas Meunier,34,Defender,Belgium,Defender,28.0,0.0,26.0,3.0,54.0,2.0,0.0,2.0,0.0,2.0,2.0,2.0,5.0,0.0,90.0,1.0,1.0,1.0,2.0,0.0,1.0,0.0,0.0,0.0,0.0,0.0,88.52,75.0,0.0,50.0,50.0,55.56,66.67,0.0,0.0965571139051571,0.0,1.0,3.0,0.08193623,2.0,2.0,4.0,0.1549419,21.0,28.0,0.0,26.0,3.0,54.0,2.0,0.0,2.0,0.0,2.0,2.0,2.0,5.0,0.0,1.0,1.0,1.0,2.0,0.0,1.0,0.0,0.0,0.0,0.0,0.0,88.52,75.0,0.0,50.0,50.0,55.56,66.67,0.0,0.0965571139051571,0.0,1.0,3.0,0.08193623,2.0,2.0,4.0,0.1549419,21.0,RB/RCB,100,42,88,100,92,71,33,100,42,100,83,83,71,8,96,62,88,92,25,88,21,54,54,54,46,75,100,42,83,92,58,79,25,100,42,92,96,92,96,88,92,75,100,100,42,88,100,92,71,33,100,42,100,83,83,71,8,96,62,88,92,25,88,21,54,54,54,46,75,100,42,83,92,58,79,25,100,42,92,96,92,96,88,92,75,100,Premier League
Sunderland,1r3545b2dzan8yqa80gtmcjch,bnjdkz5d7st9gtn2srjs8ozc9,D. Ballard,Dan Ballard,26,Defender,Northern Ireland,Defender,38.0,0.0,15.0,3.0,53.0,3.0,0.0,0.0,0.0,0.0,0.0,0.0,6.0,7.0,90.0,0.0,0.0,0.0,0.0,1.0,0.0,1.0,0.0,0.0,0.0,0.0,91.38,50.0,0.0,0.0,0.0,40.0,33.33,50.0,0.0,0.0,0.0,0.0,0.0,0.0,0.0,0.0,0.0,0.0,38.0,0.0,15.0,3.0,53.0,3.0,0.0,0.0,0.0,0.0,0.0,0.0,6.0,7.0,0.0,0.0,0.0,0.0,1.0,0.0,1.0,0.0,0.0,0.0,0.0,91.38,50.0,0.0,0.0,0.0,40.0,33.33,50.0,0.0,0.0,0.0,0.0,0.0,0.0,0.0,0.0,0.0,0.0,CB,72,47,49,65,55,71,38,29,33,44,38,38,71,79,44,22,45,27,64,41,64,51,51,50,50,67,56,47,45,44,23,42,56,33,41,47,38,38,41,29,29,28,28,72,47,49,65,55,71,38,29,33,44,38,38,71,79,44,22,45,27,64,41,64,51,51,50,50,67,56,47,45,44,23,42,56,33,41,47,38,38,41,29,29,28,28,Premier League
Sunderland,1r3545b2dzan8yqa80gtmcjch,cj3dik1dqyo2nf1jgmyn471sl,Reinildo Mandava,Reinildo Isnard Mandava,32,Defender,Mozambique,Defender,24.0,1.0,24.0,1.0,47.0,3.0,2.0,0.0,0.0,0.0,1.0,1.0,8.0,2.0,90.0,0.0,2.0,1.0,3.0,1.0,0.0,1.0,0.0,0.0,0.0,0.0,88.68,100.0,50.0,100.0,0.0,57.14,75.0,33.33,0.0,0.2578866727093225,0.0,1.0,0.02401521,1.0,6.0,6.0,0.5962496099999998,27.0,24.0,1.0,24.0,1.0,47.0,3.0,2.0,0.0,0.0,0.0,1.0,1.0,8.0,2.0,0.0,2.0,1.0,3.0,1.0,0.0,1.0,0.0,0.0,0.0,0.0,88.68,100.0,50.0,100.0,0.0,57.14,75.0,33.33,0.0,0.2578866727093225,0.0,1.0,0.02401521,1.0,6.0,6.0,0.5962496099999998,27.0,LB/LCB,90,80,77,47,83,90,93,43,47,50,60,57,100,23,47,73,83,93,50,50,73,50,53,50,53,80,97,93,87,47,73,100,37,43,93,50,73,73,77,100,100,100,87,90,80,77,47,83,90,93,43,47,50,60,57,100,23,47,73,83,93,50,50,73,50,53,50,53,80,97,93,87,47,73,100,37,43,93,50,73,73,77,100,100,100,87,Premier League
Sunderland,1r3545b2dzan8yqa80gtmcjch,dwnd8j9ok6ncbp69gmchw953o,N. Sadiki,Noah Sadiki,21,Midfielder,Congo DR,Midfielder,27.0,1.0,25.0,2.0,51.0,1.0,2.0,1.0,1.0,0.0,5.0,5.0,8.0,0.0,90.0,1.0,5.0,4.0,0.0,0.0,0.0,3.0,0.0,0.0,0.0,0.0,89.47,100.0,100.0,80.0,100.0,72.73,0.0,0.0,0.1316864301242018,0.0825516942578609,0.0,5.0,0.14967051,3.0,3.0,1.0,0.05192225,19.0,27.0,1.0,25.0,2.0,51.0,1.0,2.0,1.0,1.0,0.0,5.0,5.0,8.0,0.0,1.0,5.0,4.0,0.0,0.0,0.0,3.0,0.0,0.0,0.0,0.0,89.47,100.0,100.0,80.0,100.0,72.73,0.0,0.0,0.1316864301242018,0.0825516942578609,0.0,5.0,0.14967051,3.0,3.0,1.0,0.05192225,19.0,DM/CM,77,77,65,65,69,81,85,81,92,46,100,100,96,31,92,100,100,23,19,50,92,54,54,50,46,65,92,96,69,100,85,50,19,100,69,50,92,92,92,73,58,62,69,77,77,65,65,69,81,85,81,92,46,100,100,96,31,92,100,100,23,19,50,92,54,54,50,46,65,92,96,69,100,85,50,19,100,69,50,92,92,92,73,58,62,69,Premier League
Tottenham Hotspur,22doj4sgsocqpxw45h607udje,2gj7h5fxuh4y0tbp6j308yk4q,J. van Hecke,Jan Paul van Hecke,26,Defender,Netherlands,Defender,29.0,0.0,30.0,2.0,59.0,4.0,0.0,0.0,0.0,0.0,0.0,0.0,7.0,5.0,90.0,0.0,1.0,0.0,0.0,0.0,0.0,1.0,0.0,0.0,0.0,0.0,96.72,50.0,0.0,0.0,0.0,58.33,50.0,0.0,0.0,0.0,0.0,0.0,0.0,0.0,0.0,0.0,0.0,0.0,29.0,0.0,30.0,2.0,59.0,4.0,0.0,0.0,0.0,0.0,0.0,0.0,7.0,5.0,0.0,1.0,0.0,0.0,0.0,0.0,1.0,0.0,0.0,0.0,0.0,96.72,50.0,0.0,0.0,0.0,58.33,50.0,0.0,0.0,0.0,0.0,0.0,0.0,0.0,0.0,0.0,0.0,0.0,CB,55,47,72,50,64,86,38,29,33,44,38,38,78,60,44,58,45,27,26,41,64,51,51,50,50,95,56,47,45,44,55,56,26,33,41,47,38,38,41,29,29,28,28,55,47,72,50,64,86,38,29,33,44,38,38,78,60,44,58,45,27,26,41,64,51,51,50,50,95,56,47,45,44,55,56,26,33,41,47,38,38,41,29,29,28,28,Premier League
Tottenham Hotspur,22doj4sgsocqpxw45h607udje,95pzsjfh0wf6isp6qpf9lddyh,M. Senesi,Marcos Senesi,29,Defender,Argentina,Defender,45.0,0.0,30.0,5.0,75.0,4.0,0.0,0.0,0.0,0.0,0.0,0.0,12.0,8.0,90.0,0.0,0.0,0.0,1.0,4.0,0.0,3.0,0.0,0.0,0.0,0.0,90.36,71.43,0.0,0.0,0.0,60.0,44.44,80.0,0.0,0.0,0.0,0.0,0.0,0.0,0.0,0.0,0.0,0.0,45.0,0.0,30.0,5.0,75.0,4.0,0.0,0.0,0.0,0.0,0.0,0.0,12.0,8.0,0.0,0.0,0.0,1.0,4.0,0.0,3.0,0.0,0.0,0.0,0.0,90.36,71.43,0.0,0.0,0.0,60.0,44.44,80.0,0.0,0.0,0.0,0.0,0.0,0.0,0.0,0.0,0.0,0.0,CB,83,47,72,79,77,86,38,29,33,44,38,38,99,85,44,22,45,64,99,41,99,51,51,50,50,59,86,47,45,44,60,49,73,33,41,47,38,38,41,29,29,28,28,83,47,72,79,77,86,38,29,33,44,38,38,99,85,44,22,45,64,99,41,99,51,51,50,50,59,86,47,45,44,60,49,73,33,41,47,38,38,41,29,29,28,28,Premier League
Tottenham Hotspur,22doj4sgsocqpxw45h607udje,9sxg58hszjq17avxgumftdu22,S. Tonali,Sandro Tonali,26,Midfielder,Italy,Midfielder,19.0,0.0,37.0,1.0,56.0,0.0,0.0,2.0,0.0,2.0,0.0,0.0,2.0,0.0,90.0,1.0,0.0,0.0,0.0,1.0,0.0,1.0,0.0,0.0,0.0,0.0,88.89,50.0,0.0,0.0,50.0,50.0,0.0,100.0,0.0,0.0,0.0,0.0,0.0,0.0,0.0,0.0,0.0,0.0,19.0,0.0,37.0,1.0,56.0,0.0,0.0,2.0,0.0,2.0,0.0,0.0,2.0,0.0,1.0,0.0,0.0,0.0,1.0,0.0,1.0,0.0,0.0,0.0,0.0,88.89,50.0,0.0,0.0,50.0,50.0,0.0,100.0,0.0,0.0,0.0,0.0,0.0,0.0,0.0,0.0,0.0,0.0,DM/CM,38,35,96,46,77,38,23,96,46,100,27,27,19,31,92,38,35,23,58,50,35,54,54,50,46,38,58,35,35,88,50,50,88,46,27,50,35,35,42,31,27,27,27,38,35,96,46,77,38,23,96,46,100,27,27,19,31,92,38,35,23,58,50,35,54,54,50,46,38,58,35,35,88,50,50,88,46,27,50,35,35,42,31,27,27,27,Premier League
Tottenham Hotspur,22doj4sgsocqpxw45h607udje,cv1d56d42wujfuc4kt6bn53x0,M. Tel,Mathys Tel,21,Attacker,France,Striker,5.0,0.0,29.0,0.0,34.0,1.0,2.0,2.0,0.0,2.0,8.0,8.0,7.0,1.0,90.0,0.0,3.0,6.0,0.0,0.0,1.0,0.0,0.0,0.0,0.0,0.0,87.18,0.0,0.0,75.0,0.0,41.18,33.33,0.0,0.0,0.0,0.0,0.0,0.0,0.0,0.0,0.0,0.0,0.0,5.0,0.0,29.0,0.0,34.0,1.0,2.0,2.0,0.0,2.0,8.0,8.0,7.0,1.0,0.0,3.0,6.0,0.0,0.0,1.0,0.0,0.0,0.0,0.0,0.0,87.18,0.0,0.0,75.0,0.0,41.18,33.33,0.0,0.0,0.0,0.0,0.0,0.0,0.0,0.0,0.0,0.0,0.0,LW,67,67,100,67,100,50,67,33,33,67,100,100,50,83,33,67,100,50,50,33,33,67,67,33,67,100,67,67,100,33,33,50,50,33,50,50,50,50,50,33,33,33,33,67,67,100,67,100,50,67,33,33,67,100,100,50,83,33,67,100,50,50,33,33,67,67,33,67,100,67,67,100,33,33,50,50,33,50,50,50,50,50,33,33,33,33,Premier League
Tottenham Hotspur,22doj4sgsocqpxw45h607udje,eziqega9e25bg939pfh4vjp3p,A. Robertson,Andy Robertson,32,Defender,Scotland,Defender,17.0,1.0,31.0,0.0,47.0,1.0,1.0,0.0,0.0,0.0,0.0,0.0,5.0,5.0,90.0,0.0,1.0,0.0,2.0,2.0,0.0,2.0,0.0,0.0,0.0,0.0,83.93,0.0,20.0,0.0,0.0,83.33,50.0,100.0,0.0,0.0,0.0,0.0,0.0,0.0,0.0,0.0,0.0,0.0,17.0,1.0,31.0,0.0,47.0,1.0,1.0,0.0,0.0,0.0,0.0,0.0,5.0,5.0,0.0,1.0,0.0,2.0,2.0,0.0,2.0,0.0,0.0,0.0,0.0,83.93,0.0,20.0,0.0,0.0,83.33,50.0,100.0,0.0,0.0,0.0,0.0,0.0,0.0,0.0,0.0,0.0,0.0,LB/LCB,80,80,87,13,83,37,73,43,47,50,20,20,67,87,47,50,33,83,80,50,97,50,53,50,53,47,13,67,33,47,100,70,87,43,33,50,33,33,30,27,27,27,27,80,80,87,13,83,37,73,43,47,50,20,20,67,87,47,50,33,83,80,50,97,50,53,50,53,47,13,67,33,47,100,70,87,43,33,50,33,33,30,27,27,27,27,Premier League
