Team,contestantId,playerId,Short Name,Player Name,Age,Position_x,Nationality,Position_y,total accurate back zone pass_Total,total accurate fwd zone pass_Total,total accurate pass_Total,total aerial won_Total,total att assist_Total,total attempt_Total,total attempts ibox_Total,total attempts obox_Total,total blocked scoring att_Total,total contest_Total,total dribbles attempted_Total,total duels won_Total,total effective clearance_Total,total goals_Total,total mins played,total ontarget attempt_Total,total touches in opposition box_Total,total was fouled_Total,total won tackle_Total,total won contest_Total,total accurate cross_Total,total accurate long balls_Total,total interception_Total,total big chances saved_Total,total assists_Total,pass_success_pct_Total,long_balls_success_pct_Total,cross_success_pct_Total,dribble_success_pct_Total,attempt_success_pct_Total,duel_success_pct_Total,aerial_success_pct_Total,tackle_success_pct_Total,xG_Total,xA_Total,CreatedOwnShot_Total,Total Carries_Total,Total Carry xT_Total,Total Final Third Carries_Total,passes_into_final_third_Total,progressive_passes_Total,xT_pass_Total,forward_passes_Total,total accurate back zone pass_p90,total accurate fwd zone pass_p90,total accurate pass_p90,total aerial won_p90,total att assist_p90,total attempt_p90,total attempts ibox_p90,total attempts obox_p90,total blocked scoring att_p90,total contest_p90,total dribbles attempted_p90,total duels won_p90,total effective clearance_p90,total goals_p90,total ontarget attempt_p90,total touches in opposition box_p90,total was fouled_p90,total won tackle_p90,total won contest_p90,total accurate cross_p90,total accurate long balls_p90,total interception_p90,total big chances saved_p90,total assists_p90,pass_success_pct_p90,long_balls_success_pct_p90,cross_success_pct_p90,dribble_success_pct_p90,attempt_success_pct_p90,duel_success_pct_p90,aerial_success_pct_p90,tackle_success_pct_p90,xG_p90,xA_p90,CreatedOwnShot_p90,Total Carries_p90,Total Carry xT_p90,Total Final Third Carries_p90,passes_into_final_third_p90,progressive_passes_p90,xT_pass_p90,forward_passes_p90,Pos.,total accurate back zone pass_TotalPR,total accurate fwd zone pass_TotalPR,total accurate pass_TotalPR,total aerial won_TotalPR,total att assist_TotalPR,total attempt_TotalPR,total attempts ibox_TotalPR,total attempts obox_TotalPR,total blocked scoring att_TotalPR,total contest_TotalPR,total dribbles attempted_TotalPR,total duels won_TotalPR,total effective clearance_TotalPR,total goals_TotalPR,total ontarget attempt_TotalPR,total touches in opposition box_TotalPR,total was fouled_TotalPR,total won tackle_TotalPR,total won contest_TotalPR,total accurate cross_TotalPR,total accurate long balls_TotalPR,total interception_TotalPR,total big chances saved_TotalPR,total assists_TotalPR,pass_success_pct_TotalPR,long_balls_success_pct_TotalPR,cross_success_pct_TotalPR,dribble_success_pct_TotalPR,attempt_success_pct_TotalPR,duel_success_pct_TotalPR,aerial_success_pct_TotalPR,tackle_success_pct_TotalPR,xG_TotalPR,xA_TotalPR,CreatedOwnShot_TotalPR,Total Carries_TotalPR,Total Carry xT_TotalPR,Total Final Third Carries_TotalPR,passes_into_final_third_TotalPR,progressive_passes_TotalPR,xT_pass_TotalPR,forward_passes_TotalPR,total accurate back zone pass_p90PR,total accurate fwd zone pass_p90PR,total accurate pass_p90PR,total aerial won_p90PR,total att assist_p90PR,total attempt_p90PR,total attempts ibox_p90PR,total attempts obox_p90PR,total blocked scoring att_p90PR,total contest_p90PR,total dribbles attempted_p90PR,total duels won_p90PR,total effective clearance_p90PR,total goals_p90PR,total ontarget attempt_p90PR,total touches in opposition box_p90PR,total was fouled_p90PR,total won tackle_p90PR,total won contest_p90PR,total accurate cross_p90PR,total accurate long balls_p90PR,total interception_p90PR,total big chances saved_p90PR,total assists_p90PR,pass_success_pct_p90PR,long_balls_success_pct_p90PR,cross_success_pct_p90PR,dribble_success_pct_p90PR,attempt_success_pct_p90PR,duel_success_pct_p90PR,aerial_success_pct_p90PR,tackle_success_pct_p90PR,xG_p90PR,xA_p90PR,CreatedOwnShot_p90PR,Total Carries_p90PR,Total Carry xT_p90PR,Total Final Third Carries_p90PR,passes_into_final_third_p90PR,progressive_passes_p90PR,xT_pass_p90PR,forward_passes_p90PR,League
Monaco,4t4hod56fsj7utpjdor8so5q6,28x7i681wkjueanvkevew3bh1,A. Golovin,Aleksandr Golovin,30,Midfielder,Russia,Midfielder,4.0,21.0,25.0,0.0,2.0,2.0,1.0,1.0,0.0,0.0,0.0,3.0,1.0,0.0,90.0,2.0,6.0,0.0,0.0,0.0,0.0,1.0,1.0,0.0,0.0,80.65,33.33,0.0,0.0,100.0,75.0,0.0,0.0,0.0,0.0,0.0,0.0,0.0,0.0,0.0,0.0,0.0,0.0,4.0,21.0,25.0,0.0,2.0,2.0,1.0,1.0,0.0,0.0,0.0,3.0,1.0,0.0,2.0,6.0,0.0,0.0,0.0,0.0,1.0,1.0,0.0,0.0,80.65,33.33,0.0,0.0,100.0,75.0,0.0,0.0,0.0,0.0,0.0,0.0,0.0,0.0,0.0,0.0,0.0,0.0,LM/LCM,50,50,50,75,75,100,100,100,75,50,50,100,100,75,100,100,75,50,75,50,50,75,75,75,50,50,50,75,100,100,75,50,75,50,75,50,50,50,50,50,50,50,50,50,50,75,75,100,100,100,75,50,50,100,100,75,100,100,75,50,75,50,50,75,75,75,50,50,50,75,100,100,75,50,75,50,75,50,50,50,50,50,50,50,Ligue 1
Monaco,4t4hod56fsj7utpjdor8so5q6,2jc6sdkse1kxjztsgystidot1,D. Zakaria,Denis Zakaria,29,Midfielder,Switzerland,Midfielder,7.0,16.0,23.0,0.0,0.0,1.0,0.0,1.0,0.0,3.0,3.0,8.0,2.0,0.0,90.0,0.0,3.0,3.0,3.0,2.0,0.0,0.0,1.0,0.0,0.0,85.19,0.0,0.0,66.67,0.0,72.73,0.0,100.0,0.0,0.0,0.0,0.0,0.0,0.0,0.0,0.0,0.0,0.0,7.0,16.0,23.0,0.0,0.0,1.0,0.0,1.0,0.0,3.0,3.0,8.0,2.0,0.0,0.0,3.0,3.0,3.0,2.0,0.0,0.0,1.0,0.0,0.0,85.19,0.0,0.0,66.67,0.0,72.73,0.0,100.0,0.0,0.0,0.0,0.0,0.0,0.0,0.0,0.0,0.0,0.0,DM/CM,6,24,6,21,24,62,47,71,47,94,91,94,59,50,41,97,97,88,94,41,6,35,53,50,47,6,41,79,41,100,26,82,35,38,38,38,38,47,29,32,29,29,6,24,6,21,24,62,47,71,47,94,91,94,59,50,41,97,97,88,94,41,6,35,53,50,47,6,41,79,41,100,26,82,35,38,38,38,38,47,29,32,29,29,Ligue 1
Monaco,4t4hod56fsj7utpjdor8so5q6,8eq4c5cotvem9ae9uzb2yezo4,L. Camara,Lamine Camara,22,Midfielder,Senegal,Midfielder,37.0,30.0,67.0,1.0,1.0,1.0,0.0,1.0,0.0,1.0,1.0,12.0,2.0,0.0,90.0,1.0,0.0,1.0,7.0,1.0,0.0,1.0,0.0,0.0,0.0,93.06,50.0,0.0,100.0,100.0,70.59,50.0,77.78,0.0,0.0,0.0,0.0,0.0,0.0,0.0,0.0,0.0,0.0,37.0,30.0,67.0,1.0,1.0,1.0,0.0,1.0,0.0,1.0,1.0,12.0,2.0,0.0,1.0,0.0,1.0,7.0,1.0,0.0,1.0,0.0,0.0,0.0,93.06,50.0,0.0,100.0,100.0,70.59,50.0,77.78,0.0,0.0,0.0,0.0,0.0,0.0,0.0,0.0,0.0,0.0,DM/CM,85,82,88,62,62,62,47,71,47,56,53,100,59,50,88,32,47,100,74,41,21,12,53,50,88,50,41,94,97,94,79,59,35,38,38,38,38,47,29,32,29,29,85,82,88,62,62,62,47,71,47,56,53,100,59,50,88,32,47,100,74,41,21,12,53,50,88,50,41,94,97,94,79,59,35,38,38,38,38,47,29,32,29,29,Ligue 1
Monaco,4t4hod56fsj7utpjdor8so5q6,az7wa6km1zhvsb8y4mndlogyd,E. Dier,Eric Dier,32,Defender,England,Defender,20.0,14.0,34.0,4.0,0.0,1.0,1.0,0.0,0.0,2.0,2.0,8.0,10.0,1.0,90.0,1.0,1.0,0.0,1.0,2.0,0.0,2.0,0.0,0.0,0.0,80.95,40.0,0.0,100.0,100.0,88.89,0.0,50.0,0.0,0.0,0.0,0.0,0.0,0.0,0.0,0.0,0.0,0.0,20.0,14.0,34.0,4.0,0.0,1.0,1.0,0.0,0.0,2.0,2.0,8.0,10.0,1.0,1.0,1.0,0.0,1.0,2.0,0.0,2.0,0.0,0.0,0.0,80.95,40.0,0.0,100.0,100.0,88.89,0.0,50.0,0.0,0.0,0.0,0.0,0.0,0.0,0.0,0.0,0.0,0.0,CB,9,57,16,95,39,91,93,50,52,98,95,100,82,100,100,82,34,59,100,52,52,18,48,52,14,68,52,100,100,100,25,43,45,43,50,50,50,52,43,43,41,41,9,57,16,95,39,91,93,50,52,98,95,100,82,100,100,82,34,59,100,52,52,18,48,52,14,68,52,100,100,100,25,43,45,43,50,50,50,52,43,43,41,41,Ligue 1
Monaco,4t4hod56fsj7utpjdor8so5q6,bffc3dzdi9c6ix77k1yaepjpw,S. Sané,Sadibou Sané,22,Defender,Senegal,Defender,21.0,16.0,37.0,1.0,1.0,0.0,0.0,0.0,0.0,0.0,0.0,2.0,8.0,0.0,90.0,0.0,0.0,0.0,1.0,0.0,0.0,1.0,0.0,0.0,0.0,84.09,16.67,0.0,0.0,0.0,50.0,50.0,100.0,0.0,0.0,0.0,0.0,0.0,0.0,0.0,0.0,0.0,0.0,21.0,16.0,37.0,1.0,1.0,0.0,0.0,0.0,0.0,0.0,0.0,2.0,8.0,0.0,0.0,0.0,0.0,1.0,0.0,0.0,1.0,0.0,0.0,0.0,84.09,16.67,0.0,0.0,0.0,50.0,50.0,100.0,0.0,0.0,0.0,0.0,0.0,0.0,0.0,0.0,0.0,0.0,CB,14,73,36,36,86,43,45,50,52,48,45,23,70,50,50,36,34,59,48,52,39,18,48,52,23,36,52,48,50,48,75,82,45,43,50,50,50,52,43,43,41,41,14,73,36,36,86,43,45,50,52,48,45,23,70,50,50,36,34,59,48,52,39,18,48,52,23,36,52,48,50,48,75,82,45,43,50,50,50,52,43,43,41,41,Ligue 1
Angers,75qj99fhg5c0ztj2tva5u4uii,2rsqkarlkh6z8vrb0clfbz6xh,B. van den Boomen,Branco van den Boomen,31,Midfielder,Netherlands,Midfielder,30.0,31.0,58.0,0.0,2.0,0.0,0.0,0.0,0.0,0.0,0.0,3.0,1.0,0.0,90.0,0.0,1.0,0.0,0.0,0.0,3.0,9.0,1.0,0.0,0.0,85.29,75.0,27.27,0.0,0.0,50.0,0.0,0.0,0.0,0.0,0.0,0.0,0.0,0.0,0.0,0.0,0.0,0.0,30.0,31.0,58.0,0.0,2.0,0.0,0.0,0.0,0.0,0.0,0.0,3.0,1.0,0.0,0.0,1.0,0.0,0.0,0.0,3.0,9.0,1.0,0.0,0.0,85.29,75.0,27.27,0.0,0.0,50.0,0.0,0.0,0.0,0.0,0.0,0.0,0.0,0.0,0.0,0.0,0.0,0.0,DM/CM,74,88,71,21,85,26,47,29,47,21,21,18,32,50,41,74,15,18,32,94,94,35,53,50,59,100,82,32,41,44,26,18,35,38,38,38,38,47,29,32,29,29,74,88,71,21,85,26,47,29,47,21,21,18,32,50,41,74,15,18,32,94,94,35,53,50,59,100,82,32,41,44,26,18,35,38,38,38,38,47,29,32,29,29,Ligue 1
Angers,75qj99fhg5c0ztj2tva5u4uii,4hfq1ngrroah5xew91woxg07o,J. Ekomié,Jacques Ekomié,23,Defender,Gabon,Defender,10.0,15.0,25.0,1.0,0.0,2.0,1.0,1.0,0.0,2.0,2.0,5.0,1.0,0.0,90.0,0.0,2.0,0.0,3.0,1.0,0.0,0.0,2.0,0.0,0.0,83.33,0.0,0.0,50.0,0.0,45.45,0.0,100.0,0.0,0.0,0.0,0.0,0.0,0.0,0.0,0.0,0.0,0.0,10.0,15.0,25.0,1.0,0.0,2.0,1.0,1.0,0.0,2.0,2.0,5.0,1.0,0.0,0.0,2.0,0.0,3.0,1.0,0.0,0.0,2.0,0.0,0.0,83.33,0.0,0.0,50.0,0.0,45.45,0.0,100.0,0.0,0.0,0.0,0.0,0.0,0.0,0.0,0.0,0.0,0.0,LB/LCB,12,38,12,44,29,94,88,97,53,82,82,65,26,53,53,79,29,85,79,47,15,85,53,53,35,15,47,71,53,29,32,88,44,35,50,41,41,38,29,32,29,29,12,38,12,44,29,94,88,97,53,82,82,65,26,53,53,79,29,85,79,47,15,85,53,53,35,15,47,71,53,29,32,88,44,35,50,41,41,38,29,32,29,29,Ligue 1
Angers,75qj99fhg5c0ztj2tva5u4uii,4nzndhd2pnky4szpunvlyxs2y,A. Sbaï,Amine Sbaï,25,Attacker,Morocco,Striker,5.0,25.0,25.0,1.0,9.0,3.0,2.0,1.0,3.0,2.0,2.0,6.0,0.0,0.0,90.0,0.0,8.0,4.0,0.0,1.0,5.0,1.0,0.0,0.0,0.0,69.44,33.33,55.56,50.0,0.0,66.67,0.0,0.0,0.0,0.0,0.0,0.0,0.0,0.0,0.0,0.0,0.0,0.0,5.0,25.0,25.0,1.0,9.0,3.0,2.0,1.0,3.0,2.0,2.0,6.0,0.0,0.0,0.0,8.0,4.0,0.0,1.0,5.0,1.0,0.0,0.0,0.0,69.44,33.33,55.56,50.0,0.0,66.67,0.0,0.0,0.0,0.0,0.0,0.0,0.0,0.0,0.0,0.0,0.0,0.0,LW,100,50,50,100,100,100,100,100,100,50,50,100,75,75,50,100,100,50,50,100,75,75,75,75,50,50,100,50,50,100,75,50,50,75,50,50,50,50,50,50,50,50,100,50,50,100,100,100,100,100,100,50,50,100,75,75,50,100,100,50,50,100,75,75,75,75,50,50,100,50,50,100,75,50,50,75,50,50,50,50,50,50,50,50,Ligue 1
Angers,75qj99fhg5c0ztj2tva5u4uii,99yx7t2j59cyia4bkpi59q1as,O. Camara,Ousmane Camara,23,Defender,Mali,Defender,43.0,18.0,61.0,0.0,1.0,0.0,0.0,0.0,0.0,0.0,0.0,1.0,6.0,0.0,90.0,0.0,0.0,0.0,1.0,0.0,0.0,0.0,1.0,1.0,0.0,95.31,0.0,0.0,0.0,0.0,50.0,0.0,100.0,0.0,0.0,0.0,0.0,0.0,0.0,0.0,0.0,0.0,0.0,43.0,18.0,61.0,0.0,1.0,0.0,0.0,0.0,0.0,0.0,0.0,1.0,6.0,0.0,0.0,0.0,0.0,1.0,0.0,0.0,0.0,1.0,1.0,0.0,95.31,0.0,0.0,0.0,0.0,50.0,0.0,100.0,0.0,0.0,0.0,0.0,0.0,0.0,0.0,0.0,0.0,0.0,CB,80,82,77,11,86,43,45,50,52,48,45,9,50,50,50,36,34,59,48,52,18,52,98,52,73,18,52,48,50,48,25,82,45,43,50,50,50,52,43,43,41,41,80,82,77,11,86,43,45,50,52,48,45,9,50,50,50,36,34,59,48,52,18,52,98,52,73,18,52,48,50,48,25,82,45,43,50,50,50,52,43,43,41,41,Ligue 1
Angers,75qj99fhg5c0ztj2tva5u4uii,ar3g1flq7vgbl90q9t1v4y02d,J. Lefort,Jordan Lefort,33,Defender,Mauritania,Defender,31.0,32.0,63.0,2.0,2.0,0.0,0.0,0.0,0.0,0.0,0.0,4.0,4.0,0.0,90.0,0.0,1.0,1.0,1.0,0.0,0.0,10.0,1.0,0.0,0.0,86.3,71.43,0.0,0.0,0.0,50.0,66.67,100.0,0.0,0.0,0.0,0.0,0.0,0.0,0.0,0.0,0.0,0.0,31.0,32.0,63.0,2.0,2.0,0.0,0.0,0.0,0.0,0.0,0.0,4.0,4.0,0.0,0.0,1.0,1.0,1.0,0.0,0.0,10.0,1.0,0.0,0.0,86.3,71.43,0.0,0.0,0.0,50.0,66.67,100.0,0.0,0.0,0.0,0.0,0.0,0.0,0.0,0.0,0.0,0.0,LB/LCB,65,88,88,76,97,41,44,47,53,24,24,41,82,53,53,59,74,56,32,47,100,56,53,53,65,85,47,32,53,41,82,88,44,35,50,41,41,38,29,32,29,29,65,88,88,76,97,41,44,47,53,24,24,41,82,53,53,59,74,56,32,47,100,56,53,53,65,85,47,32,53,41,82,88,44,35,50,41,41,38,29,32,29,29,Ligue 1
Auxerre,9bxav814mkuhueiyivyive82d,2173tp0hk6gsx2o46hx4h5mju,C. Akpa,Clément Akpa,24,Defender,Côte d'Ivoire,Defender,18.0,23.0,40.0,1.0,1.0,0.0,0.0,0.0,0.0,1.0,1.0,5.0,2.0,0.0,90.0,0.0,0.0,0.0,3.0,1.0,1.0,5.0,2.0,0.0,0.0,81.63,50.0,50.0,100.0,0.0,55.56,0.0,100.0,0.0,0.0429892676423592,0.0,0.0,0.0,1.0,4.0,5.0,0.1089057299999999,30.0,18.0,23.0,40.0,1.0,1.0,0.0,0.0,0.0,0.0,1.0,1.0,5.0,2.0,0.0,0.0,0.0,0.0,3.0,1.0,1.0,5.0,2.0,0.0,0.0,81.63,50.0,50.0,100.0,0.0,55.56,0.0,100.0,0.0,0.0429892676423592,0.0,0.0,0.0,1.0,4.0,5.0,0.1089057299999999,30.0,LB/LCB,38,79,41,44,74,41,44,47,53,56,56,65,50,53,53,26,29,85,79,97,91,85,53,53,24,62,97,94,53,56,32,88,44,88,50,41,41,85,82,82,82,88,38,79,41,44,74,41,44,47,53,56,56,65,50,53,53,26,29,85,79,97,91,85,53,53,24,62,97,94,53,56,32,88,44,88,50,41,41,85,82,82,82,88,Ligue 1
Auxerre,9bxav814mkuhueiyivyive82d,4sjs5ktvkun9g96w6h5a39puc,K. Danois,Kévin Danois,22,Midfielder,France,Midfielder,29.0,24.0,53.0,1.0,0.0,2.0,1.0,1.0,0.0,4.0,4.0,7.0,2.0,0.0,90.0,1.0,5.0,1.0,0.0,3.0,0.0,2.0,0.0,0.0,0.0,79.1,66.67,0.0,75.0,50.0,53.85,50.0,0.0,0.1133992778463302,0.0,1.0,6.0,0.1389285999999999,3.0,2.0,6.0,0.12792695,23.0,29.0,24.0,53.0,1.0,0.0,2.0,1.0,1.0,0.0,4.0,4.0,7.0,2.0,0.0,1.0,5.0,1.0,0.0,3.0,0.0,2.0,0.0,0.0,0.0,79.1,66.67,0.0,75.0,50.0,53.85,50.0,0.0,0.1133992778463302,0.0,1.0,6.0,0.1389285999999999,3.0,2.0,6.0,0.12792695,23.0,CM/AM,100,78,89,67,28,78,67,89,33,94,94,89,89,56,94,89,72,28,100,39,72,33,56,50,33,61,39,89,94,67,100,28,89,39,100,89,89,94,89,89,89,89,100,78,89,67,28,78,67,89,33,94,94,89,89,56,94,89,72,28,100,39,72,33,56,50,33,61,39,89,94,67,100,28,89,39,100,89,89,94,89,89,89,89,Ligue 1
Auxerre,9bxav814mkuhueiyivyive82d,9t2dfjl5agcsblpq8dpqojofe,L. Sy,Lamine Sy,24,Defender,France,Defender,11.0,9.0,20.0,0.0,1.0,1.0,1.0,0.0,0.0,6.0,6.0,3.0,1.0,1.0,90.0,1.0,2.0,0.0,0.0,2.0,0.0,2.0,1.0,0.0,0.0,68.97,50.0,0.0,33.33,100.0,23.08,0.0,0.0,0.1833900109083657,0.0734194491719626,0.0,2.0,0.0348216,0.0,3.0,3.0,0.04763365,12.0,11.0,9.0,20.0,0.0,1.0,1.0,1.0,0.0,0.0,6.0,6.0,3.0,1.0,1.0,1.0,2.0,0.0,0.0,2.0,0.0,2.0,1.0,0.0,0.0,68.97,50.0,0.0,33.33,100.0,23.08,0.0,0.0,0.1833900109083657,0.0734194491719626,0.0,2.0,0.0348216,0.0,3.0,3.0,0.04763365,12.0,RB/RCB,17,33,17,21,88,67,79,42,50,92,92,25,25,96,83,71,25,12,83,50,58,50,54,54,25,71,50,67,88,17,38,12,100,83,42,75,75,42,79,71,50,54,17,33,17,21,88,67,79,42,50,92,92,25,25,96,83,71,25,12,83,50,58,50,54,54,25,71,50,67,88,17,38,12,100,83,42,75,75,42,79,71,50,54,Ligue 1
Auxerre,9bxav814mkuhueiyivyive82d,e9mtpmkb4qj2gqyv966g9ulpm,S. Diomandé,Sinaly Diomandé,25,Defender,Côte d'Ivoire,Defender,27.0,2.0,29.0,1.0,0.0,1.0,0.0,1.0,0.0,0.0,0.0,3.0,3.0,0.0,90.0,0.0,0.0,1.0,1.0,0.0,0.0,0.0,2.0,0.0,0.0,85.29,0.0,0.0,0.0,0.0,50.0,50.0,100.0,0.0470691253048778,0.0,1.0,0.0,0.0,0.0,0.0,0.0,0.0185277199999999,21.0,27.0,2.0,29.0,1.0,0.0,1.0,0.0,1.0,0.0,0.0,0.0,3.0,3.0,0.0,0.0,0.0,1.0,1.0,0.0,0.0,0.0,2.0,0.0,0.0,85.29,0.0,0.0,0.0,0.0,50.0,50.0,100.0,0.0470691253048778,0.0,1.0,0.0,0.0,0.0,0.0,0.0,0.0185277199999999,21.0,CB,23,7,9,36,39,91,45,100,52,48,45,45,16,50,50,36,80,59,48,52,18,84,48,52,32,18,52,48,50,48,75,82,91,43,100,50,50,52,43,43,82,82,23,7,9,36,39,91,45,100,52,48,45,45,16,50,50,36,80,59,48,52,18,84,48,52,32,18,52,48,50,48,75,82,91,43,100,50,50,52,43,43,82,82,Ligue 1
Troyes,3unkqo2g6ag99gd5ynz1j7vse,82po88ekor7bhxfcnwmvsmdjo,A. Ouzenadji,Anis Ouzenadji,19,Defender,France,Defender,25.0,23.0,48.0,0.0,0.0,0.0,0.0,0.0,0.0,2.0,2.0,5.0,1.0,0.0,90.0,0.0,1.0,2.0,1.0,1.0,0.0,3.0,2.0,0.0,0.0,81.36,42.86,0.0,50.0,0.0,55.56,0.0,50.0,0.0,0.0,0.0,0.0,0.0,0.0,0.0,0.0,0.0,0.0,25.0,23.0,48.0,0.0,0.0,0.0,0.0,0.0,0.0,2.0,2.0,5.0,1.0,0.0,0.0,1.0,2.0,1.0,1.0,0.0,3.0,2.0,0.0,0.0,81.36,42.86,0.0,50.0,0.0,55.56,0.0,50.0,0.0,0.0,0.0,0.0,0.0,0.0,0.0,0.0,0.0,0.0,LB/LCB,53,79,53,12,29,41,44,47,53,82,82,65,26,53,53,59,97,56,79,47,65,85,53,53,18,53,47,71,53,56,32,53,44,35,50,41,41,38,29,32,29,29,53,79,53,12,29,41,44,47,53,82,82,65,26,53,53,59,97,56,79,47,65,85,53,53,18,53,47,71,53,56,32,53,44,35,50,41,41,38,29,32,29,29,Ligue 1
Troyes,3unkqo2g6ag99gd5ynz1j7vse,8y3eslj8a5bm2rj0aoaluf7kk,M. Diop,Mouhamed Diop,25,Midfielder,Senegal,Midfielder,19.0,27.0,46.0,0.0,0.0,0.0,0.0,0.0,0.0,0.0,0.0,5.0,3.0,0.0,90.0,0.0,0.0,3.0,1.0,0.0,0.0,2.0,2.0,0.0,0.0,93.88,50.0,0.0,0.0,0.0,38.46,0.0,50.0,0.0,0.0,0.0,0.0,0.0,0.0,0.0,0.0,0.0,0.0,19.0,27.0,46.0,0.0,0.0,0.0,0.0,0.0,0.0,0.0,0.0,5.0,3.0,0.0,0.0,0.0,3.0,1.0,0.0,0.0,2.0,2.0,0.0,0.0,93.88,50.0,0.0,0.0,0.0,38.46,0.0,50.0,0.0,0.0,0.0,0.0,0.0,0.0,0.0,0.0,0.0,0.0,DM/CM,24,71,53,21,24,26,47,29,47,21,21,53,76,50,41,32,97,47,32,41,53,71,53,50,100,50,41,32,41,12,26,44,35,38,38,38,38,47,29,32,29,29,24,71,53,21,24,26,47,29,47,21,21,53,76,50,41,32,97,47,32,41,53,71,53,50,100,50,41,32,41,12,26,44,35,38,38,38,38,47,29,32,29,29,Ligue 1
Troyes,3unkqo2g6ag99gd5ynz1j7vse,9c649h97duf864wx0k6e3yn6d,A. Monfray,Adrien Monfray,35,Defender,France,Defender,41.0,32.0,73.0,2.0,0.0,0.0,0.0,0.0,0.0,0.0,0.0,3.0,4.0,0.0,90.0,0.0,0.0,0.0,1.0,0.0,0.0,10.0,2.0,0.0,0.0,92.41,76.92,0.0,0.0,0.0,60.0,0.0,100.0,0.0,0.0,0.0,0.0,0.0,0.0,0.0,0.0,0.0,0.0,41.0,32.0,73.0,2.0,0.0,0.0,0.0,0.0,0.0,0.0,0.0,3.0,4.0,0.0,0.0,0.0,0.0,1.0,0.0,0.0,10.0,2.0,0.0,0.0,92.41,76.92,0.0,0.0,0.0,60.0,0.0,100.0,0.0,0.0,0.0,0.0,0.0,0.0,0.0,0.0,0.0,0.0,RB/RCB,92,83,83,83,42,25,33,42,50,17,17,25,79,46,38,29,25,46,33,50,100,83,54,54,83,92,50,33,38,62,38,88,29,42,42,29,29,42,25,25,25,25,92,83,83,83,42,25,33,42,50,17,17,25,79,46,38,29,25,46,33,50,100,83,54,54,83,92,50,33,38,62,38,88,29,42,42,29,29,42,25,25,25,25,Ligue 1
Troyes,3unkqo2g6ag99gd5ynz1j7vse,eja2nphte2kxb19bz108zk7is,J. Diaz,Junior Diaz,23,Defender,Côte d'Ivoire,Defender,42.0,10.0,52.0,2.0,0.0,0.0,0.0,0.0,0.0,0.0,0.0,4.0,3.0,0.0,90.0,0.0,0.0,0.0,2.0,0.0,0.0,3.0,2.0,0.0,0.0,94.55,100.0,0.0,0.0,0.0,44.44,66.67,100.0,0.0,0.0,0.0,0.0,0.0,0.0,0.0,0.0,0.0,0.0,42.0,10.0,52.0,2.0,0.0,0.0,0.0,0.0,0.0,0.0,0.0,4.0,3.0,0.0,0.0,0.0,0.0,2.0,0.0,0.0,3.0,2.0,0.0,0.0,94.55,100.0,0.0,0.0,0.0,44.44,66.67,100.0,0.0,0.0,0.0,0.0,0.0,0.0,0.0,0.0,0.0,0.0,CB,68,41,59,70,39,43,45,50,52,48,45,68,16,50,50,36,34,91,48,52,73,84,48,52,68,100,52,48,50,30,91,82,45,43,50,50,50,52,43,43,41,41,68,41,59,70,39,43,45,50,52,48,45,68,16,50,50,36,34,91,48,52,73,84,48,52,68,100,52,48,50,30,91,82,45,43,50,50,50,52,43,43,41,41,Ligue 1
Troyes,3unkqo2g6ag99gd5ynz1j7vse,ekinrtbex5kz9l7x9gbxikjkk,M. Ifnaoui,Merwan Ifnaoui,27,Midfielder,France,Midfielder,10.0,26.0,34.0,1.0,3.0,1.0,1.0,0.0,1.0,2.0,2.0,3.0,0.0,0.0,90.0,0.0,2.0,1.0,0.0,1.0,2.0,3.0,0.0,0.0,0.0,77.27,42.86,50.0,50.0,0.0,75.0,0.0,0.0,0.1025948520385224,0.3123514339072507,0.0,2.0,0.041573,1.0,4.0,5.0,0.18218315,14.0,10.0,26.0,34.0,1.0,3.0,1.0,1.0,0.0,1.0,2.0,2.0,3.0,0.0,0.0,0.0,2.0,1.0,0.0,1.0,2.0,3.0,0.0,0.0,0.0,77.27,42.86,50.0,50.0,0.0,75.0,0.0,0.0,0.1025948520385224,0.3123514339072507,0.0,2.0,0.041573,1.0,4.0,5.0,0.18218315,14.0,RM/RCM,33,100,33,83,100,33,50,50,83,50,50,50,50,67,33,33,67,50,33,100,100,67,67,67,33,67,100,33,33,83,67,50,33,100,33,67,33,67,83,100,100,33,33,100,33,83,100,33,50,50,83,50,50,50,50,67,33,33,67,50,33,100,100,67,67,67,33,67,100,33,33,83,67,50,33,100,33,67,33,67,83,100,100,33,Ligue 1
Troyes,3unkqo2g6ag99gd5ynz1j7vse,es8xeko9cu9hvx5smdxiqan84,H. Picard,Hugo Picard,23,Midfielder,France,Midfielder,11.0,24.0,32.0,0.0,2.0,0.0,0.0,0.0,0.0,1.0,1.0,1.0,0.0,0.0,90.0,0.0,2.0,0.0,1.0,0.0,3.0,3.0,1.0,0.0,0.0,84.21,100.0,60.0,0.0,0.0,25.0,0.0,100.0,0.0,0.1938140302564004,0.0,3.0,0.10271822,1.0,2.0,4.0,0.25329894,14.0,11.0,24.0,32.0,0.0,2.0,0.0,0.0,0.0,0.0,1.0,1.0,1.0,0.0,0.0,0.0,2.0,0.0,1.0,0.0,3.0,3.0,1.0,0.0,0.0,84.21,100.0,60.0,0.0,0.0,25.0,0.0,100.0,0.0,0.1938140302564004,0.0,3.0,0.10271822,1.0,2.0,4.0,0.25329894,14.0,LM/LCM,100,100,100,75,75,50,50,50,75,100,100,50,50,75,50,50,75,100,75,100,100,75,75,75,100,100,100,75,50,50,75,100,75,100,75,100,100,100,100,100,100,100,100,100,100,75,75,50,50,50,75,100,100,50,50,75,50,50,75,100,75,100,100,75,75,75,100,100,100,75,50,50,75,100,75,100,75,100,100,100,100,100,100,100,Ligue 1
Lorient,70nn27vgkt6l48lvv5e66q7ww,5c2zuz7f53hvqn5be1k2nddsk,A. Kouassi,Arsène Kouassi,22,Defender,Burkina Faso,Defender,11.0,11.0,22.0,1.0,0.0,0.0,0.0,0.0,0.0,2.0,2.0,3.0,0.0,0.0,90.0,0.0,1.0,1.0,0.0,0.0,0.0,0.0,1.0,0.0,0.0,84.62,0.0,0.0,0.0,0.0,50.0,0.0,0.0,0.0,0.0,0.0,0.0,0.0,0.0,0.0,0.0,0.0,0.0,11.0,11.0,22.0,1.0,0.0,0.0,0.0,0.0,0.0,2.0,2.0,3.0,0.0,0.0,0.0,1.0,1.0,0.0,0.0,0.0,0.0,1.0,0.0,0.0,84.62,0.0,0.0,0.0,0.0,50.0,0.0,0.0,0.0,0.0,0.0,0.0,0.0,0.0,0.0,0.0,0.0,0.0,LB/LCB,21,12,6,44,29,41,44,47,53,82,82,24,6,53,53,59,74,24,32,47,15,56,53,53,41,15,47,32,53,41,32,24,44,35,50,41,41,38,29,32,29,29,21,12,6,44,29,41,44,47,53,82,82,24,6,53,53,59,74,24,32,47,15,56,53,53,41,15,47,32,53,41,32,24,44,35,50,41,41,38,29,32,29,29,Ligue 1
Lorient,70nn27vgkt6l48lvv5e66q7ww,5wsz3usdkj01snq28pzpiwb2s,A. Avom,Arthur Avom,21,Midfielder,Cameroon,Midfielder,20.0,26.0,45.0,0.0,1.0,0.0,0.0,0.0,0.0,1.0,3.0,3.0,0.0,0.0,90.0,0.0,0.0,1.0,0.0,0.0,1.0,1.0,2.0,0.0,0.0,90.0,50.0,33.33,0.0,0.0,50.0,0.0,0.0,0.0,0.1698690272291461,0.0,3.0,0.08891472,1.0,3.0,8.0,0.45867645,28.0,20.0,26.0,45.0,0.0,1.0,0.0,0.0,0.0,0.0,1.0,3.0,3.0,0.0,0.0,0.0,0.0,1.0,0.0,0.0,1.0,1.0,2.0,0.0,0.0,90.0,50.0,33.33,0.0,0.0,50.0,0.0,0.0,0.0,0.1698690272291461,0.0,3.0,0.08891472,1.0,3.0,8.0,0.45867645,28.0,DM/CM,29,62,47,21,62,26,47,29,47,56,91,18,9,50,41,32,47,18,32,85,21,71,53,50,79,50,88,32,41,44,26,18,35,88,38,97,94,94,82,97,100,82,29,62,47,21,62,26,47,29,47,56,91,18,9,50,41,32,47,18,32,85,21,71,53,50,79,50,88,32,41,44,26,18,35,88,38,97,94,94,82,97,100,82,Ligue 1
Lorient,70nn27vgkt6l48lvv5e66q7ww,60no437awq8i5th7nlffh3dn9,J. Makengo,Jean-Victor Makengo,28,Midfielder,France,Midfielder,15.0,21.0,36.0,1.0,0.0,3.0,3.0,0.0,0.0,2.0,2.0,6.0,2.0,0.0,90.0,1.0,4.0,2.0,1.0,2.0,0.0,1.0,0.0,0.0,0.0,90.0,100.0,0.0,100.0,33.33,75.0,0.0,100.0,0.3542574397748201,0.0,1.0,2.0,0.04691444,1.0,4.0,4.0,0.09215545,15.0,15.0,21.0,36.0,1.0,0.0,3.0,3.0,0.0,0.0,2.0,2.0,6.0,2.0,0.0,1.0,4.0,2.0,1.0,2.0,0.0,1.0,0.0,0.0,0.0,90.0,100.0,0.0,100.0,33.33,75.0,0.0,100.0,0.3542574397748201,0.0,1.0,2.0,0.04691444,1.0,4.0,4.0,0.09215545,15.0,RM/RCM,67,33,67,83,33,83,100,50,33,50,50,100,100,67,83,83,100,100,83,50,50,67,67,67,100,100,50,100,83,83,67,100,100,33,67,67,67,67,83,67,33,67,67,33,67,83,33,83,100,50,33,50,50,100,100,67,83,83,100,100,83,50,50,67,67,67,100,100,50,100,83,83,67,100,100,33,67,67,67,67,83,67,33,67,Ligue 1
Lorient,70nn27vgkt6l48lvv5e66q7ww,996i59930r3kd4xk48x9fsp2h,M. Talbi,Montassar Talbi,28,Defender,Tunisia,Defender,43.0,14.0,57.0,2.0,0.0,0.0,0.0,0.0,0.0,0.0,0.0,3.0,6.0,0.0,90.0,0.0,1.0,1.0,0.0,0.0,0.0,0.0,0.0,0.0,0.0,87.69,0.0,0.0,0.0,0.0,75.0,66.67,0.0,0.0,0.0,0.0,0.0,0.0,0.0,0.0,0.0,0.0,0.0,43.0,14.0,57.0,2.0,0.0,0.0,0.0,0.0,0.0,0.0,0.0,3.0,6.0,0.0,0.0,1.0,1.0,0.0,0.0,0.0,0.0,0.0,0.0,0.0,87.69,0.0,0.0,0.0,0.0,75.0,66.67,0.0,0.0,0.0,0.0,0.0,0.0,0.0,0.0,0.0,0.0,0.0,CB,80,57,68,70,39,43,45,50,52,48,45,45,50,50,50,82,80,18,48,52,18,18,48,52,41,18,52,48,50,80,91,18,45,43,50,50,50,52,43,43,41,41,80,57,68,70,39,43,45,50,52,48,45,45,50,50,50,82,80,18,48,52,18,18,48,52,41,18,52,48,50,80,91,18,45,43,50,50,50,52,43,43,41,41,Ligue 1
Lorient,70nn27vgkt6l48lvv5e66q7ww,ax69g2ukn2tsaz71n0waf58q2,N. Cadiou,Noah Cadiou,27,Midfielder,Guadeloupe,Midfielder,24.0,12.0,36.0,3.0,1.0,2.0,1.0,1.0,0.0,2.0,2.0,7.0,1.0,0.0,90.0,0.0,3.0,2.0,1.0,1.0,0.0,2.0,1.0,0.0,0.0,81.82,66.67,0.0,50.0,0.0,43.75,50.0,100.0,0.1970196968262394,0.0,1.0,1.0,0.01935132,0.0,2.0,3.0,0.1144702399999999,16.0,24.0,12.0,36.0,3.0,1.0,2.0,1.0,1.0,0.0,2.0,2.0,7.0,1.0,0.0,0.0,3.0,2.0,1.0,1.0,0.0,2.0,1.0,0.0,0.0,81.82,66.67,0.0,50.0,0.0,43.75,50.0,100.0,0.1970196968262394,0.0,1.0,1.0,0.01935132,0.0,2.0,3.0,0.1144702399999999,16.0,DM/CM,35,12,26,94,62,85,94,71,47,79,74,88,32,50,41,97,79,47,74,41,53,35,53,50,18,91,41,71,41,24,79,82,94,38,82,82,79,47,71,74,82,62,35,12,26,94,62,85,94,71,47,79,74,88,32,50,41,97,79,47,74,41,53,35,53,50,18,91,41,71,41,24,79,82,94,38,82,82,79,47,71,74,82,62,Ligue 1
Lorient,70nn27vgkt6l48lvv5e66q7ww,csye3q50ciculdiggvcefx8x6,N. Adjei,Nathaniel Adjei,24,Defender,Ghana,Defender,37.0,7.0,44.0,3.0,0.0,0.0,0.0,0.0,0.0,0.0,0.0,7.0,4.0,0.0,90.0,0.0,0.0,2.0,1.0,0.0,0.0,0.0,1.0,0.0,0.0,95.65,0.0,0.0,0.0,0.0,87.5,75.0,50.0,0.0,0.0,0.0,0.0,0.0,0.0,0.0,0.0,0.0,0.0,37.0,7.0,44.0,3.0,0.0,0.0,0.0,0.0,0.0,0.0,0.0,7.0,4.0,0.0,0.0,0.0,2.0,1.0,0.0,0.0,0.0,1.0,0.0,0.0,95.65,0.0,0.0,0.0,0.0,87.5,75.0,50.0,0.0,0.0,0.0,0.0,0.0,0.0,0.0,0.0,0.0,0.0,CB,59,23,50,91,39,43,45,50,52,48,45,95,30,50,50,36,95,59,48,52,18,52,48,52,82,18,52,48,50,95,100,43,45,43,50,50,50,52,43,43,41,41,59,23,50,91,39,43,45,50,52,48,45,95,30,50,50,36,95,59,48,52,18,52,48,52,82,18,52,48,50,95,100,43,45,43,50,50,50,52,43,43,41,41,Ligue 1
Le Havre,23pqcgxu1tip265hbe01kszbt,1anl1jfwm7l4p3y0tmyvueiuh,A. Seko,Ayumu Seko,26,Defender,Japan,Defender,25.0,11.0,36.0,2.0,0.0,0.0,0.0,0.0,0.0,0.0,0.0,3.0,7.0,0.0,90.0,0.0,1.0,0.0,0.0,0.0,0.0,2.0,4.0,0.0,0.0,80.0,33.33,0.0,0.0,0.0,60.0,66.67,0.0,0.0,0.0,0.0,0.0,0.0,0.0,0.0,0.0,0.0,0.0,25.0,11.0,36.0,2.0,0.0,0.0,0.0,0.0,0.0,0.0,0.0,3.0,7.0,0.0,0.0,1.0,0.0,0.0,0.0,0.0,2.0,4.0,0.0,0.0,80.0,33.33,0.0,0.0,0.0,60.0,66.67,0.0,0.0,0.0,0.0,0.0,0.0,0.0,0.0,0.0,0.0,0.0,CB,18,45,27,70,39,43,45,50,52,48,45,45,61,50,50,82,34,18,48,52,52,100,48,52,9,55,52,48,50,61,91,18,45,43,50,50,50,52,43,43,41,41,18,45,27,70,39,43,45,50,52,48,45,45,61,50,50,82,34,18,48,52,52,100,48,52,9,55,52,48,50,61,91,18,45,43,50,50,50,52,43,43,41,41,Ligue 1
Le Havre,23pqcgxu1tip265hbe01kszbt,3weuuu2vlyod9x7gnk2v9r1ed,V. Sasso,Vincent Sasso,35,Defender,France,Defender,33.0,15.0,48.0,2.0,0.0,0.0,0.0,0.0,0.0,0.0,0.0,4.0,3.0,0.0,90.0,0.0,3.0,0.0,1.0,0.0,0.0,0.0,0.0,0.0,0.0,85.71,0.0,0.0,0.0,0.0,57.14,66.67,50.0,0.0,0.0,0.0,0.0,0.0,0.0,0.0,0.0,0.0,0.0,33.0,15.0,48.0,2.0,0.0,0.0,0.0,0.0,0.0,0.0,0.0,4.0,3.0,0.0,0.0,3.0,0.0,1.0,0.0,0.0,0.0,0.0,0.0,0.0,85.71,0.0,0.0,0.0,0.0,57.14,66.67,50.0,0.0,0.0,0.0,0.0,0.0,0.0,0.0,0.0,0.0,0.0,LB/LCB,76,38,53,76,29,41,44,47,53,24,24,41,68,53,53,97,29,56,32,47,15,21,53,53,56,15,47,32,53,65,82,53,44,35,50,41,41,38,29,32,29,29,76,38,53,76,29,41,44,47,53,24,24,41,68,53,53,97,29,56,32,47,15,21,53,53,56,15,47,32,53,65,82,53,44,35,50,41,41,38,29,32,29,29,Ligue 1
Le Havre,23pqcgxu1tip265hbe01kszbt,45lcfmo0varfc325n562ul2j8,A. Richardson,Amir Richardson,24,Midfielder,Morocco,Midfielder,8.0,15.0,22.0,1.0,2.0,2.0,1.0,1.0,1.0,4.0,4.0,1.0,3.0,0.0,90.0,1.0,3.0,0.0,0.0,0.0,1.0,0.0,0.0,0.0,0.0,84.62,0.0,100.0,0.0,50.0,9.09,33.33,0.0,0.0,0.0,0.0,0.0,0.0,0.0,0.0,0.0,0.0,0.0,8.0,15.0,22.0,1.0,2.0,2.0,1.0,1.0,1.0,4.0,4.0,1.0,3.0,0.0,1.0,3.0,0.0,0.0,0.0,1.0,0.0,0.0,0.0,0.0,84.62,0.0,100.0,0.0,50.0,9.09,33.33,0.0,0.0,0.0,0.0,0.0,0.0,0.0,0.0,0.0,0.0,0.0,CM/AM,22,22,22,67,89,78,67,89,78,94,94,22,100,56,94,67,28,28,33,83,17,33,56,50,50,17,100,33,94,22,78,28,39,39,50,33,33,28,33,33,28,28,22,22,22,67,89,78,67,89,78,94,94,22,100,56,94,67,28,28,33,83,17,33,56,50,50,17,100,33,94,22,78,28,39,39,50,33,33,28,33,33,28,28,Ligue 1
Le Havre,23pqcgxu1tip265hbe01kszbt,4y1je8y7jioje2r96vf8zutxw,J. Mwanga,Junior Mwanga,23,Midfielder,France,Midfielder,14.0,19.0,33.0,0.0,1.0,0.0,0.0,0.0,0.0,0.0,0.0,4.0,1.0,0.0,90.0,0.0,0.0,0.0,2.0,0.0,0.0,2.0,2.0,0.0,0.0,78.57,50.0,0.0,0.0,0.0,40.0,0.0,50.0,0.0,0.0,0.0,0.0,0.0,0.0,0.0,0.0,0.0,0.0,14.0,19.0,33.0,0.0,1.0,0.0,0.0,0.0,0.0,0.0,0.0,4.0,1.0,0.0,0.0,0.0,0.0,2.0,0.0,0.0,2.0,2.0,0.0,0.0,78.57,50.0,0.0,0.0,0.0,40.0,0.0,50.0,0.0,0.0,0.0,0.0,0.0,0.0,0.0,0.0,0.0,0.0,DM/CM,12,41,15,21,62,26,47,29,47,21,21,41,32,50,41,32,15,71,32,41,53,71,53,50,6,50,41,32,41,18,26,44,35,38,38,38,38,47,29,32,29,29,12,41,15,21,62,26,47,29,47,21,21,41,32,50,41,32,15,71,32,41,53,71,53,50,6,50,41,32,41,18,26,44,35,38,38,38,38,47,29,32,29,29,Ligue 1
Le Havre,23pqcgxu1tip265hbe01kszbt,duuan2ogcypv8ftmnypoed3sa,R. Ndiaye,Rassoul Ndiaye,24,Midfielder,Senegal,Midfielder,12.0,34.0,45.0,0.0,1.0,3.0,2.0,1.0,2.0,3.0,3.0,8.0,0.0,0.0,90.0,0.0,4.0,3.0,2.0,1.0,1.0,0.0,1.0,0.0,0.0,78.95,0.0,8.33,33.33,0.0,61.54,0.0,50.0,0.0,0.0,0.0,0.0,0.0,0.0,0.0,0.0,0.0,0.0,12.0,34.0,45.0,0.0,1.0,3.0,2.0,1.0,2.0,3.0,3.0,8.0,0.0,0.0,0.0,4.0,3.0,2.0,1.0,1.0,0.0,1.0,0.0,0.0,78.95,0.0,8.33,33.33,0.0,61.54,0.0,50.0,0.0,0.0,0.0,0.0,0.0,0.0,0.0,0.0,0.0,0.0,CM/AM,44,89,78,28,67,100,94,89,100,72,72,100,28,56,44,78,100,100,72,83,17,83,56,50,22,17,78,67,44,78,39,78,39,39,50,33,33,28,33,33,28,28,44,89,78,28,67,100,94,89,100,72,72,100,28,56,44,78,100,100,72,83,17,83,56,50,22,17,78,67,44,78,39,78,39,39,50,33,33,28,33,33,28,28,Ligue 1
Le Mans,bj8hrmj01r3zit0x8r6qm2eu2,34amaqmj4hm1eoh1ndqv0gwt0,T. Eyoum,Théo Eyoum,24,Defender,France,Defender,32.0,2.0,34.0,2.0,0.0,0.0,0.0,0.0,0.0,0.0,0.0,4.0,10.0,0.0,90.0,0.0,0.0,0.0,1.0,0.0,0.0,0.0,1.0,0.0,0.0,94.44,0.0,0.0,0.0,0.0,30.77,25.0,50.0,0.0,0.0,0.0,0.0,0.0,0.0,0.0,0.0,0.0,0.0,32.0,2.0,34.0,2.0,0.0,0.0,0.0,0.0,0.0,0.0,0.0,4.0,10.0,0.0,0.0,0.0,0.0,1.0,0.0,0.0,0.0,1.0,0.0,0.0,94.44,0.0,0.0,0.0,0.0,30.77,25.0,50.0,0.0,0.0,0.0,0.0,0.0,0.0,0.0,0.0,0.0,0.0,CB,41,7,16,70,39,43,45,50,52,48,45,68,82,50,50,36,34,59,48,52,18,52,48,52,64,18,52,48,50,23,59,43,45,43,50,50,50,52,43,43,41,41,41,7,16,70,39,43,45,50,52,48,45,68,82,50,50,36,34,59,48,52,18,52,48,52,64,18,52,48,50,23,59,43,45,43,50,50,50,52,43,43,41,41,Ligue 1
Le Mans,bj8hrmj01r3zit0x8r6qm2eu2,3eia7kklruvqktks8rhodvd2h,L. Buadés,Lucas Buadés,28,Defender,France,Defender,12.0,9.0,21.0,1.0,0.0,1.0,1.0,0.0,0.0,1.0,1.0,7.0,1.0,0.0,90.0,1.0,1.0,5.0,1.0,1.0,0.0,2.0,1.0,0.0,0.0,65.62,40.0,0.0,100.0,100.0,87.5,0.0,100.0,0.063236550578338,0.0,1.0,1.0,0.02122129,2.0,1.0,3.0,0.10702542,13.0,12.0,9.0,21.0,1.0,0.0,1.0,1.0,0.0,0.0,1.0,1.0,7.0,1.0,0.0,1.0,1.0,5.0,1.0,1.0,0.0,2.0,1.0,0.0,0.0,65.62,40.0,0.0,100.0,100.0,87.5,0.0,100.0,0.063236550578338,0.0,1.0,1.0,0.02122129,2.0,1.0,3.0,0.10702542,13.0,RB/RCB,29,33,29,54,42,67,79,42,50,46,46,71,25,46,83,58,100,46,67,50,58,50,54,54,8,50,50,92,88,100,38,88,67,42,92,62,67,88,58,71,75,67,29,33,29,54,42,67,79,42,50,46,46,71,25,46,83,58,100,46,67,50,58,50,54,54,8,50,50,92,88,100,38,88,67,42,92,62,67,88,58,71,75,67,Ligue 1
Le Mans,bj8hrmj01r3zit0x8r6qm2eu2,6nhamg6enmjebvyarfg0e1pn8,R. Bamba,Rayan Bamba,22,Defender,France,Defender,45.0,17.0,62.0,0.0,1.0,0.0,0.0,0.0,0.0,0.0,0.0,0.0,3.0,0.0,90.0,0.0,0.0,0.0,0.0,0.0,0.0,4.0,1.0,0.0,0.0,91.18,66.67,0.0,0.0,0.0,0.0,0.0,0.0,0.0,0.0405898168474689,0.0,1.0,0.02401521,1.0,5.0,6.0,0.1288877699999999,33.0,45.0,17.0,62.0,0.0,1.0,0.0,0.0,0.0,0.0,0.0,0.0,0.0,3.0,0.0,0.0,0.0,0.0,0.0,0.0,0.0,4.0,1.0,0.0,0.0,91.18,66.67,0.0,0.0,0.0,0.0,0.0,0.0,0.0,0.0405898168474689,0.0,1.0,0.02401521,1.0,5.0,6.0,0.1288877699999999,33.0,LB/LCB,94,53,82,12,74,41,44,47,53,24,24,6,68,53,53,26,29,24,32,47,79,56,53,53,82,76,47,32,53,6,32,24,44,76,50,85,82,85,88,88,88,94,94,53,82,12,74,41,44,47,53,24,24,6,68,53,53,26,29,24,32,47,79,56,53,53,82,76,47,32,53,6,32,24,44,76,50,85,82,85,88,88,88,94,Ligue 1
Le Mans,bj8hrmj01r3zit0x8r6qm2eu2,9bvpig7xdyplu9drlnn7jih3o,N. Boissé,Noa Boissé,20,Defender,France,Defender,35.0,5.0,40.0,2.0,0.0,0.0,0.0,0.0,0.0,2.0,2.0,10.0,5.0,0.0,90.0,0.0,0.0,1.0,2.0,2.0,0.0,7.0,1.0,0.0,0.0,83.33,77.78,0.0,100.0,0.0,50.0,28.57,40.0,0.0,0.0,0.0,0.0,0.0,0.0,0.0,0.0,0.0,0.0,35.0,5.0,40.0,2.0,0.0,0.0,0.0,0.0,0.0,2.0,2.0,10.0,5.0,0.0,0.0,0.0,1.0,2.0,2.0,0.0,7.0,1.0,0.0,0.0,83.33,77.78,0.0,100.0,0.0,50.0,28.57,40.0,0.0,0.0,0.0,0.0,0.0,0.0,0.0,0.0,0.0,0.0,RB/RCB,75,12,67,83,42,25,33,42,50,75,75,96,92,46,38,29,58,79,83,50,92,50,54,54,42,100,50,92,38,38,75,33,29,42,42,29,29,42,25,25,25,25,75,12,67,83,42,25,33,42,50,75,75,96,92,46,38,29,58,79,83,50,92,50,54,54,42,100,50,92,38,38,75,33,29,42,42,29,29,42,25,25,25,25,Ligue 1
Le Mans,bj8hrmj01r3zit0x8r6qm2eu2,cvuf4hvrzivk7yhnhf6qu4k45,A. Rabillard,Antoine Rabillard,30,Attacker,France,Striker,11.0,8.0,18.0,2.0,0.0,1.0,1.0,0.0,0.0,0.0,0.0,7.0,6.0,0.0,90.0,0.0,4.0,2.0,1.0,0.0,1.0,1.0,2.0,0.0,0.0,72.0,25.0,50.0,0.0,0.0,50.0,40.0,33.33,0.1012975614036688,0.0,0.0,0.0,0.0,1.0,2.0,1.0,0.0497478499999999,6.0,11.0,8.0,18.0,2.0,0.0,1.0,1.0,0.0,0.0,0.0,0.0,7.0,6.0,0.0,0.0,4.0,2.0,1.0,0.0,1.0,1.0,2.0,0.0,0.0,72.0,25.0,50.0,0.0,0.0,50.0,40.0,33.33,0.1012975614036688,0.0,0.0,0.0,0.0,1.0,2.0,1.0,0.0497478499999999,6.0,ST,100,33,67,83,33,17,25,42,42,17,17,50,100,42,17,50,50,67,33,100,92,100,58,58,17,83,100,33,17,50,67,50,17,33,42,25,25,92,75,50,50,67,100,33,67,83,33,17,25,42,42,17,17,50,100,42,17,50,50,67,33,100,92,100,58,58,17,83,100,33,17,50,67,50,17,33,42,25,25,92,75,50,50,67,Ligue 1
Lille,be2k34rut1lz79jxenabttqlc,3gelookco8f9ft0guaec03t3o,Tiago Santos,Tiago Carvalho Santos,24,Defender,Portugal,Defender,8.0,11.0,19.0,0.0,0.0,2.0,2.0,0.0,0.0,2.0,2.0,6.0,1.0,1.0,90.0,2.0,8.0,1.0,1.0,2.0,0.0,0.0,3.0,0.0,0.0,90.48,0.0,0.0,100.0,100.0,66.67,0.0,33.33,0.0,0.0,0.0,0.0,0.0,0.0,0.0,0.0,0.0,0.0,8.0,11.0,19.0,0.0,0.0,2.0,2.0,0.0,0.0,2.0,2.0,6.0,1.0,1.0,2.0,8.0,1.0,1.0,2.0,0.0,0.0,3.0,0.0,0.0,90.48,0.0,0.0,100.0,100.0,66.67,0.0,33.33,0.0,0.0,0.0,0.0,0.0,0.0,0.0,0.0,0.0,0.0,RB/RCB,8,50,8,21,42,96,100,42,50,75,75,54,25,96,100,100,58,46,83,50,21,96,54,54,67,21,50,92,88,83,38,25,29,42,42,29,29,42,25,25,25,25,8,50,8,21,42,96,100,42,50,75,75,54,25,96,100,100,58,46,83,50,21,96,54,54,67,21,50,92,88,83,38,25,29,42,42,29,29,42,25,25,25,25,Ligue 1
Lille,be2k34rut1lz79jxenabttqlc,6ynchgp6o4tajwvnfdnoo11at,N. Bentaleb,Nabil Bentaleb,31,Midfielder,Algeria,Midfielder,26.0,26.0,52.0,1.0,2.0,2.0,0.0,2.0,1.0,1.0,1.0,3.0,3.0,0.0,90.0,1.0,0.0,1.0,1.0,0.0,0.0,3.0,0.0,0.0,1.0,85.25,60.0,0.0,0.0,50.0,50.0,50.0,100.0,0.0,0.0,0.0,0.0,0.0,0.0,0.0,0.0,0.0,0.0,26.0,26.0,52.0,1.0,2.0,2.0,0.0,2.0,1.0,1.0,1.0,3.0,3.0,0.0,1.0,0.0,1.0,1.0,0.0,0.0,3.0,0.0,0.0,1.0,85.25,60.0,0.0,0.0,50.0,50.0,50.0,100.0,0.0,0.0,0.0,0.0,0.0,0.0,0.0,0.0,0.0,0.0,DM/CM,41,62,59,62,85,85,47,91,97,56,53,18,76,50,88,32,47,47,32,41,76,12,53,100,53,79,41,32,88,44,79,82,35,38,38,38,38,47,29,32,29,29,41,62,59,62,85,85,47,91,97,56,53,18,76,50,88,32,47,47,32,41,76,12,53,100,53,79,41,32,88,44,79,82,35,38,38,38,38,47,29,32,29,29,Ligue 1
Lille,be2k34rut1lz79jxenabttqlc,9ov7tj31hixo7xp0tfffuhpn8,N. Mukau,Ngal'ayel Mukau,21,Midfielder,Congo DR,Midfielder,17.0,16.0,33.0,0.0,0.0,0.0,0.0,0.0,0.0,0.0,0.0,2.0,1.0,0.0,90.0,0.0,1.0,0.0,1.0,0.0,0.0,1.0,1.0,0.0,0.0,89.19,50.0,0.0,0.0,0.0,33.33,0.0,50.0,0.0,0.0,0.0,0.0,0.0,0.0,0.0,0.0,0.0,0.0,17.0,16.0,33.0,0.0,0.0,0.0,0.0,0.0,0.0,0.0,0.0,2.0,1.0,0.0,0.0,1.0,0.0,1.0,0.0,0.0,1.0,1.0,0.0,0.0,89.19,50.0,0.0,0.0,0.0,33.33,0.0,50.0,0.0,0.0,0.0,0.0,0.0,0.0,0.0,0.0,0.0,0.0,CM/AM,78,39,61,28,28,28,28,39,33,22,22,33,67,56,44,22,28,72,33,39,39,83,56,50,89,44,39,33,44,33,39,78,39,39,50,33,33,28,33,33,28,28,78,39,61,28,28,28,28,39,33,22,22,33,67,56,44,22,28,72,33,39,39,83,56,50,89,44,39,33,44,33,39,78,39,39,50,33,33,28,33,33,28,28,Ligue 1
Lille,be2k34rut1lz79jxenabttqlc,a5jrqzijth7e3uxl4phi83sdm,N. Ngoy,Nathan Ngoy,23,Defender,Belgium,Defender,29.0,7.0,36.0,0.0,0.0,0.0,0.0,0.0,0.0,2.0,3.0,4.0,11.0,0.0,90.0,0.0,1.0,1.0,1.0,1.0,0.0,3.0,2.0,0.0,0.0,83.72,37.5,0.0,50.0,0.0,44.44,0.0,50.0,0.0,0.0,0.0,0.0,0.0,0.0,0.0,0.0,0.0,0.0,29.0,7.0,36.0,0.0,0.0,0.0,0.0,0.0,0.0,2.0,3.0,4.0,11.0,0.0,0.0,1.0,1.0,1.0,1.0,0.0,3.0,2.0,0.0,0.0,83.72,37.5,0.0,50.0,0.0,44.44,0.0,50.0,0.0,0.0,0.0,0.0,0.0,0.0,0.0,0.0,0.0,0.0,CB,30,23,27,11,39,43,45,50,52,98,100,68,93,50,50,82,80,59,95,52,73,84,48,52,18,64,52,95,50,30,25,43,45,43,50,50,50,52,43,43,41,41,30,23,27,11,39,43,45,50,52,98,100,68,93,50,50,82,80,59,95,52,73,84,48,52,18,64,52,95,50,30,25,43,45,43,50,50,50,52,43,43,41,41,Ligue 1
Lille,be2k34rut1lz79jxenabttqlc,avk0vktquq3oum9w6dyodlz6y,Alexsandro Ribeiro,Alexsandro Victor de Souza Ribeiro,27,Defender,Brazil,Defender,33.0,9.0,42.0,2.0,0.0,0.0,0.0,0.0,0.0,0.0,0.0,6.0,10.0,0.0,90.0,0.0,0.0,1.0,2.0,0.0,0.0,3.0,1.0,0.0,0.0,91.3,50.0,0.0,0.0,0.0,66.67,50.0,66.67,0.0,0.0,0.0,0.0,0.0,0.0,0.0,0.0,0.0,0.0,33.0,9.0,42.0,2.0,0.0,0.0,0.0,0.0,0.0,0.0,0.0,6.0,10.0,0.0,0.0,0.0,1.0,2.0,0.0,0.0,3.0,1.0,0.0,0.0,91.3,50.0,0.0,0.0,0.0,66.67,50.0,66.67,0.0,0.0,0.0,0.0,0.0,0.0,0.0,0.0,0.0,0.0,CB,45,34,43,70,39,43,45,50,52,48,45,89,82,50,50,36,80,91,48,52,73,52,48,52,50,73,52,48,50,68,75,57,45,43,50,50,50,52,43,43,41,41,45,34,43,70,39,43,45,50,52,48,45,89,82,50,50,36,80,91,48,52,73,52,48,52,50,73,52,48,50,68,75,57,45,43,50,50,50,52,43,43,41,41,Ligue 1
Olympique Lyonnais,121le8unjfzug3iu9pgkqa1c7,4bxfc5vb5csj22ntzqbk7ekgk,M. Ouédraogo,Mohamed Ouédraogo,23,Defender,Burkina Faso,Defender,32.0,22.0,54.0,0.0,0.0,0.0,0.0,0.0,0.0,3.0,3.0,3.0,1.0,0.0,90.0,0.0,0.0,1.0,0.0,2.0,0.0,5.0,4.0,0.0,0.0,80.6,71.43,0.0,66.67,0.0,33.33,0.0,0.0,0.0,0.0,0.0,0.0,0.0,0.0,0.0,0.0,0.0,0.0,32.0,22.0,54.0,0.0,0.0,0.0,0.0,0.0,0.0,3.0,3.0,3.0,1.0,0.0,0.0,0.0,1.0,0.0,2.0,0.0,5.0,4.0,0.0,0.0,80.6,71.43,0.0,66.67,0.0,33.33,0.0,0.0,0.0,0.0,0.0,0.0,0.0,0.0,0.0,0.0,0.0,0.0,LB/LCB,71,68,76,12,29,41,44,47,53,100,100,24,26,53,53,26,74,24,100,47,91,100,53,53,12,85,47,82,53,18,32,24,44,35,50,41,41,38,29,32,29,29,71,68,76,12,29,41,44,47,53,100,100,24,26,53,53,26,74,24,100,47,91,100,53,53,12,85,47,82,53,18,32,24,44,35,50,41,41,38,29,32,29,29,Ligue 1
Olympique Lyonnais,121le8unjfzug3iu9pgkqa1c7,6tvnsmtj9mma96e8famksevv9,Clinton Mata,Clinton Mukoni Mata Pedro Lourenço,33,Defender,Angola,Defender,68.0,15.0,83.0,1.0,0.0,0.0,0.0,0.0,0.0,0.0,0.0,5.0,6.0,0.0,90.0,0.0,0.0,3.0,1.0,0.0,0.0,3.0,1.0,0.0,0.0,95.4,60.0,0.0,0.0,0.0,83.33,50.0,100.0,0.0,0.0,0.0,0.0,0.0,0.0,0.0,0.0,0.0,0.0,68.0,15.0,83.0,1.0,0.0,0.0,0.0,0.0,0.0,0.0,0.0,5.0,6.0,0.0,0.0,0.0,3.0,1.0,0.0,0.0,3.0,1.0,0.0,0.0,95.4,60.0,0.0,0.0,0.0,83.33,50.0,100.0,0.0,0.0,0.0,0.0,0.0,0.0,0.0,0.0,0.0,0.0,CB,95,64,93,36,39,43,45,50,52,48,45,80,50,50,50,36,100,59,48,52,73,52,48,52,77,77,52,48,50,91,75,82,45,43,50,50,50,52,43,43,41,41,95,64,93,36,39,43,45,50,52,48,45,80,50,50,50,36,100,59,48,52,73,52,48,52,77,77,52,48,50,91,75,82,45,43,50,50,50,52,43,43,41,41,Ligue 1
Olympique Lyonnais,121le8unjfzug3iu9pgkqa1c7,89wbevcfzkyq9qepocguaef4k,K. Boudache,Kaïl Boudache,20,Attacker,Algeria,Striker,6.0,12.0,18.0,0.0,0.0,6.0,4.0,2.0,2.0,2.0,2.0,4.0,0.0,0.0,90.0,1.0,7.0,1.0,0.0,2.0,0.0,1.0,0.0,0.0,0.0,85.71,50.0,0.0,100.0,16.67,44.44,0.0,0.0,0.5953178146071433,0.0,5.0,4.0,0.0867023099999999,3.0,1.0,2.0,0.03567353,9.0,6.0,12.0,18.0,0.0,0.0,6.0,4.0,2.0,2.0,2.0,2.0,4.0,0.0,0.0,1.0,7.0,1.0,0.0,2.0,0.0,1.0,0.0,0.0,0.0,85.71,50.0,0.0,100.0,16.67,44.44,0.0,0.0,0.5953178146071433,0.0,5.0,4.0,0.0867023099999999,3.0,1.0,2.0,0.03567353,9.0,RW,33,67,33,50,33,100,100,100,100,83,67,100,50,50,67,83,67,67,100,50,83,67,67,50,100,100,50,100,67,100,50,67,100,33,100,67,67,67,33,50,33,33,33,67,33,50,33,100,100,100,100,83,67,100,50,50,67,83,67,67,100,50,83,67,67,50,100,100,50,100,67,100,50,67,100,33,100,67,67,67,33,50,33,33,Ligue 1
Olympique Lyonnais,121le8unjfzug3iu9pgkqa1c7,ac6r3yi7rzqlcih7qw86jsro4,Z. Athekame,Zachary Athekame,21,Defender,Switzerland,Defender,19.0,13.0,32.0,0.0,0.0,0.0,0.0,0.0,0.0,2.0,2.0,6.0,4.0,0.0,90.0,0.0,0.0,3.0,2.0,0.0,0.0,0.0,1.0,0.0,0.0,84.21,0.0,0.0,0.0,0.0,54.55,0.0,66.67,0.0,0.0,0.0,0.0,0.0,0.0,0.0,0.0,0.0,0.0,19.0,13.0,32.0,0.0,0.0,0.0,0.0,0.0,0.0,2.0,2.0,6.0,4.0,0.0,0.0,0.0,3.0,2.0,0.0,0.0,0.0,1.0,0.0,0.0,84.21,0.0,0.0,0.0,0.0,54.55,0.0,66.67,0.0,0.0,0.0,0.0,0.0,0.0,0.0,0.0,0.0,0.0,RB/RCB,54,62,54,21,42,25,33,42,50,75,75,54,79,46,38,29,92,79,33,50,21,50,54,54,50,21,50,33,38,50,38,54,29,42,42,29,29,42,25,25,25,25,54,62,54,21,42,25,33,42,50,75,75,54,79,46,38,29,92,79,33,50,21,50,54,54,50,21,50,33,38,50,38,54,29,42,42,29,29,42,25,25,25,25,Ligue 1
Olympique Lyonnais,121le8unjfzug3iu9pgkqa1c7,bx16v7vdlpv2av8v7576ua2qy,F. Bacher,Felix Bacher,25,Defender,Austria,Defender,49.0,19.0,68.0,1.0,1.0,1.0,1.0,0.0,0.0,0.0,0.0,1.0,5.0,0.0,90.0,0.0,1.0,0.0,0.0,0.0,0.0,5.0,1.0,0.0,0.0,95.77,71.43,0.0,0.0,0.0,20.0,25.0,0.0,0.1293527290180529,0.0696270661786492,0.0,0.0,0.0,0.0,4.0,6.0,0.1101748499999999,36.0,49.0,19.0,68.0,1.0,1.0,1.0,1.0,0.0,0.0,0.0,0.0,1.0,5.0,0.0,0.0,1.0,0.0,0.0,0.0,0.0,5.0,1.0,0.0,0.0,95.77,71.43,0.0,0.0,0.0,20.0,25.0,0.0,0.1293527290180529,0.0696270661786492,0.0,0.0,0.0,0.0,4.0,6.0,0.1101748499999999,36.0,CB,86,86,82,36,86,91,93,50,52,48,45,9,41,50,50,82,34,18,48,52,93,52,48,52,86,86,52,48,50,11,59,18,95,86,50,50,50,52,98,100,100,95,86,86,82,36,86,91,93,50,52,48,45,9,41,50,50,82,34,18,48,52,93,52,48,52,86,86,52,48,50,11,59,18,95,86,50,50,50,52,98,100,100,95,Ligue 1
Nice,bx0cdmzr2gwr70ez72dorx82p,3v4tbmgdwxn6h8h9grse37lzo,D. Coulibaly,Djibril Coulibaly,17,Midfielder,France,Midfielder,14.0,17.0,31.0,2.0,1.0,0.0,0.0,0.0,0.0,0.0,0.0,4.0,0.0,0.0,90.0,0.0,2.0,1.0,1.0,0.0,0.0,2.0,1.0,0.0,0.0,86.11,66.67,0.0,0.0,0.0,44.44,40.0,100.0,0.0,0.1239315978616688,0.0,0.0,0.0,1.0,0.0,1.0,0.0901017799999999,10.0,14.0,17.0,31.0,2.0,1.0,0.0,0.0,0.0,0.0,0.0,0.0,4.0,0.0,0.0,0.0,2.0,1.0,1.0,0.0,0.0,2.0,1.0,0.0,0.0,86.11,66.67,0.0,0.0,0.0,44.44,40.0,100.0,0.0,0.1239315978616688,0.0,0.0,0.0,1.0,0.0,1.0,0.0901017799999999,10.0,CM/AM,61,61,44,94,67,28,28,39,33,22,22,44,28,56,44,44,72,72,33,39,72,83,56,50,67,61,39,33,44,56,89,100,39,89,50,33,33,67,33,67,78,67,61,61,44,94,67,28,28,39,33,22,22,44,28,56,44,44,72,72,33,39,72,83,56,50,67,61,39,33,44,56,89,100,39,89,50,33,33,67,33,67,78,67,Ligue 1
Nice,bx0cdmzr2gwr70ez72dorx82p,7c0y2e3949kvohxadzfbmct7t,Y. Ndayishimiye,Youssouf Ndayishimiye,27,Midfielder,Burundi,Midfielder,57.0,45.0,102.0,1.0,0.0,0.0,0.0,0.0,0.0,0.0,0.0,3.0,3.0,0.0,90.0,0.0,0.0,1.0,0.0,0.0,0.0,2.0,2.0,0.0,0.0,93.58,28.57,0.0,0.0,0.0,60.0,50.0,0.0,0.0,0.0,0.0,0.0,0.0,0.0,0.0,0.0,0.0,0.0,57.0,45.0,102.0,1.0,0.0,0.0,0.0,0.0,0.0,0.0,0.0,3.0,3.0,0.0,0.0,0.0,1.0,0.0,0.0,0.0,2.0,2.0,0.0,0.0,93.58,28.57,0.0,0.0,0.0,60.0,50.0,0.0,0.0,0.0,0.0,0.0,0.0,0.0,0.0,0.0,0.0,0.0,DM/CM,100,94,100,62,24,26,47,29,47,21,21,18,76,50,41,32,47,18,32,41,53,71,53,50,94,18,41,32,41,71,79,18,35,38,38,38,38,47,29,32,29,29,100,94,100,62,24,26,47,29,47,21,21,18,76,50,41,32,47,18,32,41,53,71,53,50,94,18,41,32,41,71,79,18,35,38,38,38,38,47,29,32,29,29,Ligue 1
Nice,bx0cdmzr2gwr70ez72dorx82p,7sep6mx2s67mh5fr3raxu7aei,M. Bard,Melvin Bard,25,Defender,France,Defender,8.0,19.0,27.0,3.0,1.0,1.0,0.0,1.0,0.0,0.0,0.0,4.0,3.0,0.0,90.0,0.0,0.0,1.0,0.0,0.0,0.0,2.0,1.0,0.0,0.0,81.82,33.33,0.0,0.0,0.0,66.67,0.0,0.0,0.051583035775057,0.0394434141312019,1.0,1.0,0.02953272,0.0,2.0,0.0,0.0175421699999999,7.0,8.0,19.0,27.0,3.0,1.0,1.0,0.0,1.0,0.0,0.0,0.0,4.0,3.0,0.0,0.0,0.0,1.0,0.0,0.0,0.0,2.0,1.0,0.0,0.0,81.82,33.33,0.0,0.0,0.0,66.67,0.0,0.0,0.051583035775057,0.0394434141312019,1.0,1.0,0.02953272,0.0,2.0,0.0,0.0175421699999999,7.0,LB/LCB,6,59,24,91,74,82,44,97,53,24,24,41,68,53,53,26,74,24,32,47,50,56,53,53,29,44,47,32,53,85,32,24,88,71,100,85,88,38,68,32,59,59,6,59,24,91,74,82,44,97,53,24,24,41,68,53,53,26,74,24,32,47,50,56,53,53,29,44,47,32,53,85,32,24,88,71,100,85,88,38,68,32,59,59,Ligue 1
Nice,bx0cdmzr2gwr70ez72dorx82p,9yjtdz1toq241g6cgdty94lck,A. Mendy,Antoine Mendy,22,Defender,Senegal,Defender,36.0,58.0,94.0,2.0,0.0,2.0,1.0,1.0,1.0,0.0,0.0,8.0,3.0,0.0,90.0,0.0,2.0,2.0,3.0,0.0,0.0,3.0,1.0,0.0,0.0,91.26,50.0,0.0,0.0,0.0,61.54,50.0,75.0,0.1564848235561815,0.0,1.0,5.0,0.09672813,0.0,21.0,11.0,0.1858187399999999,55.0,36.0,58.0,94.0,2.0,0.0,2.0,1.0,1.0,1.0,0.0,0.0,8.0,3.0,0.0,0.0,2.0,2.0,3.0,0.0,0.0,3.0,1.0,0.0,0.0,91.26,50.0,0.0,0.0,0.0,61.54,50.0,75.0,0.1564848235561815,0.0,1.0,5.0,0.09672813,0.0,21.0,11.0,0.1858187399999999,55.0,RB/RCB,83,100,100,83,42,96,79,92,100,17,17,83,58,46,38,71,79,92,33,50,79,50,54,54,75,71,50,33,38,75,88,67,92,42,92,96,92,42,100,92,83,100,83,100,100,83,42,96,79,92,100,17,17,83,58,46,38,71,79,92,33,50,79,50,54,54,75,71,50,33,38,75,88,67,92,42,92,96,92,42,100,92,83,100,Ligue 1
Nice,bx0cdmzr2gwr70ez72dorx82p,co59rv08x22hk5itwibbwq191,G. Hein,Gauthier Hein,30,Midfielder,France,Midfielder,14.0,54.0,68.0,0.0,0.0,1.0,1.0,0.0,1.0,1.0,1.0,0.0,0.0,0.0,90.0,0.0,2.0,0.0,0.0,0.0,0.0,7.0,0.0,0.0,0.0,88.31,77.78,0.0,0.0,0.0,0.0,0.0,0.0,0.0634869712663168,0.0,0.0,15.0,0.36041687,3.0,5.0,8.0,0.1609243,26.0,14.0,54.0,68.0,0.0,0.0,1.0,1.0,0.0,1.0,1.0,1.0,0.0,0.0,0.0,0.0,2.0,0.0,0.0,0.0,0.0,7.0,0.0,0.0,0.0,88.31,77.78,0.0,0.0,0.0,0.0,0.0,0.0,0.0634869712663168,0.0,0.0,15.0,0.36041687,3.0,5.0,8.0,0.1609243,26.0,CM/AM,61,100,100,28,28,56,67,39,78,50,50,11,28,56,44,44,28,28,33,39,100,33,56,50,78,78,39,33,44,11,39,28,78,39,50,100,100,94,100,100,100,100,61,100,100,28,28,56,67,39,78,50,50,11,28,56,44,44,28,28,33,39,100,33,56,50,78,78,39,33,44,11,39,28,78,39,50,100,100,94,100,100,100,100,Ligue 1
Nice,bx0cdmzr2gwr70ez72dorx82p,cv763bry7r833k7qg7ah5ek2c,E. Pereira da Silva,Everton Pereira,19,Midfielder,France,Midfielder,11.0,16.0,27.0,2.0,0.0,0.0,0.0,0.0,0.0,0.0,0.0,5.0,1.0,0.0,90.0,0.0,0.0,1.0,1.0,0.0,0.0,2.0,0.0,0.0,0.0,93.1,100.0,0.0,0.0,0.0,71.43,0.0,50.0,0.0,0.0,0.0,0.0,0.0,0.0,0.0,0.0,0.0,0.0,11.0,16.0,27.0,2.0,0.0,0.0,0.0,0.0,0.0,0.0,0.0,5.0,1.0,0.0,0.0,0.0,1.0,1.0,0.0,0.0,2.0,0.0,0.0,0.0,93.1,100.0,0.0,0.0,0.0,71.43,0.0,50.0,0.0,0.0,0.0,0.0,0.0,0.0,0.0,0.0,0.0,0.0,CM/AM,33,39,33,94,28,28,28,39,33,22,22,67,67,56,44,11,72,72,33,39,72,33,56,50,100,94,39,33,44,100,39,78,39,39,50,33,33,28,33,33,28,28,33,39,33,94,28,28,28,39,33,22,22,67,67,56,44,11,72,72,33,39,72,33,56,50,100,94,39,33,44,100,39,78,39,39,50,33,33,28,33,33,28,28,Ligue 1
Olympique Marseille,27xvwccz8kpmqsefjv2b2sc0o,4zxrdmwphkxvkvo6bt30uanrp,P. Højbjerg,Pierre-Emile Højbjerg,31,Midfielder,Denmark,Midfielder,27.0,52.0,79.0,1.0,1.0,3.0,0.0,3.0,0.0,0.0,0.0,4.0,0.0,1.0,90.0,1.0,1.0,1.0,1.0,0.0,0.0,1.0,2.0,0.0,0.0,88.76,20.0,0.0,0.0,33.33,44.44,0.0,50.0,0.1878594449181379,0.0539716573662708,2.0,1.0,0.01935132,2.0,9.0,8.0,0.19785034,54.0,27.0,52.0,79.0,1.0,1.0,3.0,0.0,3.0,0.0,0.0,0.0,4.0,0.0,1.0,1.0,1.0,1.0,1.0,0.0,0.0,1.0,2.0,0.0,0.0,88.76,20.0,0.0,0.0,33.33,44.44,0.0,50.0,0.1878594449181379,0.0539716573662708,2.0,1.0,0.01935132,2.0,9.0,8.0,0.19785034,54.0,DM/CM,53,100,94,62,62,100,47,100,47,21,21,41,9,100,88,74,47,47,32,41,21,71,53,50,71,12,41,32,82,29,26,44,88,82,97,82,79,100,100,97,94,100,53,100,94,62,62,100,47,100,47,21,21,41,9,100,88,74,47,47,32,41,21,71,53,50,71,12,41,32,82,29,26,44,88,82,97,82,79,100,100,97,94,100,Ligue 1
Olympique Marseille,27xvwccz8kpmqsefjv2b2sc0o,6u2ob6fv950r1qve8uejkq2uh,A. Gouiri,Amine Gouiri,26,Attacker,Algeria,Striker,6.0,19.0,25.0,0.0,1.0,5.0,3.0,2.0,1.0,1.0,1.0,4.0,1.0,2.0,90.0,3.0,9.0,3.0,1.0,0.0,0.0,0.0,0.0,0.0,0.0,92.59,0.0,0.0,0.0,60.0,40.0,0.0,100.0,0.3590597542173543,0.051343621779363,2.0,1.0,0.01689528,0.0,2.0,1.0,0.02516538,11.0,6.0,19.0,25.0,0.0,1.0,5.0,3.0,2.0,1.0,1.0,1.0,4.0,1.0,2.0,3.0,9.0,3.0,1.0,0.0,0.0,0.0,0.0,0.0,0.0,92.59,0.0,0.0,0.0,60.0,40.0,0.0,100.0,0.3590597542173543,0.051343621779363,2.0,1.0,0.01689528,0.0,2.0,1.0,0.02516538,11.0,ST,25,83,83,33,83,75,83,83,83,42,42,33,67,100,100,83,75,67,33,50,42,33,58,58,100,42,50,33,100,33,33,83,83,67,83,58,50,42,75,50,17,83,25,83,83,33,83,75,83,83,83,42,42,33,67,100,100,83,75,67,33,50,42,33,58,58,100,42,50,33,100,33,33,83,83,67,83,58,50,42,75,50,17,83,Ligue 1
Olympique Marseille,27xvwccz8kpmqsefjv2b2sc0o,8qezzr83ofw7htqufohg2fwlx,Emerson,Emerson Palmieri dos Santos,32,Defender,Italy,Defender,17.0,33.0,50.0,1.0,0.0,0.0,0.0,0.0,0.0,1.0,1.0,6.0,2.0,0.0,90.0,0.0,2.0,2.0,1.0,1.0,0.0,1.0,1.0,0.0,0.0,84.75,33.33,0.0,100.0,0.0,60.0,50.0,50.0,0.0,0.0,0.0,0.0,0.0,0.0,0.0,0.0,0.0,0.0,17.0,33.0,50.0,1.0,0.0,0.0,0.0,0.0,0.0,1.0,1.0,6.0,2.0,0.0,0.0,2.0,2.0,1.0,1.0,0.0,1.0,1.0,0.0,0.0,84.75,33.33,0.0,100.0,0.0,60.0,50.0,50.0,0.0,0.0,0.0,0.0,0.0,0.0,0.0,0.0,0.0,0.0,LB/LCB,29,94,65,44,29,41,44,47,53,56,56,88,50,53,53,79,97,56,79,47,35,56,53,53,47,44,47,94,53,71,71,53,44,35,50,41,41,38,29,32,29,29,29,94,65,44,29,41,44,47,53,56,56,88,50,53,53,79,97,56,79,47,35,56,53,53,47,44,47,94,53,71,71,53,44,35,50,41,41,38,29,32,29,29,Ligue 1
Olympique Marseille,27xvwccz8kpmqsefjv2b2sc0o,e0cy0gwf04lohf0xjef0af8fe,Igor Paixão,Igor Guilherme Barbosa da Paixão,26,Attacker,Brazil,Striker,4.0,30.0,33.0,0.0,0.0,1.0,1.0,0.0,0.0,3.0,4.0,5.0,0.0,0.0,90.0,1.0,6.0,2.0,1.0,2.0,1.0,1.0,0.0,0.0,0.0,86.84,50.0,25.0,66.67,100.0,45.45,0.0,100.0,0.0640617735183194,0.0,1.0,10.0,0.29836366,3.0,4.0,3.0,0.07803167,9.0,4.0,30.0,33.0,0.0,0.0,1.0,1.0,0.0,0.0,3.0,4.0,5.0,0.0,0.0,1.0,6.0,2.0,1.0,2.0,1.0,1.0,0.0,0.0,0.0,86.84,50.0,25.0,66.67,100.0,45.45,0.0,100.0,0.0640617735183194,0.0,1.0,10.0,0.29836366,3.0,4.0,3.0,0.07803167,9.0,LW,50,100,100,50,50,50,50,50,50,100,100,50,75,75,100,50,50,100,100,50,75,75,75,75,100,100,50,100,100,50,75,100,100,75,100,100,100,100,100,100,100,100,50,100,100,50,50,50,50,50,50,100,100,50,75,75,100,50,50,100,100,50,75,75,75,75,100,100,50,100,100,50,75,100,100,75,100,100,100,100,100,100,100,100,Ligue 1
Olympique Marseille,27xvwccz8kpmqsefjv2b2sc0o,e5xxqwz0sdlwkkmp8bgs1k6w9,T. Weah,Timothy Weah,26,Attacker,USA,Striker,24.0,36.0,59.0,1.0,1.0,0.0,0.0,0.0,0.0,0.0,0.0,1.0,2.0,0.0,90.0,0.0,1.0,0.0,0.0,0.0,1.0,0.0,0.0,0.0,0.0,84.29,0.0,100.0,0.0,0.0,25.0,50.0,0.0,0.0,0.0559896810001944,0.0,7.0,0.15074219,4.0,8.0,7.0,0.16399601,25.0,24.0,36.0,59.0,1.0,1.0,0.0,0.0,0.0,0.0,0.0,0.0,1.0,2.0,0.0,0.0,1.0,0.0,0.0,0.0,1.0,0.0,0.0,0.0,0.0,84.29,0.0,100.0,0.0,0.0,25.0,50.0,0.0,0.0,0.0559896810001944,0.0,7.0,0.15074219,4.0,8.0,7.0,0.16399601,25.0,RW,100,100,100,100,83,33,33,50,50,33,33,33,100,50,33,33,33,67,50,100,33,67,67,50,67,33,100,50,33,33,100,67,33,67,50,100,100,100,100,100,67,100,100,100,100,100,83,33,33,50,50,33,33,33,100,50,33,33,33,67,50,100,33,67,67,50,67,33,100,50,33,33,100,67,33,67,50,100,100,100,100,100,67,100,Ligue 1
Paris FC,8v00fx2zwhiwm05tqqkt122p5,17e9rercxaanx9ltwmoph9n56,Otávio,Otávio Ataíde da Silva,24,Defender,Brazil,Defender,62.0,22.0,84.0,2.0,0.0,0.0,0.0,0.0,0.0,0.0,0.0,6.0,7.0,0.0,90.0,0.0,0.0,0.0,4.0,0.0,0.0,3.0,0.0,0.0,0.0,96.55,50.0,0.0,0.0,0.0,66.67,66.67,100.0,0.0,0.0,0.0,0.0,0.0,0.0,0.0,0.0,0.0,0.0,62.0,22.0,84.0,2.0,0.0,0.0,0.0,0.0,0.0,0.0,0.0,6.0,7.0,0.0,0.0,0.0,0.0,4.0,0.0,0.0,3.0,0.0,0.0,0.0,96.55,50.0,0.0,0.0,0.0,66.67,66.67,100.0,0.0,0.0,0.0,0.0,0.0,0.0,0.0,0.0,0.0,0.0,LB/LCB,100,68,100,76,29,41,44,47,53,24,24,88,97,53,53,26,29,97,32,47,65,21,53,53,100,62,47,32,53,85,82,88,44,35,50,41,41,38,29,32,29,29,100,68,100,76,29,41,44,47,53,24,24,88,97,53,53,26,29,97,32,47,65,21,53,53,100,62,47,32,53,85,82,88,44,35,50,41,41,38,29,32,29,29,Ligue 1
Paris FC,8v00fx2zwhiwm05tqqkt122p5,5l02insq2xjtf3dhna970modl,I. Kebbal,Ilan Kebbal,28,Midfielder,Algeria,Midfielder,27.0,24.0,51.0,0.0,1.0,3.0,1.0,2.0,1.0,3.0,3.0,3.0,0.0,0.0,90.0,1.0,4.0,0.0,0.0,2.0,0.0,1.0,0.0,0.0,0.0,80.95,25.0,0.0,66.67,33.33,33.33,0.0,0.0,0.1690516361255938,0.0638403801204744,3.0,2.0,0.05886593,1.0,1.0,1.0,0.09309825,17.0,27.0,24.0,51.0,0.0,1.0,3.0,1.0,2.0,1.0,3.0,3.0,3.0,0.0,0.0,1.0,4.0,0.0,0.0,2.0,0.0,1.0,0.0,0.0,0.0,80.95,25.0,0.0,66.67,33.33,33.33,0.0,0.0,0.1690516361255938,0.0638403801204744,3.0,2.0,0.05886593,1.0,1.0,1.0,0.09309825,17.0,RM/RCM,100,67,100,33,67,83,50,100,83,100,100,50,50,67,83,83,33,50,83,50,50,67,67,67,67,33,50,67,83,33,67,50,67,67,100,67,100,67,33,33,67,100,100,67,100,33,67,83,50,100,83,100,100,50,50,67,83,83,33,50,83,50,50,67,67,67,67,33,50,67,83,33,67,50,67,67,100,67,100,67,33,33,67,100,Ligue 1
Paris FC,8v00fx2zwhiwm05tqqkt122p5,7l1uizt2vz2a70aarov383xm1,A. Camara,Adama Camara,29,Midfielder,France,Midfielder,29.0,15.0,44.0,1.0,1.0,0.0,0.0,0.0,0.0,3.0,3.0,6.0,4.0,0.0,90.0,0.0,1.0,1.0,2.0,2.0,0.0,2.0,3.0,0.0,0.0,84.62,66.67,0.0,66.67,0.0,54.55,33.33,100.0,0.0,0.0510734824683811,0.0,0.0,0.0,0.0,1.0,3.0,0.03929219,16.0,29.0,15.0,44.0,1.0,1.0,0.0,0.0,0.0,0.0,3.0,3.0,6.0,4.0,0.0,0.0,1.0,1.0,2.0,2.0,0.0,2.0,3.0,0.0,0.0,84.62,66.67,0.0,66.67,0.0,54.55,33.33,100.0,0.0,0.0510734824683811,0.0,0.0,0.0,0.0,1.0,3.0,0.03929219,16.0,DM/CM,65,18,41,62,62,26,47,29,47,94,91,71,91,50,41,74,47,71,94,41,53,97,53,50,41,91,41,79,41,59,56,82,35,76,38,38,38,47,62,74,65,62,65,18,41,62,62,26,47,29,47,94,91,71,91,50,41,74,47,71,94,41,53,97,53,50,41,91,41,79,41,59,56,82,35,76,38,38,38,47,62,74,65,62,Ligue 1
Paris FC,8v00fx2zwhiwm05tqqkt122p5,8o8o4rxbdhv002pj0q21l0f84,D. Coppola,Diego Coppola,22,Defender,Italy,Defender,62.0,21.0,83.0,1.0,0.0,0.0,0.0,0.0,0.0,0.0,0.0,5.0,11.0,0.0,90.0,0.0,0.0,1.0,3.0,0.0,0.0,2.0,0.0,0.0,0.0,89.25,25.0,0.0,0.0,0.0,45.45,14.29,100.0,0.0,0.0,0.0,0.0,0.0,0.0,0.0,0.0,0.0,0.0,62.0,21.0,83.0,1.0,0.0,0.0,0.0,0.0,0.0,0.0,0.0,5.0,11.0,0.0,0.0,0.0,1.0,3.0,0.0,0.0,2.0,0.0,0.0,0.0,89.25,25.0,0.0,0.0,0.0,45.45,14.29,100.0,0.0,0.0,0.0,0.0,0.0,0.0,0.0,0.0,0.0,0.0,CB,91,95,93,36,39,43,45,50,52,48,45,80,93,50,50,36,80,100,48,52,52,18,48,52,45,43,52,48,50,36,50,82,45,43,50,50,50,52,43,43,41,41,91,95,93,36,39,43,45,50,52,48,45,80,93,50,50,36,80,100,48,52,52,18,48,52,45,43,52,48,50,36,50,82,45,43,50,50,50,52,43,43,41,41,Ligue 1
Paris FC,8v00fx2zwhiwm05tqqkt122p5,a52575bcqr3acuweauiyzsb56,M. Mbow,Moustapha Mbow,26,Defender,Senegal,Defender,100.0,16.0,116.0,0.0,0.0,0.0,0.0,0.0,0.0,0.0,0.0,1.0,4.0,0.0,90.0,0.0,0.0,0.0,1.0,0.0,0.0,0.0,0.0,0.0,0.0,99.15,0.0,0.0,0.0,0.0,20.0,0.0,100.0,0.0,0.0,0.0,0.0,0.0,0.0,0.0,0.0,0.0,0.0,100.0,16.0,116.0,0.0,0.0,0.0,0.0,0.0,0.0,0.0,0.0,1.0,4.0,0.0,0.0,0.0,0.0,1.0,0.0,0.0,0.0,0.0,0.0,0.0,99.15,0.0,0.0,0.0,0.0,20.0,0.0,100.0,0.0,0.0,0.0,0.0,0.0,0.0,0.0,0.0,0.0,0.0,CB,100,73,100,11,39,43,45,50,52,48,45,9,30,50,50,36,34,59,48,52,18,18,48,52,100,18,52,48,50,11,25,82,45,43,50,50,50,52,43,43,41,41,100,73,100,11,39,43,45,50,52,48,45,9,30,50,50,36,34,59,48,52,18,18,48,52,100,18,52,48,50,11,25,82,45,43,50,50,50,52,43,43,41,41,Ligue 1
Paris FC,8v00fx2zwhiwm05tqqkt122p5,dl4e5ojyhccj6w0vgksfzvmxh,P. Lees-Melou,Pierre Lees-Melou,33,Midfielder,France,Midfielder,37.0,28.0,65.0,1.0,0.0,1.0,0.0,1.0,1.0,2.0,2.0,6.0,1.0,0.0,90.0,0.0,1.0,0.0,3.0,2.0,0.0,4.0,1.0,0.0,0.0,84.42,44.44,0.0,100.0,0.0,66.67,50.0,100.0,0.1076184933452581,0.0,1.0,3.0,0.14737304,0.0,7.0,3.0,0.0729045199999999,34.0,37.0,28.0,65.0,1.0,0.0,1.0,0.0,1.0,1.0,2.0,2.0,6.0,1.0,0.0,0.0,1.0,0.0,3.0,2.0,0.0,4.0,1.0,0.0,0.0,84.42,44.44,0.0,100.0,0.0,66.67,50.0,100.0,0.1076184933452581,0.0,1.0,3.0,0.14737304,0.0,7.0,3.0,0.0729045199999999,34.0,DM/CM,85,76,82,62,24,62,47,71,97,79,74,71,32,50,41,74,15,88,94,41,82,35,53,50,35,29,41,94,41,82,79,82,82,38,82,97,100,47,94,74,76,94,85,76,82,62,24,62,47,71,97,79,74,71,32,50,41,74,15,88,94,41,82,35,53,50,35,29,41,94,41,82,79,82,82,38,82,97,100,47,94,74,76,94,Ligue 1
Paris Saint-Germain,2b3mar72yy8d6uvat1ka6tn3r,1vr896w03yky9kmu8x5tjkicp,A. Hakimi,Achraf Hakimi,27,Defender,Morocco,Defender,19.0,55.0,74.0,1.0,1.0,1.0,0.0,1.0,0.0,11.0,11.0,10.0,0.0,0.0,90.0,0.0,3.0,2.0,1.0,5.0,0.0,1.0,1.0,0.0,0.0,86.05,33.33,0.0,45.45,0.0,50.0,0.0,50.0,0.0572670655499382,0.1069695961566785,1.0,5.0,0.1526317599999999,2.0,12.0,14.0,0.24712875,39.0,19.0,55.0,74.0,1.0,1.0,1.0,0.0,1.0,0.0,11.0,11.0,10.0,0.0,0.0,0.0,3.0,2.0,1.0,5.0,0.0,1.0,1.0,0.0,0.0,86.05,33.33,0.0,45.45,0.0,50.0,0.0,50.0,0.0572670655499382,0.1069695961566785,1.0,5.0,0.1526317599999999,2.0,12.0,14.0,0.24712875,39.0,RB/RCB,54,92,92,54,88,67,33,92,50,100,100,96,8,46,38,88,79,46,100,50,42,50,54,54,58,42,50,75,38,38,38,42,58,92,92,96,100,88,92,100,92,92,54,92,92,54,88,67,33,92,50,100,100,96,8,46,38,88,79,46,100,50,42,50,54,54,58,42,50,75,38,38,38,42,58,92,92,96,100,88,92,100,92,92,Ligue 1
Paris Saint-Germain,2b3mar72yy8d6uvat1ka6tn3r,8z0395s37qe2lqi9qsvyskgk5,Marquinhos,Marcos Aoás Corrêa,32,Defender,Brazil,Defender,35.0,41.0,76.0,1.0,0.0,0.0,0.0,0.0,0.0,0.0,0.0,2.0,1.0,0.0,90.0,0.0,0.0,0.0,0.0,0.0,0.0,19.0,0.0,0.0,0.0,93.83,90.48,0.0,0.0,0.0,28.57,25.0,0.0,0.0,0.0,0.0,0.0,0.0,0.0,0.0,0.0,0.0,0.0,35.0,41.0,76.0,1.0,0.0,0.0,0.0,0.0,0.0,0.0,0.0,2.0,1.0,0.0,0.0,0.0,0.0,0.0,0.0,0.0,19.0,0.0,0.0,0.0,93.83,90.48,0.0,0.0,0.0,28.57,25.0,0.0,0.0,0.0,0.0,0.0,0.0,0.0,0.0,0.0,0.0,0.0,CB,52,100,86,36,39,43,45,50,52,48,45,23,5,50,50,36,34,18,48,52,100,18,48,52,59,95,52,48,50,18,59,18,45,43,50,50,50,52,43,43,41,41,52,100,86,36,39,43,45,50,52,48,45,23,5,50,50,36,34,18,48,52,100,18,48,52,59,95,52,48,50,18,59,18,45,43,50,50,50,52,43,43,41,41,Ligue 1
Paris Saint-Germain,2b3mar72yy8d6uvat1ka6tn3r,c80tzy7t4hoa8fpbek1od4lw5,L. Hernández,Lucas Hernández,30,Defender,France,Defender,28.0,47.0,75.0,1.0,1.0,0.0,0.0,0.0,0.0,0.0,0.0,1.0,3.0,0.0,90.0,0.0,0.0,0.0,0.0,0.0,0.0,1.0,0.0,0.0,0.0,87.21,20.0,0.0,0.0,0.0,25.0,25.0,0.0,0.0,0.0422614842549248,0.0,0.0,0.0,1.0,10.0,12.0,0.19110354,59.0,28.0,47.0,75.0,1.0,1.0,0.0,0.0,0.0,0.0,0.0,0.0,1.0,3.0,0.0,0.0,0.0,0.0,0.0,0.0,0.0,1.0,0.0,0.0,0.0,87.21,20.0,0.0,0.0,0.0,25.0,25.0,0.0,0.0,0.0422614842549248,0.0,0.0,0.0,1.0,10.0,12.0,0.19110354,59.0,LB/LCB,59,100,94,44,74,41,44,47,53,24,24,12,68,53,53,26,29,24,32,47,35,21,53,53,71,32,47,32,53,12,65,24,44,82,50,41,41,85,100,100,100,100,59,100,94,44,74,41,44,47,53,24,24,12,68,53,53,26,29,24,32,47,35,21,53,53,71,32,47,32,53,12,65,24,44,82,50,41,41,85,100,100,100,100,Ligue 1
Paris Saint-Germain,2b3mar72yy8d6uvat1ka6tn3r,dzv5f93w5fsnfzohaev6e3rx0,D. Doué,Désiré Doué,21,Attacker,France,Striker,7.0,43.0,50.0,0.0,1.0,5.0,1.0,4.0,3.0,5.0,5.0,12.0,0.0,0.0,90.0,1.0,8.0,4.0,3.0,5.0,0.0,1.0,1.0,0.0,0.0,80.65,100.0,0.0,100.0,20.0,57.14,0.0,100.0,0.3471217802241823,0.0809721302558658,4.0,7.0,0.22952838,0.0,3.0,5.0,0.09421296,18.0,7.0,43.0,50.0,0.0,1.0,5.0,1.0,4.0,3.0,5.0,5.0,12.0,0.0,0.0,1.0,8.0,4.0,3.0,5.0,0.0,1.0,1.0,0.0,0.0,80.65,100.0,0.0,100.0,20.0,57.14,0.0,100.0,0.3471217802241823,0.0809721302558658,4.0,7.0,0.22952838,0.0,3.0,5.0,0.09421296,18.0,ST,58,100,100,33,83,75,25,100,100,92,92,83,25,42,50,67,100,100,100,50,92,75,58,58,83,100,50,92,33,67,33,83,67,83,100,100,100,42,100,100,83,100,58,100,100,33,83,75,25,100,100,92,92,83,25,42,50,67,100,100,100,50,92,75,58,58,83,100,50,92,33,67,33,83,67,83,100,100,100,42,100,100,83,100,Ligue 1
Paris Saint-Germain,2b3mar72yy8d6uvat1ka6tn3r,ecwzzrkn1snbua5yu4gehxm2,W. Pacho,Willian Pacho,24,Defender,Ecuador,Defender,35.0,20.0,55.0,2.0,0.0,0.0,0.0,0.0,0.0,0.0,0.0,3.0,2.0,0.0,90.0,0.0,0.0,0.0,1.0,0.0,0.0,5.0,0.0,1.0,0.0,96.49,83.33,0.0,0.0,0.0,75.0,0.0,100.0,0.0,0.0,0.0,0.0,0.0,0.0,0.0,0.0,0.0,0.0,35.0,20.0,55.0,2.0,0.0,0.0,0.0,0.0,0.0,0.0,0.0,3.0,2.0,0.0,0.0,0.0,0.0,1.0,0.0,0.0,5.0,0.0,1.0,0.0,96.49,83.33,0.0,0.0,0.0,75.0,0.0,100.0,0.0,0.0,0.0,0.0,0.0,0.0,0.0,0.0,0.0,0.0,CB,52,91,64,70,39,43,45,50,52,48,45,45,9,50,50,36,34,59,48,52,93,18,98,52,91,91,52,48,50,80,25,82,45,43,50,50,50,52,43,43,41,41,52,91,64,70,39,43,45,50,52,48,45,45,9,50,50,36,34,59,48,52,93,18,98,52,91,91,52,48,50,80,25,82,45,43,50,50,50,52,43,43,41,41,Ligue 1
Strasbourg,71ajatxnuhc5cnm3xvgdky49w,15nu0pkl5nko4fpoyf1j9e87o,G. Yassine,Gessime Yassine,20,Attacker,Morocco,Striker,7.0,9.0,16.0,0.0,0.0,2.0,2.0,0.0,0.0,5.0,5.0,8.0,1.0,0.0,90.0,1.0,2.0,3.0,1.0,4.0,0.0,0.0,1.0,0.0,0.0,76.19,0.0,0.0,80.0,50.0,66.67,0.0,100.0,0.1506752962089486,0.0,0.0,4.0,0.09558067,0.0,1.0,1.0,0.05630614,4.0,7.0,9.0,16.0,0.0,0.0,2.0,2.0,0.0,0.0,5.0,5.0,8.0,1.0,0.0,1.0,2.0,3.0,1.0,4.0,0.0,0.0,1.0,0.0,0.0,76.19,0.0,0.0,80.0,50.0,66.67,0.0,100.0,0.1506752962089486,0.0,0.0,4.0,0.09558067,0.0,1.0,1.0,0.05630614,4.0,ST,58,58,42,33,33,42,58,42,42,92,92,67,67,42,50,25,75,67,83,50,42,75,58,58,58,42,50,67,75,100,33,83,33,33,42,83,83,42,50,50,67,33,58,58,42,33,33,42,58,42,42,92,92,67,67,42,50,25,75,67,83,50,42,75,58,58,58,42,50,67,75,100,33,83,33,33,42,83,83,42,50,50,67,33,Ligue 1
Strasbourg,71ajatxnuhc5cnm3xvgdky49w,2rvx2wlfj2rxzcgye6wiw0v84,L. Høgsberg,Lucas Høgsberg,20,Defender,Denmark,Defender,42.0,9.0,51.0,2.0,2.0,0.0,0.0,0.0,0.0,0.0,0.0,3.0,4.0,0.0,90.0,0.0,0.0,0.0,1.0,0.0,0.0,3.0,1.0,0.0,0.0,85.0,33.33,0.0,0.0,0.0,60.0,0.0,100.0,0.0,0.092669035261188,0.0,0.0,0.0,0.0,1.0,3.0,0.0578670399999999,26.0,42.0,9.0,51.0,2.0,2.0,0.0,0.0,0.0,0.0,0.0,0.0,3.0,4.0,0.0,0.0,0.0,0.0,1.0,0.0,0.0,3.0,1.0,0.0,0.0,85.0,33.33,0.0,0.0,0.0,60.0,0.0,100.0,0.0,0.092669035261188,0.0,0.0,0.0,0.0,1.0,3.0,0.0578670399999999,26.0,CB,68,34,55,70,100,43,45,50,52,48,45,45,30,50,50,36,34,59,48,52,73,52,48,52,27,55,52,48,50,61,25,82,45,91,50,50,50,52,86,93,91,86,68,34,55,70,100,43,45,50,52,48,45,45,30,50,50,36,34,59,48,52,73,52,48,52,27,55,52,48,50,61,25,82,45,91,50,50,50,52,86,93,91,86,Ligue 1
Strasbourg,71ajatxnuhc5cnm3xvgdky49w,446lrhzh79xugyt2pgnrwypnu,G. Doué,Guéla Doué,23,Defender,Côte d'Ivoire,Defender,12.0,9.0,21.0,3.0,0.0,1.0,1.0,0.0,0.0,1.0,1.0,4.0,3.0,0.0,90.0,0.0,3.0,0.0,1.0,0.0,0.0,0.0,0.0,0.0,0.0,80.77,0.0,0.0,0.0,0.0,40.0,75.0,100.0,0.1385300932286023,0.0,0.0,1.0,0.01935132,0.0,1.0,2.0,0.04779592,12.0,12.0,9.0,21.0,3.0,0.0,1.0,1.0,0.0,0.0,1.0,1.0,4.0,3.0,0.0,0.0,3.0,0.0,1.0,0.0,0.0,0.0,0.0,0.0,0.0,80.77,0.0,0.0,0.0,0.0,40.0,75.0,100.0,0.1385300932286023,0.0,0.0,1.0,0.01935132,0.0,1.0,2.0,0.04779592,12.0,RB/RCB,29,33,29,100,42,67,79,42,50,46,46,42,58,46,38,88,25,46,33,50,21,12,54,54,33,21,50,33,38,25,100,88,83,42,42,62,58,42,58,54,58,54,29,33,29,100,42,67,79,42,50,46,46,42,58,46,38,88,25,46,33,50,21,12,54,54,33,21,50,33,38,25,100,88,83,42,42,62,58,42,58,54,58,54,Ligue 1
Strasbourg,71ajatxnuhc5cnm3xvgdky49w,70hdfmna3nvwjlufm9rs92uzu,A. Omobamidele,Andrew Omobamidele,24,Defender,Republic of Ireland,Defender,29.0,7.0,36.0,0.0,0.0,0.0,0.0,0.0,0.0,0.0,0.0,3.0,8.0,0.0,90.0,0.0,0.0,0.0,2.0,0.0,0.0,0.0,2.0,0.0,0.0,97.3,0.0,0.0,0.0,0.0,75.0,0.0,66.67,0.0,0.0,0.0,0.0,0.0,0.0,0.0,0.0,0.0,0.0,29.0,7.0,36.0,0.0,0.0,0.0,0.0,0.0,0.0,0.0,0.0,3.0,8.0,0.0,0.0,0.0,0.0,2.0,0.0,0.0,0.0,2.0,0.0,0.0,97.3,0.0,0.0,0.0,0.0,75.0,0.0,66.67,0.0,0.0,0.0,0.0,0.0,0.0,0.0,0.0,0.0,0.0,CB,30,23,27,11,39,43,45,50,52,48,45,45,70,50,50,36,34,91,48,52,18,84,48,52,95,18,52,48,50,80,25,57,45,43,50,50,50,52,43,43,41,41,30,23,27,11,39,43,45,50,52,48,45,45,70,50,50,36,34,91,48,52,18,84,48,52,95,18,52,48,50,80,25,57,45,43,50,50,50,52,43,43,41,41,Ligue 1
Lens,3xedluek08t2ka7oypwuullcn,8shwa0k28rt5duyrhuqza1hhx,F. Thauvin,Florian Thauvin,33,Attacker,France,Striker,15.0,11.0,26.0,0.0,1.0,3.0,3.0,0.0,0.0,2.0,3.0,3.0,0.0,2.0,90.0,3.0,7.0,3.0,0.0,0.0,0.0,1.0,0.0,0.0,1.0,81.25,33.33,0.0,0.0,100.0,37.5,0.0,0.0,0.0852822961804749,0.1420748289653519,0.0,1.0,0.06442595,0.0,3.0,2.0,0.3450669999999998,14.0,15.0,11.0,26.0,0.0,1.0,3.0,3.0,0.0,0.0,2.0,3.0,3.0,0.0,2.0,3.0,7.0,3.0,0.0,0.0,0.0,1.0,0.0,0.0,1.0,81.25,33.33,0.0,0.0,100.0,37.5,0.0,0.0,0.0852822961804749,0.1420748289653519,0.0,1.0,0.06442595,0.0,3.0,2.0,0.3450669999999998,14.0,RW,67,33,67,50,83,67,67,50,50,83,100,67,50,100,100,83,100,67,50,50,83,67,67,100,33,67,50,50,100,67,50,67,67,100,50,33,33,33,67,50,100,67,67,33,67,50,83,67,67,50,50,83,100,67,50,100,100,83,100,67,50,50,83,67,67,100,33,67,50,50,100,67,50,67,67,100,50,33,33,33,67,50,100,67,Ligue 1
Lens,3xedluek08t2ka7oypwuullcn,b1o88fddlthw3ph7w8bcgskd0,S. Sagnan,Souleymane Sagnan,21,Defender,Mali,Defender,35.0,13.0,48.0,1.0,0.0,0.0,0.0,0.0,0.0,0.0,0.0,7.0,7.0,0.0,90.0,0.0,0.0,0.0,4.0,0.0,0.0,4.0,2.0,0.0,0.0,92.31,57.14,0.0,0.0,0.0,87.5,0.0,66.67,0.0,0.0,0.0,0.0,0.0,0.0,0.0,0.0,0.0,0.0,35.0,13.0,48.0,1.0,0.0,0.0,0.0,0.0,0.0,0.0,0.0,7.0,7.0,0.0,0.0,0.0,0.0,4.0,0.0,0.0,4.0,2.0,0.0,0.0,92.31,57.14,0.0,0.0,0.0,87.5,0.0,66.67,0.0,0.0,0.0,0.0,0.0,0.0,0.0,0.0,0.0,0.0,LB/LCB,82,24,53,44,29,41,44,47,53,24,24,100,97,53,53,26,29,97,32,47,79,85,53,53,88,71,47,32,53,100,32,68,44,35,50,41,41,38,29,32,29,29,82,24,53,44,29,41,44,47,53,24,24,100,97,53,53,26,29,97,32,47,79,85,53,53,88,71,47,32,53,100,32,68,44,35,50,41,41,38,29,32,29,29,Ligue 1
Lens,3xedluek08t2ka7oypwuullcn,d7xmdbhg68ygcowv6pdofgvyt,M. Udol,Matthieu Udol,30,Defender,France,Defender,11.0,15.0,26.0,3.0,2.0,0.0,0.0,0.0,0.0,2.0,2.0,6.0,1.0,0.0,90.0,0.0,2.0,0.0,2.0,0.0,0.0,1.0,0.0,0.0,0.0,89.66,100.0,0.0,0.0,0.0,50.0,75.0,66.67,0.0,0.1248908667259265,0.0,0.0,0.0,0.0,2.0,2.0,0.0908852299999999,13.0,11.0,15.0,26.0,3.0,2.0,0.0,0.0,0.0,0.0,2.0,2.0,6.0,1.0,0.0,0.0,2.0,0.0,2.0,0.0,0.0,1.0,0.0,0.0,0.0,89.66,100.0,0.0,0.0,0.0,50.0,75.0,66.67,0.0,0.1248908667259265,0.0,0.0,0.0,0.0,2.0,2.0,0.0908852299999999,13.0,LB/LCB,21,38,18,91,97,41,44,47,53,82,82,88,26,53,53,79,29,74,32,47,35,21,53,53,76,100,47,32,53,41,94,68,44,100,50,41,41,38,68,71,76,68,21,38,18,91,97,41,44,47,53,82,82,88,26,53,53,79,29,74,32,47,35,21,53,53,76,100,47,32,53,41,94,68,44,100,50,41,41,38,68,71,76,68,Ligue 1
Lens,3xedluek08t2ka7oypwuullcn,e1kig9l5arrgiypv09zdxxsa2,M. Nawrocki,Maik Nawrocki,25,Defender,Poland,Defender,43.0,13.0,56.0,0.0,0.0,1.0,0.0,1.0,0.0,1.0,1.0,0.0,2.0,0.0,90.0,1.0,0.0,0.0,0.0,0.0,0.0,2.0,3.0,0.0,0.0,93.33,66.67,0.0,0.0,100.0,0.0,0.0,0.0,0.066349344736543,0.0,0.0,0.0,0.0,0.0,1.0,2.0,0.05167218,36.0,43.0,13.0,56.0,0.0,0.0,1.0,0.0,1.0,0.0,1.0,1.0,0.0,2.0,0.0,1.0,0.0,0.0,0.0,0.0,0.0,2.0,3.0,0.0,0.0,93.33,66.67,0.0,0.0,100.0,0.0,0.0,0.0,0.066349344736543,0.0,0.0,0.0,0.0,0.0,1.0,2.0,0.05167218,36.0,RB/RCB,100,62,75,21,42,67,33,92,50,46,46,8,42,46,83,29,25,12,33,50,58,96,54,54,92,83,50,33,88,8,38,12,75,42,42,29,29,42,58,54,67,83,100,62,75,21,42,67,33,92,50,46,46,8,42,46,83,29,25,12,33,50,58,96,54,54,92,83,50,33,88,8,38,12,75,42,42,29,29,42,58,54,67,83,Ligue 1
Lens,3xedluek08t2ka7oypwuullcn,i5s78vnnpjbs05skodkpk9hw,Y. Titraoui,Yacine Titraoui,23,Midfielder,Algeria,Midfielder,38.0,25.0,63.0,0.0,0.0,0.0,0.0,0.0,0.0,3.0,3.0,3.0,1.0,0.0,90.0,0.0,0.0,2.0,0.0,1.0,0.0,2.0,1.0,0.0,0.0,90.0,50.0,0.0,33.33,0.0,37.5,0.0,0.0,0.0,0.0,0.0,0.0,0.0,0.0,0.0,0.0,0.0,0.0,38.0,25.0,63.0,0.0,0.0,0.0,0.0,0.0,0.0,3.0,3.0,3.0,1.0,0.0,0.0,0.0,2.0,0.0,1.0,0.0,2.0,1.0,0.0,0.0,90.0,50.0,0.0,33.33,0.0,37.5,0.0,0.0,0.0,0.0,0.0,0.0,0.0,0.0,0.0,0.0,0.0,0.0,DM/CM,94,53,76,21,24,26,47,29,47,94,91,18,32,50,41,32,79,18,74,41,53,35,53,50,79,50,41,65,41,6,26,18,35,38,38,38,38,47,29,32,29,29,94,53,76,21,24,26,47,29,47,94,91,18,32,50,41,32,79,18,74,41,53,35,53,50,79,50,41,65,41,6,26,18,35,38,38,38,38,47,29,32,29,29,Ligue 1
Brest,3adj8hkws0z1al232bg2h6tk0,2ds26ub6ho0baamsjcmh7mmfo,B. Locko,Bradley Locko,24,Defender,France,Defender,19.0,15.0,33.0,1.0,1.0,0.0,0.0,0.0,0.0,1.0,1.0,5.0,1.0,0.0,90.0,0.0,0.0,1.0,2.0,1.0,1.0,2.0,1.0,0.0,0.0,73.33,20.0,50.0,100.0,0.0,71.43,0.0,100.0,0.0,0.0452113302555075,0.0,4.0,0.0841844899999999,2.0,6.0,7.0,0.18977605,23.0,19.0,15.0,33.0,1.0,1.0,0.0,0.0,0.0,0.0,1.0,1.0,5.0,1.0,0.0,0.0,0.0,1.0,2.0,1.0,1.0,2.0,1.0,0.0,0.0,73.33,20.0,50.0,100.0,0.0,71.43,0.0,100.0,0.0,0.0452113302555075,0.0,4.0,0.0841844899999999,2.0,6.0,7.0,0.18977605,23.0,LB/LCB,47,38,35,44,74,41,44,47,53,56,56,65,26,53,53,26,74,74,79,97,50,56,53,53,6,32,97,94,53,94,32,88,44,94,50,100,100,100,94,94,94,76,47,38,35,44,74,41,44,47,53,56,56,65,26,53,53,26,74,74,79,97,50,56,53,53,6,32,97,94,53,94,32,88,44,94,50,100,100,100,94,94,94,76,Ligue 1
Brest,3adj8hkws0z1al232bg2h6tk0,65b7kc7djr4vmbk55wumup72s,R. Le Guen,Raphaël Le Guen,19,Defender,France,Defender,30.0,12.0,42.0,5.0,1.0,3.0,3.0,0.0,0.0,0.0,0.0,6.0,12.0,0.0,90.0,0.0,5.0,0.0,0.0,0.0,0.0,1.0,2.0,0.0,0.0,87.5,33.33,0.0,0.0,0.0,0.0,0.0,0.0,0.3387908256247551,0.1032640301583876,0.0,1.0,0.01685596,0.0,2.0,2.0,0.04914844,30.0,30.0,12.0,42.0,5.0,1.0,3.0,3.0,0.0,0.0,0.0,0.0,6.0,12.0,0.0,0.0,5.0,0.0,0.0,0.0,0.0,1.0,2.0,0.0,0.0,87.5,33.33,0.0,0.0,0.0,0.0,0.0,0.0,0.3387908256247551,0.1032640301583876,0.0,1.0,0.01685596,0.0,2.0,2.0,0.04914844,30.0,CB,36,50,43,100,86,100,100,50,52,48,45,89,100,50,50,100,34,18,48,52,39,84,48,52,36,55,52,48,50,5,25,18,100,95,50,100,100,52,91,86,86,91,36,50,43,100,86,100,100,50,52,48,45,89,100,50,50,100,34,18,48,52,39,84,48,52,36,55,52,48,50,5,25,18,100,95,50,100,100,52,91,86,86,91,Ligue 1
Brest,3adj8hkws0z1al232bg2h6tk0,7za8h1pgec0y2s1ihmkkfvpm2,J. Chotard,Joris Chotard,24,Midfielder,France,Midfielder,27.0,17.0,40.0,1.0,4.0,2.0,0.0,2.0,0.0,1.0,1.0,4.0,1.0,0.0,90.0,0.0,0.0,1.0,1.0,0.0,4.0,12.0,3.0,0.0,0.0,81.63,60.0,50.0,0.0,0.0,57.14,0.0,50.0,0.0937795340976807,0.5492709988677804,2.0,1.0,0.0241224,0.0,3.0,3.0,0.0498911099999999,17.0,27.0,17.0,40.0,1.0,4.0,2.0,0.0,2.0,0.0,1.0,1.0,4.0,1.0,0.0,0.0,0.0,1.0,1.0,0.0,4.0,12.0,3.0,0.0,0.0,81.63,60.0,50.0,0.0,0.0,57.14,0.0,50.0,0.0937795340976807,0.5492709988677804,2.0,1.0,0.0241224,0.0,3.0,3.0,0.0498911099999999,17.0,DM/CM,53,29,35,62,97,85,47,91,47,56,53,41,32,50,41,32,47,47,32,100,100,97,53,50,12,79,97,32,41,65,26,44,76,100,97,82,88,47,82,74,71,71,53,29,35,62,97,85,47,91,47,56,53,41,32,50,41,32,47,47,32,100,100,97,53,50,12,79,97,32,41,65,26,44,76,100,97,82,88,47,82,74,71,71,Ligue 1
Brest,3adj8hkws0z1al232bg2h6tk0,am0pcyvtaws1i69jt09dgnsnp,L. Ajorque,Ludovic Ajorque,32,Attacker,France,Striker,6.0,9.0,15.0,11.0,1.0,7.0,7.0,0.0,0.0,2.0,2.0,14.0,1.0,0.0,90.0,2.0,13.0,1.0,0.0,2.0,0.0,0.0,0.0,0.0,0.0,75.0,0.0,0.0,100.0,28.57,60.87,73.33,0.0,0.8264506243658503,0.0969579115285631,0.0,0.0,0.0,0.0,0.0,1.0,0.1622324899999999,5.0,6.0,9.0,15.0,11.0,1.0,7.0,7.0,0.0,0.0,2.0,2.0,14.0,1.0,0.0,2.0,13.0,1.0,0.0,2.0,0.0,0.0,0.0,0.0,0.0,75.0,0.0,0.0,100.0,28.57,60.87,73.33,0.0,0.8264506243658503,0.0969579115285631,0.0,0.0,0.0,0.0,0.0,1.0,0.1622324899999999,5.0,ST,25,58,17,100,83,100,100,42,42,67,67,100,67,42,83,100,33,25,67,50,42,33,58,58,33,42,50,92,50,83,100,25,100,100,42,25,25,42,25,50,100,50,25,58,17,100,83,100,100,42,42,67,67,100,67,42,83,100,33,25,67,50,42,33,58,58,33,42,50,92,50,83,100,25,100,100,42,25,25,42,25,50,100,50,Ligue 1
Brest,3adj8hkws0z1al232bg2h6tk0,ef2n7d6rysar49toiz2k3obth,K. Lala,Kenny Lala,34,Defender,France,Defender,15.0,18.0,29.0,1.0,4.0,0.0,0.0,0.0,0.0,1.0,1.0,3.0,3.0,0.0,90.0,0.0,0.0,1.0,1.0,0.0,4.0,3.0,0.0,0.0,0.0,65.91,42.86,44.44,0.0,0.0,60.0,50.0,100.0,0.0,0.5575751547852726,0.0,3.0,0.0860136099999999,3.0,3.0,5.0,0.5228731600000001,17.0,15.0,18.0,29.0,1.0,4.0,0.0,0.0,0.0,0.0,1.0,1.0,3.0,3.0,0.0,0.0,0.0,1.0,1.0,0.0,4.0,3.0,0.0,0.0,0.0,65.91,42.86,44.44,0.0,0.0,60.0,50.0,100.0,0.0,0.5575751547852726,0.0,3.0,0.0860136099999999,3.0,3.0,5.0,0.5228731600000001,17.0,RB/RCB,42,75,42,54,100,25,33,42,50,46,46,25,58,46,38,29,58,46,33,100,79,12,54,54,17,58,100,33,38,62,88,88,29,100,42,83,83,100,79,83,100,75,42,75,42,54,100,25,33,42,50,46,46,25,58,46,38,29,58,46,33,100,79,12,54,54,17,58,100,33,38,62,88,88,29,100,42,83,83,100,79,83,100,75,Ligue 1
Brest,3adj8hkws0z1al232bg2h6tk0,eg9xhi6wfp1duf01pcsn8vfmd,L. Tousart,Lucas Tousart,29,Midfielder,France,Midfielder,27.0,6.0,33.0,3.0,0.0,2.0,2.0,0.0,0.0,0.0,0.0,6.0,6.0,0.0,90.0,2.0,2.0,2.0,0.0,0.0,0.0,2.0,2.0,0.0,0.0,82.5,33.33,0.0,0.0,100.0,50.0,33.33,0.0,0.2945925598001254,0.0,0.0,0.0,0.0,0.0,1.0,0.0,0.03525345,23.0,27.0,6.0,33.0,3.0,0.0,2.0,2.0,0.0,0.0,0.0,0.0,6.0,6.0,0.0,2.0,2.0,2.0,0.0,0.0,0.0,2.0,2.0,0.0,0.0,82.5,33.33,0.0,0.0,100.0,50.0,33.33,0.0,0.2945925598001254,0.0,0.0,0.0,0.0,0.0,1.0,0.0,0.03525345,23.0,DM/CM,53,6,15,94,24,85,100,29,47,21,21,71,100,50,100,88,79,18,32,41,53,71,53,50,24,24,41,32,97,44,56,18,100,38,38,38,38,47,62,32,59,76,53,6,15,94,24,85,100,29,47,21,21,71,100,50,100,88,79,18,32,41,53,71,53,50,24,24,41,32,97,44,56,18,100,38,38,38,38,47,62,32,59,76,Ligue 1
Rennes,z1wbqtd0fz5t5eezjvrbld3h,85n9nt673fj0927h3lwthtus4,A. Aït Boudlal,Abdelhamid Aït Boudlal,20,Defender,Morocco,Defender,27.0,5.0,32.0,1.0,0.0,0.0,0.0,0.0,0.0,0.0,0.0,7.0,8.0,0.0,90.0,0.0,0.0,0.0,4.0,0.0,0.0,0.0,1.0,0.0,0.0,96.97,0.0,0.0,0.0,0.0,77.78,0.0,66.67,0.0,0.0,0.0,0.0,0.0,0.0,0.0,0.0,0.0,0.0,27.0,5.0,32.0,1.0,0.0,0.0,0.0,0.0,0.0,0.0,0.0,7.0,8.0,0.0,0.0,0.0,0.0,4.0,0.0,0.0,0.0,1.0,0.0,0.0,96.97,0.0,0.0,0.0,0.0,77.78,0.0,66.67,0.0,0.0,0.0,0.0,0.0,0.0,0.0,0.0,0.0,0.0,RB/RCB,67,12,54,54,42,25,33,42,50,17,17,71,100,46,38,29,25,100,33,50,21,50,54,54,100,21,50,33,38,92,38,54,29,42,42,29,29,42,25,25,25,25,67,12,54,54,42,25,33,42,50,17,17,71,100,46,38,29,25,100,33,50,21,50,54,54,100,21,50,33,38,92,38,54,29,42,42,29,29,42,25,25,25,25,Ligue 1
Rennes,z1wbqtd0fz5t5eezjvrbld3h,8s259ktv9j6ei0f8rh2msqfh1,V. Rongier,Valentin Rongier,31,Midfielder,France,Midfielder,18.0,18.0,36.0,3.0,0.0,0.0,0.0,0.0,0.0,1.0,1.0,6.0,4.0,0.0,90.0,0.0,0.0,0.0,2.0,1.0,0.0,1.0,2.0,0.0,0.0,83.72,50.0,0.0,100.0,0.0,66.67,60.0,100.0,0.0,0.0,0.0,0.0,0.0,0.0,0.0,0.0,0.0,0.0,18.0,18.0,36.0,3.0,0.0,0.0,0.0,0.0,0.0,1.0,1.0,6.0,4.0,0.0,0.0,0.0,0.0,2.0,1.0,0.0,1.0,2.0,0.0,0.0,83.72,50.0,0.0,100.0,0.0,66.67,60.0,100.0,0.0,0.0,0.0,0.0,0.0,0.0,0.0,0.0,0.0,0.0,DM/CM,18,35,26,94,24,26,47,29,47,56,53,71,91,50,41,32,15,71,74,41,21,71,53,50,29,50,41,94,41,82,100,82,35,38,38,38,38,47,29,32,29,29,18,35,26,94,24,26,47,29,47,56,53,71,91,50,41,32,15,71,74,41,21,71,53,50,29,50,41,94,41,82,100,82,35,38,38,38,38,47,29,32,29,29,Ligue 1
Rennes,z1wbqtd0fz5t5eezjvrbld3h,aarmpoi343teu4medudpl49ka,C. Cresswell,Charlie Cresswell,24,Defender,England,Defender,17.0,5.0,22.0,2.0,0.0,0.0,0.0,0.0,0.0,0.0,1.0,3.0,7.0,0.0,90.0,0.0,0.0,1.0,0.0,0.0,0.0,2.0,1.0,0.0,0.0,70.97,25.0,0.0,0.0,0.0,75.0,0.0,0.0,0.0,0.0,0.0,0.0,0.0,0.0,0.0,0.0,0.0,0.0,17.0,5.0,22.0,2.0,0.0,0.0,0.0,0.0,0.0,0.0,1.0,3.0,7.0,0.0,0.0,0.0,1.0,0.0,0.0,0.0,2.0,1.0,0.0,0.0,70.97,25.0,0.0,0.0,0.0,75.0,0.0,0.0,0.0,0.0,0.0,0.0,0.0,0.0,0.0,0.0,0.0,0.0,CB,5,14,5,70,39,43,45,50,52,48,91,45,61,50,50,36,80,18,48,52,52,52,48,52,5,43,52,48,50,80,25,18,45,43,50,50,50,52,43,43,41,41,5,14,5,70,39,43,45,50,52,48,91,45,61,50,50,36,80,18,48,52,52,52,48,52,5,43,52,48,50,80,25,18,45,43,50,50,50,52,43,43,41,41,Ligue 1
Rennes,z1wbqtd0fz5t5eezjvrbld3h,c8u45gxriyq1rup5fpr30xrdh,A. Thomasson,Adrien Thomasson,32,Midfielder,France,Midfielder,21.0,12.0,33.0,1.0,1.0,0.0,0.0,0.0,0.0,1.0,1.0,5.0,1.0,0.0,90.0,0.0,2.0,1.0,0.0,1.0,0.0,1.0,1.0,0.0,1.0,84.62,33.33,0.0,100.0,0.0,41.67,0.0,0.0,0.0,0.0716448088601742,0.0,3.0,0.0841436399999999,1.0,1.0,2.0,0.0468110599999999,17.0,21.0,12.0,33.0,1.0,1.0,0.0,0.0,0.0,0.0,1.0,1.0,5.0,1.0,0.0,0.0,2.0,1.0,0.0,1.0,0.0,1.0,1.0,0.0,1.0,84.62,33.33,0.0,100.0,0.0,41.67,0.0,0.0,0.0,0.0716448088601742,0.0,3.0,0.0841436399999999,1.0,1.0,2.0,0.0468110599999999,17.0,CM/AM,89,11,61,67,67,28,28,39,33,50,50,67,67,56,44,44,72,28,72,39,39,83,56,100,50,33,39,100,44,44,39,28,39,78,50,67,78,67,72,78,67,78,89,11,61,67,67,28,28,39,33,50,50,67,67,56,44,44,72,28,72,39,39,83,56,100,50,33,39,100,44,44,39,28,39,78,50,67,78,67,72,78,67,78,Ligue 1
Rennes,z1wbqtd0fz5t5eezjvrbld3h,f12l40tkknok5cqitoacfdsve,E. Lepaul,Estéban Lepaul,26,Attacker,France,Striker,9.0,7.0,16.0,1.0,0.0,2.0,2.0,0.0,0.0,1.0,1.0,1.0,0.0,1.0,90.0,1.0,2.0,0.0,0.0,0.0,0.0,0.0,0.0,0.0,0.0,76.19,0.0,0.0,0.0,50.0,20.0,50.0,0.0,0.2353326524921216,0.0,0.0,1.0,0.02385149,1.0,0.0,1.0,0.0441904899999999,3.0,9.0,7.0,16.0,1.0,0.0,2.0,2.0,0.0,0.0,1.0,1.0,1.0,0.0,1.0,1.0,2.0,0.0,0.0,0.0,0.0,0.0,0.0,0.0,0.0,76.19,0.0,0.0,0.0,50.0,20.0,50.0,0.0,0.2353326524921216,0.0,0.0,1.0,0.02385149,1.0,0.0,1.0,0.0441904899999999,3.0,ST,83,17,42,67,33,42,58,42,42,42,42,17,25,83,50,25,17,25,33,50,42,33,58,58,58,42,50,33,75,17,83,25,50,33,42,58,67,92,25,50,33,17,83,17,42,67,33,42,58,42,42,42,42,17,25,83,50,25,17,25,33,50,42,33,58,58,58,42,50,33,75,17,83,25,50,33,42,58,67,92,25,50,33,17,Ligue 1
Toulouse,4aghw9tyi8ba3ju1ne83gmf9w,2o5wwfsh5xhyatdfelh9dzqax,R. Nicolaisen,Rasmus Nicolaisen,29,Defender,Denmark,Defender,42.0,10.0,52.0,4.0,0.0,2.0,2.0,0.0,0.0,1.0,1.0,5.0,5.0,0.0,90.0,0.0,2.0,0.0,0.0,0.0,0.0,3.0,0.0,0.0,0.0,96.3,75.0,0.0,0.0,0.0,62.5,80.0,0.0,0.2480387189133309,0.0,0.0,0.0,0.0,0.0,2.0,1.0,0.056306,29.0,42.0,10.0,52.0,4.0,0.0,2.0,2.0,0.0,0.0,1.0,1.0,5.0,5.0,0.0,0.0,2.0,0.0,0.0,0.0,0.0,3.0,0.0,0.0,0.0,96.3,75.0,0.0,0.0,0.0,62.5,80.0,0.0,0.2480387189133309,0.0,0.0,0.0,0.0,0.0,2.0,1.0,0.056306,29.0,LB/LCB,88,6,71,100,29,94,97,47,53,56,56,65,88,53,53,79,29,24,32,47,65,21,53,53,94,94,47,32,53,76,100,24,94,35,50,41,41,38,68,65,65,82,88,6,71,100,29,94,97,47,53,56,56,65,88,53,53,79,29,24,32,47,65,21,53,53,94,94,47,32,53,76,100,24,94,35,50,41,41,38,68,65,65,82,Ligue 1
Toulouse,4aghw9tyi8ba3ju1ne83gmf9w,5enjhxrx2jrjqtgb9wwq0baax,M. McKenzie,Mark McKenzie,27,Defender,USA,Defender,42.0,16.0,58.0,1.0,1.0,0.0,0.0,0.0,0.0,0.0,0.0,2.0,4.0,0.0,90.0,0.0,2.0,0.0,0.0,0.0,0.0,4.0,2.0,0.0,0.0,92.06,66.67,0.0,0.0,0.0,50.0,0.0,0.0,0.0,0.1446584965432604,0.0,0.0,0.0,0.0,4.0,3.0,0.0690993999999999,40.0,42.0,16.0,58.0,1.0,1.0,0.0,0.0,0.0,0.0,0.0,0.0,2.0,4.0,0.0,0.0,2.0,0.0,0.0,0.0,0.0,4.0,2.0,0.0,0.0,92.06,66.67,0.0,0.0,0.0,50.0,0.0,0.0,0.0,0.1446584965432604,0.0,0.0,0.0,0.0,4.0,3.0,0.0690993999999999,40.0,CB,68,73,73,36,86,43,45,50,52,48,45,23,30,50,50,95,34,18,48,52,86,84,48,52,55,82,52,48,50,48,25,18,45,100,50,50,50,52,98,93,95,100,68,73,73,36,86,43,45,50,52,48,45,23,30,50,50,95,34,18,48,52,86,84,48,52,55,82,52,48,50,48,25,18,45,100,50,50,50,52,98,93,95,100,Ligue 1
Toulouse,4aghw9tyi8ba3ju1ne83gmf9w,6vjoq2kgaq2igxoh8cvq0ieax,C. Cásseres,Cristian Cásseres,26,Midfielder,Venezuela,Midfielder,30.0,24.0,53.0,1.0,4.0,1.0,0.0,1.0,0.0,1.0,1.0,6.0,2.0,0.0,90.0,0.0,0.0,2.0,3.0,0.0,1.0,5.0,0.0,0.0,0.0,85.48,55.56,50.0,0.0,0.0,66.67,50.0,100.0,0.043109111273254,0.3636416593038236,1.0,0.0,0.0,0.0,3.0,5.0,0.13711583,32.0,30.0,24.0,53.0,1.0,4.0,1.0,0.0,1.0,0.0,1.0,1.0,6.0,2.0,0.0,0.0,0.0,2.0,3.0,0.0,1.0,5.0,0.0,0.0,0.0,85.48,55.56,50.0,0.0,0.0,66.67,50.0,100.0,0.043109111273254,0.3636416593038236,1.0,0.0,0.0,0.0,3.0,5.0,0.13711583,32.0,DM/CM,74,47,65,62,97,62,47,71,47,56,53,71,59,50,41,32,79,88,32,85,88,12,53,50,65,71,97,32,41,82,79,82,71,94,82,38,38,47,82,88,88,88,74,47,65,62,97,62,47,71,47,56,53,71,59,50,41,32,79,88,32,85,88,12,53,50,65,71,97,32,41,82,79,82,71,94,82,38,38,47,82,88,88,88,Ligue 1
Toulouse,4aghw9tyi8ba3ju1ne83gmf9w,bdz03qovxerzrv12lgljae1p0,C. Tapé,Christ Tapé,20,Defender,Côte d'Ivoire,Defender,18.0,12.0,30.0,1.0,1.0,2.0,2.0,0.0,0.0,2.0,2.0,3.0,1.0,0.0,90.0,0.0,3.0,1.0,0.0,1.0,0.0,0.0,0.0,0.0,0.0,85.71,0.0,0.0,50.0,0.0,37.5,0.0,0.0,0.2765035426625164,0.0,0.0,2.0,0.05512624,1.0,2.0,3.0,0.088826,13.0,18.0,12.0,30.0,1.0,1.0,2.0,2.0,0.0,0.0,2.0,2.0,3.0,1.0,0.0,0.0,3.0,1.0,0.0,1.0,0.0,0.0,0.0,0.0,0.0,85.71,0.0,0.0,50.0,0.0,37.5,0.0,0.0,0.2765035426625164,0.0,0.0,2.0,0.05512624,1.0,2.0,3.0,0.088826,13.0,LB/LCB,38,18,29,44,74,94,97,47,53,82,82,24,26,53,53,97,74,24,79,47,15,21,53,53,56,15,47,71,53,24,32,24,100,35,50,94,94,85,68,76,71,68,38,18,29,44,74,94,97,47,53,82,82,24,26,53,53,97,74,24,79,47,15,21,53,53,56,15,47,71,53,24,32,24,100,35,50,94,94,85,68,76,71,68,Ligue 1
Toulouse,4aghw9tyi8ba3ju1ne83gmf9w,vrzye4jqrafujmjw3wakjpxw,T. Jørgensen,Thomas Jørgensen,20,Midfielder,Denmark,Midfielder,4.0,17.0,19.0,0.0,3.0,2.0,2.0,0.0,1.0,3.0,3.0,5.0,0.0,0.0,90.0,0.0,6.0,0.0,1.0,2.0,2.0,2.0,0.0,0.0,0.0,70.37,100.0,40.0,66.67,0.0,62.5,0.0,33.33,0.3080325567579544,0.3526586726840652,0.0,4.0,0.07494924,1.0,1.0,0.0,0.0122079099999999,6.0,4.0,17.0,19.0,0.0,3.0,2.0,2.0,0.0,1.0,3.0,3.0,5.0,0.0,0.0,0.0,6.0,0.0,1.0,2.0,2.0,2.0,0.0,0.0,0.0,70.37,100.0,40.0,66.67,0.0,62.5,0.0,33.33,0.3080325567579544,0.3526586726840652,0.0,4.0,0.07494924,1.0,1.0,0.0,0.0122079099999999,6.0,CM/AM,11,61,11,28,100,78,94,39,78,72,72,67,28,56,44,100,28,72,89,100,72,33,56,50,11,94,89,78,44,89,39,56,100,100,50,78,67,67,72,33,56,56,11,61,11,28,100,78,94,39,78,72,72,67,28,56,44,100,28,72,89,100,72,33,56,50,11,94,89,78,44,89,39,56,100,100,50,78,67,67,72,33,56,56,Ligue 1
