Team,contestantId,playerId,Short Name,Player Name,Age,Position_x,Nationality,Position_y,total accurate back zone pass_Total,total accurate cross_Total,total accurate fwd zone pass_Total,total accurate long balls_Total,total accurate pass_Total,total att assist_Total,total effective clearance_Total,total mins played,total aerial won_Total,total assists_Total,total attempt_Total,total attempts ibox_Total,total contest_Total,total dribbles attempted_Total,total duels won_Total,total goals_Total,total ontarget attempt_Total,total touches in opposition box_Total,total was fouled_Total,total blocked scoring att_Total,total won contest_Total,total interception_Total,total won tackle_Total,total attempts obox_Total,total big chances saved_Total,pass_success_pct_Total,long_balls_success_pct_Total,cross_success_pct_Total,dribble_success_pct_Total,attempt_success_pct_Total,duel_success_pct_Total,aerial_success_pct_Total,tackle_success_pct_Total,xG_Total,xA_Total,CreatedOwnShot_Total,Total Carries_Total,Total Carry xT_Total,Total Final Third Carries_Total,passes_into_final_third_Total,progressive_passes_Total,xT_pass_Total,forward_passes_Total,total accurate back zone pass_p90,total accurate cross_p90,total accurate fwd zone pass_p90,total accurate long balls_p90,total accurate pass_p90,total att assist_p90,total effective clearance_p90,total aerial won_p90,total assists_p90,total attempt_p90,total attempts ibox_p90,total contest_p90,total dribbles attempted_p90,total duels won_p90,total goals_p90,total ontarget attempt_p90,total touches in opposition box_p90,total was fouled_p90,total blocked scoring att_p90,total won contest_p90,total interception_p90,total won tackle_p90,total attempts obox_p90,total big chances saved_p90,pass_success_pct_p90,long_balls_success_pct_p90,cross_success_pct_p90,dribble_success_pct_p90,attempt_success_pct_p90,duel_success_pct_p90,aerial_success_pct_p90,tackle_success_pct_p90,xG_p90,xA_p90,CreatedOwnShot_p90,Total Carries_p90,Total Carry xT_p90,Total Final Third Carries_p90,passes_into_final_third_p90,progressive_passes_p90,xT_pass_p90,forward_passes_p90,Pos.,total accurate back zone pass_TotalPR,total accurate cross_TotalPR,total accurate fwd zone pass_TotalPR,total accurate long balls_TotalPR,total accurate pass_TotalPR,total att assist_TotalPR,total effective clearance_TotalPR,total aerial won_TotalPR,total assists_TotalPR,total attempt_TotalPR,total attempts ibox_TotalPR,total contest_TotalPR,total dribbles attempted_TotalPR,total duels won_TotalPR,total goals_TotalPR,total ontarget attempt_TotalPR,total touches in opposition box_TotalPR,total was fouled_TotalPR,total blocked scoring att_TotalPR,total won contest_TotalPR,total interception_TotalPR,total won tackle_TotalPR,total attempts obox_TotalPR,total big chances saved_TotalPR,pass_success_pct_TotalPR,long_balls_success_pct_TotalPR,cross_success_pct_TotalPR,dribble_success_pct_TotalPR,attempt_success_pct_TotalPR,duel_success_pct_TotalPR,aerial_success_pct_TotalPR,tackle_success_pct_TotalPR,xG_TotalPR,xA_TotalPR,CreatedOwnShot_TotalPR,Total Carries_TotalPR,Total Carry xT_TotalPR,Total Final Third Carries_TotalPR,passes_into_final_third_TotalPR,progressive_passes_TotalPR,xT_pass_TotalPR,forward_passes_TotalPR,total accurate back zone pass_p90PR,total accurate cross_p90PR,total accurate fwd zone pass_p90PR,total accurate long balls_p90PR,total accurate pass_p90PR,total att assist_p90PR,total effective clearance_p90PR,total aerial won_p90PR,total assists_p90PR,total attempt_p90PR,total attempts ibox_p90PR,total contest_p90PR,total dribbles attempted_p90PR,total duels won_p90PR,total goals_p90PR,total ontarget attempt_p90PR,total touches in opposition box_p90PR,total was fouled_p90PR,total blocked scoring att_p90PR,total won contest_p90PR,total interception_p90PR,total won tackle_p90PR,total attempts obox_p90PR,total big chances saved_p90PR,pass_success_pct_p90PR,long_balls_success_pct_p90PR,cross_success_pct_p90PR,dribble_success_pct_p90PR,attempt_success_pct_p90PR,duel_success_pct_p90PR,aerial_success_pct_p90PR,tackle_success_pct_p90PR,xG_p90PR,xA_p90PR,CreatedOwnShot_p90PR,Total Carries_p90PR,Total Carry xT_p90PR,Total Final Third Carries_p90PR,passes_into_final_third_p90PR,progressive_passes_p90PR,xT_pass_p90PR,forward_passes_p90PR,League
Milan,9dntj5dioj5ex52yrgwzxrq9l,3bm08rp9rgzh6cjhk0picxs6h,S. Chukwueze,Samuel Chukwueze,27,Attacker,Nigeria,Striker,20.0,3.0,18.0,2.0,35.0,4.0,0.0,90.0,0.0,1.0,2.0,2.0,2.0,2.0,3.0,0.0,1.0,9.0,1.0,0.0,1.0,0.0,1.0,0.0,0.0,77.78,66.67,37.5,50.0,50.0,50.0,0.0,100.0,0.2415816635365291,0.5247356572706687,1.0,5.0,0.1965198,2.0,2.0,5.0,0.41103286,15.0,20.0,3.0,18.0,2.0,35.0,4.0,0.0,0.0,1.0,2.0,2.0,2.0,2.0,3.0,0.0,1.0,9.0,1.0,0.0,1.0,0.0,1.0,0.0,0.0,77.78,66.67,37.5,50.0,50.0,50.0,0.0,100.0,0.2415816635365291,0.5247356572706687,1.0,5.0,0.1965198,2.0,2.0,5.0,0.41103286,15.0,RW,100,100,100,100,100,100,100,100,100,100,100,100,100,100,100,100,100,100,100,100,100,100,100,100,100,100,100,100,100,100,100,100,100,100,100,100,100,100,100,100,100,100,100,100,100,100,100,100,100,100,100,100,100,100,100,100,100,100,100,100,100,100,100,100,100,100,100,100,100,100,100,100,100,100,100,100,100,100,100,100,100,100,100,100,Serie A
Milan,9dntj5dioj5ex52yrgwzxrq9l,7wjdqyl3bkhsfca5cu4riwley,S. Pavlović,Strahinja Pavlovic,25,Defender,Serbia,Defender,55.0,0.0,20.0,1.0,75.0,0.0,6.0,90.0,2.0,0.0,0.0,0.0,2.0,2.0,6.0,0.0,0.0,0.0,2.0,0.0,0.0,0.0,2.0,0.0,0.0,90.36,16.67,0.0,0.0,0.0,66.67,66.67,100.0,0.0,0.0,0.0,0.0,0.0,0.0,0.0,0.0,0.0,0.0,55.0,0.0,20.0,1.0,75.0,0.0,6.0,2.0,0.0,0.0,0.0,2.0,2.0,6.0,0.0,0.0,0.0,2.0,0.0,0.0,0.0,2.0,0.0,0.0,90.36,16.67,0.0,0.0,0.0,66.67,66.67,100.0,0.0,0.0,0.0,0.0,0.0,0.0,0.0,0.0,0.0,0.0,LB/LCB,93,32,50,61,93,25,86,86,54,25,36,93,93,93,50,36,21,96,43,36,18,89,32,54,86,50,32,36,36,79,93,89,29,32,39,29,29,32,29,29,21,21,93,32,50,61,93,25,86,86,54,25,36,93,93,93,50,36,21,96,43,36,18,89,32,54,86,50,32,36,36,79,93,89,29,32,39,29,29,32,29,29,21,21,Serie A
Milan,9dntj5dioj5ex52yrgwzxrq9l,95r0jtkw03vjohzwc8os8ielm,K. De Winter,Koni De Winter,24,Defender,Belgium,Defender,42.0,0.0,20.0,1.0,62.0,0.0,2.0,90.0,2.0,0.0,1.0,1.0,0.0,0.0,7.0,0.0,0.0,2.0,0.0,1.0,0.0,2.0,4.0,0.0,0.0,95.38,33.33,0.0,0.0,0.0,77.78,66.67,80.0,0.1365999959084028,0.0,0.0,0.0,0.0,0.0,1.0,3.0,0.04695578,43.0,42.0,0.0,20.0,1.0,62.0,0.0,2.0,2.0,0.0,1.0,1.0,0.0,0.0,7.0,0.0,0.0,2.0,0.0,1.0,0.0,2.0,4.0,0.0,0.0,95.38,33.33,0.0,0.0,0.0,77.78,66.67,80.0,0.1365999959084028,0.0,0.0,0.0,0.0,0.0,1.0,3.0,0.04695578,43.0,CB,66,46,86,29,64,36,39,73,52,64,70,39,39,86,46,39,79,27,96,41,80,96,48,52,75,27,46,41,39,88,88,70,75,39,48,32,32,43,57,77,54,82,66,46,86,29,64,36,39,73,52,64,70,39,39,86,46,39,79,27,96,41,80,96,48,52,75,27,46,41,39,88,88,70,75,39,48,32,32,43,57,77,54,82,Serie A
Milan,9dntj5dioj5ex52yrgwzxrq9l,9v4l7ic3ve6d22c0gs9p1oe3u,Gonçalo Ramos,Gonçalo Matias Ramos,25,Attacker,Portugal,Striker,5.0,0.0,12.0,1.0,17.0,1.0,1.0,90.0,4.0,0.0,5.0,5.0,3.0,3.0,5.0,0.0,1.0,9.0,0.0,2.0,1.0,1.0,0.0,0.0,0.0,68.0,100.0,0.0,33.33,20.0,50.0,66.67,0.0,0.5848318905377301,0.1064912973777063,0.0,1.0,0.01689528,0.0,1.0,1.0,0.07095163,7.0,5.0,0.0,12.0,1.0,17.0,1.0,1.0,4.0,0.0,5.0,5.0,3.0,3.0,5.0,0.0,1.0,9.0,0.0,2.0,1.0,1.0,0.0,0.0,0.0,68.0,100.0,0.0,33.33,20.0,50.0,66.67,0.0,0.5848318905377301,0.1064912973777063,0.0,1.0,0.01689528,0.0,1.0,1.0,0.07095163,7.0,ST,67,54,79,88,79,67,71,100,50,96,100,67,58,71,46,62,100,17,96,62,96,38,29,54,33,92,54,58,38,83,100,38,100,92,29,67,58,25,75,71,75,75,67,54,79,88,79,67,71,100,50,96,100,67,58,71,46,62,100,17,96,62,96,38,29,54,33,92,54,58,38,83,100,38,100,92,29,67,58,25,75,71,75,75,Serie A
Milan,9dntj5dioj5ex52yrgwzxrq9l,b2e12l3s3dxgyr8d2rk5qb9ey,Y. Musah,Yunus Musah,23,Midfielder,USA,Midfielder,17.0,0.0,16.0,2.0,33.0,0.0,2.0,90.0,0.0,0.0,0.0,0.0,1.0,1.0,0.0,0.0,0.0,0.0,0.0,0.0,0.0,1.0,0.0,0.0,0.0,86.84,100.0,0.0,0.0,0.0,0.0,0.0,0.0,0.0,0.0,0.0,0.0,0.0,0.0,0.0,0.0,0.0,0.0,17.0,0.0,16.0,2.0,33.0,0.0,2.0,0.0,0.0,0.0,0.0,1.0,1.0,0.0,0.0,0.0,0.0,0.0,0.0,0.0,1.0,0.0,0.0,0.0,86.84,100.0,0.0,0.0,0.0,0.0,0.0,0.0,0.0,0.0,0.0,0.0,0.0,0.0,0.0,0.0,0.0,0.0,CM/AM,55,45,40,85,50,30,65,40,50,20,20,50,50,10,50,45,15,25,45,25,70,25,40,55,30,85,45,25,45,10,40,25,20,30,30,20,20,35,20,15,15,15,55,45,40,85,50,30,65,40,50,20,20,50,50,10,50,45,15,25,45,25,70,25,40,55,30,85,45,25,45,10,40,25,20,30,30,20,20,35,20,15,15,15,Serie A
Monza,67z1gqyiuzpmmb15q5fy7ntc4,4ax49niuix9tiqdv05y3vbdn9,Ricardo Mangas,Ricardo Luís Chaby Mangas,28,Defender,Portugal,Defender,6.0,0.0,6.0,1.0,12.0,0.0,1.0,90.0,0.0,0.0,1.0,1.0,0.0,0.0,1.0,0.0,1.0,2.0,1.0,0.0,0.0,1.0,0.0,0.0,0.0,70.59,100.0,0.0,0.0,100.0,33.33,0.0,0.0,0.1745431539255435,0.0,0.0,1.0,0.01611813,0.0,1.0,0.0,0.0214980199999999,8.0,6.0,0.0,6.0,1.0,12.0,0.0,1.0,0.0,0.0,1.0,1.0,0.0,0.0,1.0,0.0,1.0,2.0,1.0,0.0,0.0,1.0,0.0,0.0,0.0,70.59,100.0,0.0,0.0,100.0,33.33,0.0,0.0,0.1745431539255435,0.0,0.0,1.0,0.01611813,0.0,1.0,0.0,0.0214980199999999,8.0,CB,5,46,20,29,5,36,23,14,52,64,70,39,39,11,46,89,79,73,46,41,55,20,48,52,4,93,46,41,93,29,32,20,93,39,48,77,64,43,57,25,46,43,5,46,20,29,5,36,23,14,52,64,70,39,39,11,46,89,79,73,46,41,55,20,48,52,4,93,46,41,93,29,32,20,93,39,48,77,64,43,57,25,46,43,Serie A
Monza,67z1gqyiuzpmmb15q5fy7ntc4,721e4tx2wrwb4kd9w80fcq19l,S. Birindelli,Samuele Birindelli,27,Defender,Italy,Defender,6.0,0.0,6.0,0.0,12.0,0.0,0.0,90.0,1.0,0.0,1.0,1.0,0.0,0.0,3.0,0.0,1.0,1.0,1.0,0.0,0.0,0.0,0.0,0.0,0.0,75.0,0.0,0.0,0.0,100.0,75.0,0.0,0.0,0.1015813839682652,0.0,0.0,1.0,0.01870347,0.0,2.0,2.0,0.14140581,9.0,6.0,0.0,6.0,0.0,12.0,0.0,0.0,1.0,0.0,1.0,1.0,0.0,0.0,3.0,0.0,1.0,1.0,1.0,0.0,0.0,0.0,0.0,0.0,0.0,75.0,0.0,0.0,0.0,100.0,75.0,0.0,0.0,0.1015813839682652,0.0,0.0,1.0,0.01870347,0.0,2.0,2.0,0.14140581,9.0,CB,5,46,20,5,5,36,9,46,52,64,70,39,39,46,46,89,46,73,46,41,21,20,48,52,7,5,46,41,93,82,32,20,68,39,48,77,73,43,68,64,89,46,5,46,20,5,5,36,9,46,52,64,70,39,39,46,46,89,46,73,46,41,21,20,48,52,7,5,46,41,93,82,32,20,68,39,48,77,73,43,68,64,89,46,Serie A
Monza,67z1gqyiuzpmmb15q5fy7ntc4,chjjcy789cuwlsik2ibmubtyi,A. Carboni,Andrea Carboni,25,Defender,Italy,Defender,17.0,1.0,9.0,0.0,25.0,1.0,0.0,90.0,1.0,0.0,0.0,0.0,0.0,0.0,1.0,0.0,0.0,1.0,0.0,0.0,0.0,1.0,0.0,0.0,0.0,75.76,0.0,100.0,0.0,0.0,33.33,50.0,0.0,0.0,0.1455194013604863,0.0,0.0,0.0,0.0,1.0,2.0,0.10492821,13.0,17.0,1.0,9.0,0.0,25.0,1.0,0.0,1.0,0.0,0.0,0.0,0.0,0.0,1.0,0.0,0.0,1.0,0.0,0.0,0.0,1.0,0.0,0.0,0.0,75.76,0.0,100.0,0.0,0.0,33.33,50.0,0.0,0.0,0.1455194013604863,0.0,0.0,0.0,0.0,1.0,2.0,0.10492821,13.0,LB/LCB,36,71,25,25,21,61,14,61,54,25,36,21,18,14,50,36,54,36,43,36,54,21,32,54,14,25,96,36,36,21,82,21,29,86,39,29,29,32,64,61,71,57,36,71,25,25,21,61,14,61,54,25,36,21,18,14,50,36,54,36,43,36,54,21,32,54,14,25,96,36,36,21,82,21,29,86,39,29,29,32,64,61,71,57,Serie A
Monza,67z1gqyiuzpmmb15q5fy7ntc4,dnoda2j8vhyppw1gt0s6x2044,E. Kouadio,Eddy Kouadio,20,Defender,Italy,Defender,19.0,0.0,4.0,2.0,23.0,0.0,1.0,90.0,0.0,0.0,0.0,0.0,0.0,0.0,2.0,0.0,0.0,0.0,0.0,0.0,0.0,7.0,1.0,0.0,0.0,82.14,33.33,0.0,0.0,0.0,50.0,0.0,50.0,0.0,0.0,0.0,0.0,0.0,0.0,0.0,0.0,0.0,0.0,19.0,0.0,4.0,2.0,23.0,0.0,1.0,0.0,0.0,0.0,0.0,0.0,0.0,2.0,0.0,0.0,0.0,0.0,0.0,0.0,7.0,1.0,0.0,0.0,82.14,33.33,0.0,0.0,0.0,50.0,0.0,50.0,0.0,0.0,0.0,0.0,0.0,0.0,0.0,0.0,0.0,0.0,CB,25,46,7,55,18,36,23,14,52,21,23,39,39,29,46,39,14,27,46,41,100,52,48,52,25,27,46,41,39,43,32,50,29,39,48,32,32,43,25,25,21,21,25,46,7,55,18,36,23,14,52,21,23,39,39,29,46,39,14,27,46,41,100,52,48,52,25,27,46,41,39,43,32,50,29,39,48,32,32,43,25,25,21,21,Serie A
Monza,67z1gqyiuzpmmb15q5fy7ntc4,oxjqheti8zn0kf1l4b8psff8,M. Foe Ondoa,Manga Foe Ondoa,20,Midfielder,France,Midfielder,13.0,0.0,15.0,1.0,28.0,1.0,0.0,90.0,1.0,0.0,0.0,0.0,1.0,1.0,2.0,0.0,0.0,0.0,0.0,0.0,1.0,2.0,0.0,0.0,0.0,90.32,100.0,0.0,100.0,0.0,50.0,0.0,0.0,0.0,0.0769516287108928,0.0,2.0,0.04888404,2.0,3.0,4.0,0.04594272,14.0,13.0,0.0,15.0,1.0,28.0,1.0,0.0,1.0,0.0,0.0,0.0,1.0,1.0,2.0,0.0,0.0,0.0,0.0,0.0,1.0,2.0,0.0,0.0,0.0,90.32,100.0,0.0,100.0,0.0,50.0,0.0,0.0,0.0,0.0769516287108928,0.0,2.0,0.04888404,2.0,3.0,4.0,0.04594272,14.0,DM/CM,12,47,19,34,12,53,16,72,50,16,47,78,78,25,53,38,34,25,44,81,81,22,22,53,50,88,47,88,38,47,44,22,31,94,34,62,75,84,53,69,62,50,12,47,19,34,12,53,16,72,50,16,47,78,78,25,53,38,34,25,44,81,81,22,22,53,50,88,47,88,38,47,44,22,31,94,34,62,75,84,53,69,62,50,Serie A
Fiorentina,4raiad4l2j5lkfaz92pk4osb,476nfumr6aadvufrqk72tq5be,L. Ranieri,Luca Ranieri,27,Defender,Italy,Defender,21.0,0.0,4.0,0.0,25.0,0.0,9.0,90.0,1.0,0.0,0.0,0.0,0.0,0.0,2.0,0.0,0.0,0.0,0.0,0.0,0.0,0.0,1.0,0.0,0.0,86.21,0.0,0.0,0.0,0.0,50.0,0.0,100.0,0.0,0.0,0.0,0.0,0.0,0.0,0.0,0.0,0.0,0.0,21.0,0.0,4.0,0.0,25.0,0.0,9.0,1.0,0.0,0.0,0.0,0.0,0.0,2.0,0.0,0.0,0.0,0.0,0.0,0.0,0.0,1.0,0.0,0.0,86.21,0.0,0.0,0.0,0.0,50.0,0.0,100.0,0.0,0.0,0.0,0.0,0.0,0.0,0.0,0.0,0.0,0.0,LB/LCB,50,32,7,25,21,25,100,61,54,25,36,21,18,25,50,36,21,36,43,36,18,61,32,54,43,25,32,36,36,43,39,89,29,32,39,29,29,32,29,29,21,21,50,32,7,25,21,25,100,61,54,25,36,21,18,25,50,36,21,36,43,36,18,61,32,54,43,25,32,36,36,43,39,89,29,32,39,29,29,32,29,29,21,21,Serie A
Fiorentina,4raiad4l2j5lkfaz92pk4osb,4gbk8ka3fv401f8zyslo38fai,R. Drăgușin,Radu Dragusin,24,Defender,Romania,Defender,18.0,0.0,6.0,3.0,24.0,0.0,3.0,90.0,1.0,0.0,1.0,1.0,0.0,0.0,4.0,0.0,0.0,1.0,1.0,0.0,0.0,2.0,1.0,0.0,0.0,100.0,100.0,0.0,0.0,0.0,50.0,0.0,50.0,0.0956076485956367,0.0,0.0,0.0,0.0,0.0,0.0,1.0,0.02148907,15.0,18.0,0.0,6.0,3.0,24.0,0.0,3.0,1.0,0.0,1.0,1.0,0.0,0.0,4.0,0.0,0.0,1.0,1.0,0.0,0.0,2.0,1.0,0.0,0.0,100.0,100.0,0.0,0.0,0.0,50.0,0.0,50.0,0.0956076485956367,0.0,0.0,0.0,0.0,0.0,0.0,1.0,0.02148907,15.0,CB,21,46,20,77,21,36,54,46,52,64,70,39,39,55,46,39,46,73,46,41,80,52,48,52,100,93,46,41,39,43,32,50,64,39,48,32,32,43,25,52,43,57,21,46,20,77,21,36,54,46,52,64,70,39,39,55,46,39,46,73,46,41,80,52,48,52,100,93,46,41,39,43,32,50,64,39,48,32,32,43,25,52,43,57,Serie A
Fiorentina,4raiad4l2j5lkfaz92pk4osb,7maur0rp96hubnkuu84576wpg,M. Pellegrino,Mateo Pellegrino,24,Attacker,Argentina,Striker,4.0,0.0,7.0,0.0,11.0,1.0,2.0,90.0,2.0,0.0,0.0,0.0,2.0,2.0,5.0,0.0,0.0,0.0,3.0,0.0,0.0,0.0,0.0,0.0,0.0,68.75,0.0,0.0,0.0,0.0,26.32,20.0,0.0,0.0,0.0,0.0,0.0,0.0,0.0,0.0,0.0,0.0,0.0,4.0,0.0,7.0,0.0,11.0,1.0,2.0,2.0,0.0,0.0,0.0,2.0,2.0,5.0,0.0,0.0,0.0,3.0,0.0,0.0,0.0,0.0,0.0,0.0,68.75,0.0,0.0,0.0,0.0,26.32,20.0,0.0,0.0,0.0,0.0,0.0,0.0,0.0,0.0,0.0,0.0,0.0,ST,50,54,38,38,42,67,100,88,50,8,12,46,46,71,46,17,12,88,29,25,46,38,29,54,42,38,54,25,17,42,62,38,12,29,29,29,29,25,29,25,12,12,50,54,38,38,42,67,100,88,50,8,12,46,46,71,46,17,12,88,29,25,46,38,29,54,42,38,54,25,17,42,62,38,12,29,29,29,29,25,29,25,12,12,Serie A
Fiorentina,4raiad4l2j5lkfaz92pk4osb,9e3t2wyjqzxsn690aysao8cfd,Dodô,Domilson Cordeiro Dos Santos,27,Defender,Brazil,Defender,14.0,0.0,10.0,1.0,24.0,0.0,1.0,90.0,0.0,0.0,1.0,0.0,0.0,0.0,2.0,0.0,0.0,0.0,1.0,0.0,0.0,0.0,1.0,1.0,0.0,82.76,33.33,0.0,0.0,0.0,50.0,0.0,100.0,0.0458145802286499,0.0,1.0,0.0,0.0,0.0,2.0,1.0,0.0519906599999999,19.0,14.0,0.0,10.0,1.0,24.0,0.0,1.0,0.0,0.0,1.0,0.0,0.0,0.0,2.0,0.0,0.0,0.0,1.0,0.0,0.0,0.0,1.0,1.0,0.0,82.76,33.33,0.0,0.0,0.0,50.0,0.0,100.0,0.0458145802286499,0.0,1.0,0.0,0.0,0.0,2.0,1.0,0.0519906599999999,19.0,RB/RCB,38,50,31,65,31,35,23,23,54,69,35,38,27,31,54,50,23,81,50,38,35,58,100,54,38,65,50,38,50,58,42,77,62,35,100,38,38,38,58,58,62,77,38,50,31,65,31,35,23,23,54,69,35,38,27,31,54,50,23,81,50,38,35,58,100,54,38,65,50,38,50,58,42,77,62,35,100,38,38,38,58,58,62,77,Serie A
Fiorentina,4raiad4l2j5lkfaz92pk4osb,kvbjuvcseqk4sbr04ctkqi38,C. Ndour,Cher Ndour,22,Midfielder,Italy,Midfielder,9.0,1.0,19.0,0.0,27.0,1.0,0.0,90.0,2.0,0.0,2.0,1.0,1.0,1.0,4.0,0.0,1.0,2.0,0.0,0.0,1.0,0.0,1.0,1.0,0.0,87.1,0.0,100.0,100.0,50.0,36.36,66.67,100.0,0.158126745312527,0.09947650515412,1.0,1.0,0.0199707,0.0,6.0,1.0,0.05405898,19.0,9.0,1.0,19.0,0.0,27.0,1.0,0.0,2.0,0.0,2.0,1.0,1.0,1.0,4.0,0.0,1.0,2.0,0.0,0.0,1.0,0.0,1.0,1.0,0.0,87.1,0.0,100.0,100.0,50.0,36.36,66.67,100.0,0.158126745312527,0.09947650515412,1.0,1.0,0.0199707,0.0,6.0,1.0,0.05405898,19.0,CM/AM,40,90,60,20,40,65,20,100,50,80,60,50,50,55,50,90,70,25,45,60,30,60,90,55,40,20,100,90,90,40,100,85,80,70,80,50,50,35,80,30,40,70,40,90,60,20,40,65,20,100,50,80,60,50,50,55,50,90,70,25,45,60,30,60,90,55,40,20,100,90,90,40,100,85,80,70,80,50,50,35,80,30,40,70,Serie A
Roma,2tk2l9sgktwc9jhzqdd4mpdtb,1ftejgsl4hho40cceqne1hcyd,B. Cristante,Bryan Cristante,31,Midfielder,Italy,Midfielder,31.0,0.0,42.0,3.0,73.0,1.0,4.0,90.0,6.0,0.0,0.0,0.0,1.0,1.0,11.0,0.0,0.0,0.0,0.0,0.0,1.0,2.0,2.0,0.0,0.0,87.95,60.0,0.0,100.0,0.0,78.57,85.71,50.0,0.0,0.0663023803333408,0.0,7.0,0.13955077,1.0,11.0,8.0,0.20182037,51.0,31.0,0.0,42.0,3.0,73.0,1.0,4.0,6.0,0.0,0.0,0.0,1.0,1.0,11.0,0.0,0.0,0.0,0.0,0.0,1.0,2.0,2.0,0.0,0.0,87.95,60.0,0.0,100.0,0.0,78.57,85.71,50.0,0.0,0.0663023803333408,0.0,7.0,0.13955077,1.0,11.0,8.0,0.20182037,51.0,DM/CM,78,47,81,91,84,53,84,100,50,16,47,78,78,100,53,38,34,25,44,81,81,88,22,53,38,62,47,88,38,88,100,59,31,81,34,100,100,66,94,88,88,94,78,47,81,91,84,53,84,100,50,16,47,78,78,100,53,38,34,25,44,81,81,88,22,53,38,62,47,88,38,88,100,59,31,81,34,100,100,66,94,88,88,94,Serie A
Roma,2tk2l9sgktwc9jhzqdd4mpdtb,6fttn5mk6n1lstqt0dl5xzn4l,G. Mancini,Gianluca Mancini,30,Defender,Italy,Defender,24.0,0.0,17.0,0.0,41.0,2.0,2.0,90.0,1.0,0.0,0.0,0.0,1.0,1.0,5.0,0.0,0.0,2.0,1.0,0.0,1.0,0.0,2.0,0.0,0.0,93.18,0.0,0.0,100.0,0.0,71.43,0.0,100.0,0.0,0.2141558617172156,0.0,1.0,0.0241224,0.0,5.0,6.0,0.16679228,22.0,24.0,0.0,17.0,0.0,41.0,2.0,2.0,1.0,0.0,0.0,0.0,1.0,1.0,5.0,0.0,0.0,2.0,1.0,0.0,1.0,0.0,2.0,0.0,0.0,93.18,0.0,0.0,100.0,0.0,71.43,0.0,100.0,0.0,0.2141558617172156,0.0,1.0,0.0241224,0.0,5.0,6.0,0.16679228,22.0,CB,39,46,71,5,50,91,39,46,52,21,23,86,86,68,46,39,79,73,46,91,21,77,48,52,68,5,46,93,39,79,32,88,29,89,48,77,89,43,95,100,93,64,39,46,71,5,50,91,39,46,52,21,23,86,86,68,46,39,79,73,46,91,21,77,48,52,68,5,46,93,39,79,32,88,29,89,48,77,89,43,95,100,93,64,Serie A
Roma,2tk2l9sgktwc9jhzqdd4mpdtb,9k3cr9bc23253jmcw2a53hn2s,Wesley,Wesley Vinícius França Lima,22,Defender,Brazil,Defender,10.0,3.0,23.0,1.0,30.0,3.0,0.0,90.0,1.0,0.0,0.0,0.0,1.0,1.0,5.0,0.0,0.0,3.0,1.0,0.0,1.0,0.0,0.0,0.0,0.0,83.33,100.0,60.0,100.0,0.0,45.45,0.0,0.0,0.0,0.3132645552817069,0.0,6.0,0.1619951,1.0,4.0,4.0,0.35804299,11.0,10.0,3.0,23.0,1.0,30.0,3.0,0.0,1.0,0.0,0.0,0.0,1.0,1.0,5.0,0.0,0.0,3.0,1.0,0.0,1.0,0.0,0.0,0.0,0.0,83.33,100.0,60.0,100.0,0.0,45.45,0.0,0.0,0.0,0.3132645552817069,0.0,6.0,0.1619951,1.0,4.0,4.0,0.35804299,11.0,CB,11,100,89,29,29,98,9,46,52,21,23,86,86,68,46,39,93,73,46,91,21,20,48,52,30,93,93,93,39,36,32,20,29,100,48,100,100,93,86,84,100,50,11,100,89,29,29,98,9,46,52,21,23,86,86,68,46,39,93,73,46,91,21,20,48,52,30,93,93,93,39,36,32,20,29,100,48,100,100,93,86,84,100,50,Serie A
Roma,2tk2l9sgktwc9jhzqdd4mpdtb,dknh1ecpb9kcwzuijmdcoq8lw,E. Lulli,Emanuele Lulli,19,Defender,Italy,Defender,14.0,0.0,18.0,0.0,32.0,1.0,1.0,90.0,1.0,0.0,1.0,1.0,1.0,1.0,7.0,0.0,0.0,3.0,1.0,0.0,1.0,0.0,4.0,0.0,0.0,86.49,0.0,0.0,100.0,0.0,70.0,50.0,100.0,0.1519028663145066,0.0835590598595477,0.0,1.0,0.02953272,1.0,4.0,3.0,0.0859477699999999,15.0,14.0,0.0,18.0,0.0,32.0,1.0,1.0,1.0,0.0,1.0,1.0,1.0,1.0,7.0,0.0,0.0,3.0,1.0,0.0,1.0,0.0,4.0,0.0,0.0,86.49,0.0,0.0,100.0,0.0,70.0,50.0,100.0,0.1519028663145066,0.0835590598595477,0.0,1.0,0.02953272,1.0,4.0,3.0,0.0859477699999999,15.0,RB/RCB,38,50,54,31,46,81,23,58,54,69,73,81,69,96,54,50,73,81,50,85,35,100,50,54,65,31,50,92,50,77,92,77,85,85,50,77,77,77,85,88,77,58,38,50,54,31,46,81,23,58,54,69,73,81,69,96,54,50,73,81,50,85,35,100,50,54,65,31,50,92,50,77,92,77,85,85,50,77,77,77,85,88,77,58,Serie A
Roma,2tk2l9sgktwc9jhzqdd4mpdtb,efzokrggje7s9wc6hg75yc6ax,E. Ndicka,Evan Ndicka,27,Defender,Côte d'Ivoire,Defender,48.0,0.0,17.0,4.0,65.0,0.0,5.0,90.0,4.0,0.0,1.0,1.0,0.0,0.0,7.0,0.0,0.0,2.0,0.0,0.0,0.0,1.0,1.0,0.0,0.0,98.48,80.0,0.0,0.0,0.0,70.0,0.0,33.33,0.141328899929055,0.0,0.0,0.0,0.0,0.0,0.0,0.0,0.04756261,47.0,48.0,0.0,17.0,4.0,65.0,0.0,5.0,4.0,0.0,1.0,1.0,0.0,0.0,7.0,0.0,0.0,2.0,0.0,0.0,0.0,1.0,1.0,0.0,0.0,98.48,80.0,0.0,0.0,0.0,70.0,0.0,33.33,0.141328899929055,0.0,0.0,0.0,0.0,0.0,0.0,0.0,0.04756261,47.0,CB,82,46,71,95,79,36,73,89,52,64,70,39,39,86,46,39,79,27,46,41,55,52,48,52,96,79,46,41,39,75,32,39,86,39,48,32,32,43,25,25,57,91,82,46,71,95,79,36,73,89,52,64,70,39,39,86,46,39,79,27,46,41,55,52,48,52,96,79,46,41,39,75,32,39,86,39,48,32,32,43,25,25,57,91,Serie A
Atalanta,e75syeuawg3ql8nwpi3vr2btz,1ct0gujao4wvj1ff3aebqgqnd,G. Gaetano,Gianluca Gaetano,26,Midfielder,Italy,Midfielder,32.0,0.0,31.0,0.0,63.0,1.0,1.0,90.0,0.0,1.0,1.0,0.0,0.0,0.0,5.0,0.0,1.0,0.0,1.0,0.0,0.0,1.0,2.0,1.0,0.0,92.65,0.0,0.0,0.0,100.0,55.56,0.0,50.0,0.0,0.0,0.0,0.0,0.0,0.0,0.0,0.0,0.0,0.0,32.0,0.0,31.0,0.0,63.0,1.0,1.0,0.0,1.0,1.0,0.0,0.0,0.0,5.0,0.0,1.0,0.0,1.0,0.0,0.0,1.0,2.0,1.0,0.0,92.65,0.0,0.0,0.0,100.0,55.56,0.0,50.0,0.0,0.0,0.0,0.0,0.0,0.0,0.0,0.0,0.0,0.0,DM/CM,88,47,69,9,69,53,47,31,100,53,47,34,34,72,53,84,34,59,44,34,47,88,59,53,62,9,47,34,91,62,44,59,31,25,34,25,25,31,22,19,19,19,88,47,69,9,69,53,47,31,100,53,47,34,34,72,53,84,34,59,44,34,47,88,59,53,62,9,47,34,91,62,44,59,31,25,34,25,25,31,22,19,19,19,Serie A
Atalanta,e75syeuawg3ql8nwpi3vr2btz,4aqkgskbra4wsoo7a8uw7xl9l,Éderson,Éderson José dos Santos Lourenço da Silva,27,Midfielder,Brazil,Midfielder,17.0,0.0,16.0,1.0,33.0,1.0,1.0,90.0,0.0,0.0,2.0,0.0,0.0,0.0,4.0,0.0,2.0,1.0,3.0,0.0,0.0,1.0,1.0,2.0,0.0,89.19,100.0,0.0,0.0,100.0,50.0,0.0,100.0,0.0,0.0,0.0,0.0,0.0,0.0,0.0,0.0,0.0,0.0,17.0,0.0,16.0,1.0,33.0,1.0,1.0,0.0,0.0,2.0,0.0,0.0,0.0,4.0,0.0,2.0,1.0,3.0,0.0,0.0,1.0,1.0,2.0,0.0,89.19,100.0,0.0,0.0,100.0,50.0,0.0,100.0,0.0,0.0,0.0,0.0,0.0,0.0,0.0,0.0,0.0,0.0,DM/CM,38,47,25,34,31,53,47,31,50,88,47,34,34,59,53,100,81,91,44,34,47,56,88,53,44,88,47,34,91,47,44,88,31,25,34,25,25,31,22,19,19,19,38,47,25,34,31,53,47,31,50,88,47,34,34,59,53,100,81,91,44,34,47,56,88,53,44,88,47,34,91,47,44,88,31,25,34,25,25,31,22,19,19,19,Serie A
Atalanta,e75syeuawg3ql8nwpi3vr2btz,4cejhrr3ji36591xf54jue3ca,G. Scalvini,Giorgio Scalvini,22,Defender,Italy,Defender,69.0,0.0,26.0,3.0,95.0,0.0,1.0,90.0,2.0,0.0,1.0,1.0,0.0,0.0,2.0,0.0,0.0,2.0,0.0,0.0,0.0,0.0,0.0,0.0,0.0,96.94,60.0,0.0,0.0,0.0,33.33,66.67,0.0,0.0,0.0,0.0,0.0,0.0,0.0,0.0,0.0,0.0,0.0,69.0,0.0,26.0,3.0,95.0,0.0,1.0,2.0,0.0,1.0,1.0,0.0,0.0,2.0,0.0,0.0,2.0,0.0,0.0,0.0,0.0,0.0,0.0,0.0,96.94,60.0,0.0,0.0,0.0,33.33,66.67,0.0,0.0,0.0,0.0,0.0,0.0,0.0,0.0,0.0,0.0,0.0,CB,100,46,95,77,100,36,23,73,52,64,70,39,39,29,46,39,79,27,46,41,21,20,48,52,86,66,46,41,39,29,88,20,29,39,48,32,32,43,25,25,21,21,100,46,95,77,100,36,23,73,52,64,70,39,39,29,46,39,79,27,46,41,21,20,48,52,86,66,46,41,39,29,88,20,29,39,48,32,32,43,25,25,21,21,Serie A
Atalanta,e75syeuawg3ql8nwpi3vr2btz,a69r2pf2w8da4dl0zl4k5vil1,D. Zappacosta,Davide Zappacosta,34,Defender,Italy,Defender,35.0,0.0,19.0,1.0,54.0,0.0,0.0,90.0,0.0,0.0,2.0,1.0,0.0,0.0,2.0,0.0,0.0,5.0,0.0,1.0,0.0,0.0,2.0,1.0,0.0,91.53,33.33,0.0,0.0,0.0,0.0,0.0,100.0,0.0,0.0,0.0,0.0,0.0,0.0,0.0,0.0,0.0,0.0,35.0,0.0,19.0,1.0,54.0,0.0,0.0,0.0,0.0,2.0,1.0,0.0,0.0,2.0,0.0,0.0,5.0,0.0,1.0,0.0,0.0,2.0,1.0,0.0,91.53,33.33,0.0,0.0,0.0,0.0,0.0,100.0,0.0,0.0,0.0,0.0,0.0,0.0,0.0,0.0,0.0,0.0,CB,55,46,80,29,54,36,9,14,52,95,70,39,39,29,46,39,100,27,96,41,21,77,96,52,57,27,46,41,39,7,32,88,29,39,48,32,32,43,25,25,21,21,55,46,80,29,54,36,9,14,52,95,70,39,39,29,46,39,100,27,96,41,21,77,96,52,57,27,46,41,39,7,32,88,29,39,48,32,32,43,25,25,21,21,Serie A
Atalanta,e75syeuawg3ql8nwpi3vr2btz,cis0z72hgahfnfjduk7hdnz3e,O. Kossounou,Odilon Kossounou,25,Defender,Côte d'Ivoire,Defender,62.0,0.0,27.0,0.0,89.0,0.0,4.0,90.0,0.0,0.0,0.0,0.0,0.0,0.0,0.0,0.0,0.0,0.0,0.0,0.0,0.0,1.0,0.0,0.0,0.0,96.74,0.0,0.0,0.0,0.0,0.0,0.0,0.0,0.0,0.0,0.0,0.0,0.0,0.0,0.0,0.0,0.0,0.0,62.0,0.0,27.0,0.0,89.0,0.0,4.0,0.0,0.0,0.0,0.0,0.0,0.0,0.0,0.0,0.0,0.0,0.0,0.0,0.0,1.0,0.0,0.0,0.0,96.74,0.0,0.0,0.0,0.0,0.0,0.0,0.0,0.0,0.0,0.0,0.0,0.0,0.0,0.0,0.0,0.0,0.0,RB/RCB,100,50,88,31,100,35,88,23,54,31,35,38,27,8,54,50,23,35,50,38,73,19,50,54,100,31,50,38,50,19,42,19,31,35,50,38,38,38,27,27,23,23,100,50,88,31,100,35,88,23,54,31,35,38,27,8,54,50,23,35,50,38,73,19,50,54,100,31,50,38,50,19,42,19,31,35,50,38,38,38,27,27,23,23,Serie A
Bologna,ej5er0oyngdw138yuumwqbyqt,1t7nph4960rjzu7rgi47sf8ix,J. Odgaard,Jens Odgaard,27,Attacker,Denmark,Striker,9.0,0.0,8.0,0.0,17.0,0.0,1.0,90.0,0.0,0.0,3.0,3.0,2.0,2.0,4.0,0.0,1.0,3.0,3.0,0.0,1.0,0.0,0.0,0.0,0.0,77.27,0.0,0.0,50.0,33.33,28.57,0.0,0.0,0.0,0.0,0.0,0.0,0.0,0.0,0.0,0.0,0.0,0.0,9.0,0.0,8.0,0.0,17.0,0.0,1.0,0.0,0.0,3.0,3.0,2.0,2.0,4.0,0.0,1.0,3.0,3.0,0.0,1.0,0.0,0.0,0.0,0.0,77.27,0.0,0.0,50.0,33.33,28.57,0.0,0.0,0.0,0.0,0.0,0.0,0.0,0.0,0.0,0.0,0.0,0.0,ST,92,54,58,38,79,25,71,25,50,58,75,46,46,54,46,62,46,88,29,62,46,38,29,54,75,38,54,75,62,50,25,38,12,29,29,29,29,25,29,25,12,12,92,54,58,38,79,25,71,25,50,58,75,46,46,54,46,62,46,88,29,62,46,38,29,54,75,38,54,75,62,50,25,38,12,29,29,29,29,25,29,25,12,12,Serie A
Bologna,ej5er0oyngdw138yuumwqbyqt,5gf24ds4ejjztxyj8b5rs3tnt,T. Heggem,Torbjørn Heggem,27,Defender,Norway,Defender,45.0,0.0,19.0,5.0,64.0,1.0,2.0,90.0,1.0,0.0,0.0,0.0,0.0,0.0,2.0,0.0,0.0,1.0,1.0,0.0,0.0,0.0,0.0,0.0,0.0,95.52,83.33,0.0,0.0,0.0,66.67,0.0,0.0,0.0,0.0,0.0,0.0,0.0,0.0,0.0,0.0,0.0,0.0,45.0,0.0,19.0,5.0,64.0,1.0,2.0,1.0,0.0,0.0,0.0,0.0,0.0,2.0,0.0,0.0,1.0,1.0,0.0,0.0,0.0,0.0,0.0,0.0,95.52,83.33,0.0,0.0,0.0,66.67,0.0,0.0,0.0,0.0,0.0,0.0,0.0,0.0,0.0,0.0,0.0,0.0,CB,75,46,80,100,73,79,39,46,52,21,23,39,39,29,46,39,46,73,46,41,21,20,48,52,82,82,46,41,39,70,32,20,29,39,48,32,32,43,25,25,21,21,75,46,80,100,73,79,39,46,52,21,23,39,39,29,46,39,46,73,46,41,21,20,48,52,82,82,46,41,39,70,32,20,29,39,48,32,32,43,25,25,21,21,Serie A
Bologna,ej5er0oyngdw138yuumwqbyqt,ahe00hzfpxhe742i5db3mpe6s,E. Helland,Eivind Helland,21,Defender,Norway,Defender,54.0,0.0,12.0,2.0,66.0,0.0,1.0,90.0,1.0,0.0,2.0,2.0,0.0,0.0,3.0,0.0,1.0,2.0,0.0,0.0,0.0,0.0,1.0,0.0,0.0,94.29,50.0,0.0,0.0,50.0,0.0,0.0,50.0,0.0,0.0,0.0,0.0,0.0,0.0,0.0,0.0,0.0,0.0,54.0,0.0,12.0,2.0,66.0,0.0,1.0,1.0,0.0,2.0,2.0,0.0,0.0,3.0,0.0,1.0,2.0,0.0,0.0,0.0,0.0,1.0,0.0,0.0,94.29,50.0,0.0,0.0,50.0,0.0,0.0,50.0,0.0,0.0,0.0,0.0,0.0,0.0,0.0,0.0,0.0,0.0,CB,93,46,46,55,82,36,23,46,52,95,98,39,39,46,46,89,79,27,46,41,21,52,48,52,71,54,46,41,80,7,32,50,29,39,48,32,32,43,25,25,21,21,93,46,46,55,82,36,23,46,52,95,98,39,39,46,46,89,79,27,46,41,21,52,48,52,71,54,46,41,80,7,32,50,29,39,48,32,32,43,25,25,21,21,Serie A
Bologna,ej5er0oyngdw138yuumwqbyqt,bdb6j168crcrwje9k0titxv55,L. Ferguson,Lewis Ferguson,27,Midfielder,Scotland,Midfielder,43.0,1.0,34.0,1.0,76.0,2.0,1.0,90.0,1.0,0.0,1.0,1.0,0.0,0.0,3.0,0.0,1.0,1.0,0.0,0.0,0.0,0.0,1.0,0.0,0.0,91.57,25.0,50.0,0.0,100.0,42.86,50.0,50.0,0.0,0.0,0.0,0.0,0.0,0.0,0.0,0.0,0.0,0.0,43.0,1.0,34.0,1.0,76.0,2.0,1.0,1.0,0.0,1.0,1.0,0.0,0.0,3.0,0.0,1.0,1.0,0.0,0.0,0.0,0.0,1.0,0.0,0.0,91.57,25.0,50.0,0.0,100.0,42.86,50.0,50.0,0.0,0.0,0.0,0.0,0.0,0.0,0.0,0.0,0.0,0.0,DM/CM,94,97,75,34,94,91,47,72,50,53,97,34,34,47,53,84,81,25,44,34,16,56,22,53,56,19,94,34,91,31,88,59,31,25,34,25,25,31,22,19,19,19,94,97,75,34,94,91,47,72,50,53,97,34,34,47,53,84,81,25,44,34,16,56,22,53,56,19,94,34,91,31,88,59,31,25,34,25,25,31,22,19,19,19,Serie A
Bologna,ej5er0oyngdw138yuumwqbyqt,emvmn561wgd62zj0s3qi5j5rd,Juan Miranda,Juan Miranda,26,Defender,Spain,Defender,10.0,3.0,23.0,2.0,30.0,2.0,3.0,90.0,1.0,0.0,0.0,0.0,1.0,1.0,3.0,0.0,0.0,1.0,0.0,0.0,0.0,1.0,1.0,0.0,0.0,83.33,40.0,60.0,0.0,0.0,50.0,0.0,50.0,0.0,0.0,0.0,0.0,0.0,0.0,0.0,0.0,0.0,0.0,10.0,3.0,23.0,2.0,30.0,2.0,3.0,1.0,0.0,0.0,0.0,1.0,1.0,3.0,0.0,0.0,1.0,0.0,0.0,0.0,1.0,1.0,0.0,0.0,83.33,40.0,60.0,0.0,0.0,50.0,0.0,50.0,0.0,0.0,0.0,0.0,0.0,0.0,0.0,0.0,0.0,0.0,LB/LCB,7,96,64,86,36,82,68,61,54,25,36,64,61,43,50,36,54,36,43,36,54,61,32,54,29,82,86,36,36,43,39,54,29,32,39,29,29,32,29,29,21,21,7,96,64,86,36,82,68,61,54,25,36,64,61,43,50,36,54,36,43,36,54,61,32,54,29,82,86,36,36,43,39,54,29,32,39,29,29,32,29,29,21,21,Serie A
Cagliari,5rwlg5cfv1hu7yf0ek1zxpzy3,43rid94d7jz7u5ba4xzb8bbe2,M. Adopo,Michel Adopo,26,Midfielder,France,Midfielder,7.0,0.0,33.0,0.0,40.0,2.0,2.0,90.0,2.0,1.0,1.0,1.0,3.0,3.0,3.0,0.0,0.0,1.0,0.0,1.0,1.0,0.0,0.0,0.0,0.0,90.91,0.0,0.0,33.33,0.0,42.86,0.0,0.0,0.084888436548113,0.1251820501258972,0.0,3.0,0.06482985,3.0,1.0,3.0,0.0756435,21.0,7.0,0.0,33.0,0.0,40.0,2.0,2.0,2.0,1.0,1.0,1.0,3.0,3.0,3.0,0.0,0.0,1.0,0.0,1.0,1.0,0.0,0.0,0.0,0.0,90.91,0.0,0.0,33.33,0.0,42.86,0.0,0.0,0.084888436548113,0.1251820501258972,0.0,3.0,0.06482985,3.0,1.0,3.0,0.0756435,21.0,RM/RCM,33,33,100,33,100,67,67,100,100,83,83,83,83,50,67,67,67,50,100,83,33,33,67,67,67,33,33,83,67,50,67,33,100,67,67,100,100,100,67,100,100,100,33,33,100,33,100,67,67,100,100,83,83,83,83,50,67,67,67,50,100,83,33,33,67,67,67,33,33,83,67,50,67,33,100,67,67,100,100,100,67,100,100,100,Serie A
Cagliari,5rwlg5cfv1hu7yf0ek1zxpzy3,5lv11o8diz2g5sxqzwond4q38,A. Romano,Alessandro Romano,20,Midfielder,Switzerland,Midfielder,22.0,0.0,33.0,3.0,55.0,1.0,2.0,90.0,0.0,0.0,2.0,1.0,3.0,3.0,6.0,1.0,2.0,1.0,1.0,0.0,1.0,1.0,4.0,1.0,0.0,90.16,60.0,0.0,33.33,100.0,54.55,0.0,100.0,0.1503644843840813,0.1399416904710297,1.0,1.0,0.01870347,0.0,7.0,5.0,0.06811126,24.0,22.0,0.0,33.0,3.0,55.0,1.0,2.0,0.0,0.0,2.0,1.0,3.0,3.0,6.0,1.0,2.0,1.0,1.0,0.0,1.0,1.0,4.0,1.0,0.0,90.16,60.0,0.0,33.33,100.0,54.55,0.0,100.0,0.1503644843840813,0.1399416904710297,1.0,1.0,0.01870347,0.0,7.0,5.0,0.06811126,24.0,CM/AM,70,45,90,100,90,65,65,40,50,80,60,85,85,75,100,100,40,55,45,60,70,95,90,55,80,50,45,50,100,70,40,85,70,80,80,50,40,35,90,85,60,90,70,45,90,100,90,65,65,40,50,80,60,85,85,75,100,100,40,55,45,60,70,95,90,55,80,50,45,50,100,70,40,85,70,80,80,50,40,35,90,85,60,90,Serie A
Cagliari,5rwlg5cfv1hu7yf0ek1zxpzy3,5qfa3h4gut5jlnfkexq5m1djp,H. Winks,Harry Winks,30,Midfielder,England,Midfielder,20.0,0.0,44.0,1.0,64.0,0.0,1.0,90.0,1.0,0.0,2.0,0.0,0.0,0.0,2.0,0.0,1.0,0.0,1.0,0.0,0.0,2.0,0.0,2.0,0.0,92.75,33.33,0.0,0.0,50.0,25.0,0.0,0.0,0.1295563076452907,0.0,1.0,2.0,0.03682666,2.0,10.0,3.0,0.10240423,43.0,20.0,0.0,44.0,1.0,64.0,0.0,1.0,1.0,0.0,2.0,0.0,0.0,0.0,2.0,0.0,1.0,0.0,1.0,0.0,0.0,2.0,0.0,2.0,0.0,92.75,33.33,0.0,0.0,50.0,25.0,0.0,0.0,0.1295563076452907,0.0,1.0,2.0,0.03682666,2.0,10.0,3.0,0.10240423,43.0,DM/CM,50,47,88,34,75,12,47,72,50,88,47,34,34,25,53,84,34,59,44,34,81,22,88,53,69,34,47,34,75,9,44,22,88,25,78,62,50,84,88,53,75,81,50,47,88,34,75,12,47,72,50,88,47,34,34,25,53,84,34,59,44,34,81,22,88,53,69,34,47,34,75,9,44,22,88,25,78,62,50,84,88,53,75,81,Serie A
Cagliari,5rwlg5cfv1hu7yf0ek1zxpzy3,6zcua8ycqj1pca5fxwvie4x04,J. Rodríguez,Juan Rodríguez,21,Defender,Uruguay,Defender,46.0,0.0,25.0,0.0,71.0,0.0,7.0,90.0,3.0,0.0,0.0,0.0,0.0,0.0,4.0,0.0,0.0,0.0,0.0,0.0,0.0,4.0,0.0,0.0,0.0,93.42,0.0,0.0,0.0,0.0,57.14,75.0,0.0,0.0,0.0,0.0,0.0,0.0,0.0,0.0,0.0,0.0,0.0,46.0,0.0,25.0,0.0,71.0,0.0,7.0,3.0,0.0,0.0,0.0,0.0,0.0,4.0,0.0,0.0,0.0,0.0,0.0,0.0,4.0,0.0,0.0,0.0,93.42,0.0,0.0,0.0,0.0,57.14,75.0,0.0,0.0,0.0,0.0,0.0,0.0,0.0,0.0,0.0,0.0,0.0,LB/LCB,82,32,75,25,79,25,93,100,54,25,36,21,18,61,50,36,21,36,43,36,100,21,32,54,93,25,32,36,36,57,100,21,29,32,39,29,29,32,29,29,21,21,82,32,75,25,79,25,93,100,54,25,36,21,18,61,50,36,21,36,43,36,100,21,32,54,93,25,32,36,36,57,100,21,29,32,39,29,29,32,29,29,21,21,Serie A
Cagliari,5rwlg5cfv1hu7yf0ek1zxpzy3,cmg6y5t0yuzeuzuxitelbvglx,A. Deiola,Alessandro Deiola,31,Midfielder,Italy,Midfielder,31.0,0.0,17.0,0.0,48.0,0.0,5.0,90.0,0.0,0.0,1.0,1.0,0.0,0.0,1.0,0.0,0.0,1.0,0.0,0.0,0.0,1.0,0.0,0.0,0.0,97.96,0.0,0.0,0.0,0.0,50.0,0.0,0.0,0.1215480572621922,0.0,0.0,0.0,0.0,0.0,4.0,2.0,0.0396977399999999,29.0,31.0,0.0,17.0,0.0,48.0,0.0,5.0,0.0,0.0,1.0,1.0,0.0,0.0,1.0,0.0,0.0,1.0,0.0,0.0,0.0,1.0,0.0,0.0,0.0,97.96,0.0,0.0,0.0,0.0,50.0,0.0,0.0,0.1215480572621922,0.0,0.0,0.0,0.0,0.0,4.0,2.0,0.0396977399999999,29.0,DM/CM,78,47,31,9,50,12,97,31,50,53,97,34,34,6,53,38,81,25,44,34,47,22,22,53,100,9,47,34,38,47,44,22,81,25,34,25,25,31,66,44,50,69,78,47,31,9,50,12,97,31,50,53,97,34,34,6,53,38,81,25,44,34,47,22,22,53,100,9,47,34,38,47,44,22,81,25,34,25,25,31,66,44,50,69,Serie A
Como,6uzfw7ahyxg4wrrfxo5u7qt0n,1p0xp2onnys7jlru55vfgf1pm,T. Douvikas,Tasos Douvikas,27,Attacker,Greece,Striker,1.0,0.0,5.0,0.0,6.0,0.0,1.0,90.0,1.0,0.0,4.0,4.0,0.0,0.0,2.0,1.0,3.0,6.0,1.0,1.0,0.0,0.0,0.0,0.0,0.0,66.67,0.0,0.0,0.0,75.0,22.22,20.0,0.0,0.5089810817367901,0.0,0.0,1.0,0.02855202,1.0,0.0,1.0,0.02635936,1.0,1.0,0.0,5.0,0.0,6.0,0.0,1.0,1.0,0.0,4.0,4.0,0.0,0.0,2.0,1.0,3.0,6.0,1.0,1.0,0.0,0.0,0.0,0.0,0.0,66.67,0.0,0.0,0.0,75.0,22.22,20.0,0.0,0.5089810817367901,0.0,0.0,1.0,0.02855202,1.0,0.0,1.0,0.02635936,1.0,ST,25,54,17,38,17,25,71,62,50,83,88,12,12,21,96,100,62,42,71,25,46,38,29,54,25,38,54,25,92,25,62,38,83,29,29,67,71,67,29,71,58,25,25,54,17,38,17,25,71,62,50,83,88,12,12,21,96,100,62,42,71,25,46,38,29,54,25,38,54,25,92,25,62,38,83,29,29,67,71,67,29,71,58,25,Serie A
Como,6uzfw7ahyxg4wrrfxo5u7qt0n,2b1aq7e51fjbukd3muxfthd78,Jacobo Ramón,Jacobo Ramón,21,Defender,Spain,Defender,43.0,0.0,26.0,1.0,69.0,1.0,2.0,90.0,3.0,0.0,1.0,1.0,2.0,2.0,7.0,0.0,0.0,1.0,1.0,0.0,1.0,0.0,2.0,0.0,0.0,89.61,33.33,0.0,50.0,0.0,77.78,75.0,100.0,0.1783633045340642,0.0481215953443441,0.0,1.0,0.02385149,1.0,5.0,2.0,0.0942740499999999,44.0,43.0,0.0,26.0,1.0,69.0,1.0,2.0,3.0,0.0,1.0,1.0,2.0,2.0,7.0,0.0,0.0,1.0,1.0,0.0,1.0,0.0,2.0,0.0,0.0,89.61,33.33,0.0,50.0,0.0,77.78,75.0,100.0,0.1783633045340642,0.0481215953443441,0.0,1.0,0.02385149,1.0,5.0,2.0,0.0942740499999999,44.0,CB,71,46,95,29,91,79,39,84,52,64,70,98,98,86,46,39,46,73,46,91,21,77,48,52,50,27,46,82,39,88,93,88,96,79,48,77,84,93,95,64,75,86,71,46,95,29,91,79,39,84,52,64,70,98,98,86,46,39,46,73,46,91,21,77,48,52,50,27,46,82,39,88,93,88,96,79,48,77,84,93,95,64,75,86,Serie A
Como,6uzfw7ahyxg4wrrfxo5u7qt0n,54foi544tygbd4sfx62t7wno,Álex Valle,Álex Valle,22,Defender,Spain,Defender,32.0,0.0,21.0,0.0,53.0,1.0,2.0,90.0,0.0,0.0,2.0,1.0,1.0,1.0,2.0,0.0,0.0,1.0,1.0,2.0,0.0,2.0,0.0,1.0,0.0,86.89,0.0,0.0,0.0,0.0,25.0,0.0,0.0,0.1173338067653326,0.0561157367670102,1.0,2.0,0.05365512,1.0,8.0,3.0,0.0946001299999999,27.0,32.0,0.0,21.0,0.0,53.0,1.0,2.0,0.0,0.0,2.0,1.0,1.0,1.0,2.0,0.0,0.0,1.0,1.0,2.0,0.0,2.0,0.0,1.0,0.0,86.89,0.0,0.0,0.0,0.0,25.0,0.0,0.0,0.1173338067653326,0.0561157367670102,1.0,2.0,0.05365512,1.0,8.0,3.0,0.0946001299999999,27.0,LB/LCB,64,32,57,25,64,61,46,25,54,82,82,64,61,25,50,36,54,79,100,36,86,21,75,54,50,25,32,36,36,14,39,21,71,64,86,79,79,75,93,75,64,71,64,32,57,25,64,61,46,25,54,82,82,64,61,25,50,36,54,79,100,36,86,21,75,54,50,25,32,36,36,14,39,21,71,64,86,79,79,75,93,75,64,71,Serie A
Como,6uzfw7ahyxg4wrrfxo5u7qt0n,5e2zgfe3ltc6qbnoqdfshqsph,T. Chalobah,Trevoh Chalobah,27,Defender,England,Defender,63.0,0.0,12.0,1.0,75.0,0.0,6.0,90.0,3.0,0.0,1.0,1.0,1.0,1.0,6.0,0.0,1.0,1.0,0.0,0.0,1.0,2.0,2.0,0.0,0.0,92.59,33.33,0.0,100.0,100.0,60.0,42.86,100.0,0.1431610579725873,0.0,0.0,1.0,0.02385149,1.0,1.0,1.0,0.06499578,49.0,63.0,0.0,12.0,1.0,75.0,0.0,6.0,3.0,0.0,1.0,1.0,1.0,1.0,6.0,0.0,1.0,1.0,0.0,0.0,1.0,2.0,2.0,0.0,0.0,92.59,33.33,0.0,100.0,100.0,60.0,42.86,100.0,0.1431610579725873,0.0,0.0,1.0,0.02385149,1.0,1.0,1.0,0.06499578,49.0,CB,96,46,46,29,96,36,84,84,52,64,70,86,86,79,46,89,46,27,46,91,80,77,48,52,64,27,46,93,93,57,75,88,89,39,48,77,84,93,57,52,61,96,96,46,46,29,96,36,84,84,52,64,70,86,86,79,46,89,46,27,46,91,80,77,48,52,64,27,46,93,93,57,75,88,89,39,48,77,84,93,57,52,61,96,Serie A
Como,6uzfw7ahyxg4wrrfxo5u7qt0n,ch1lxxbn01at4jmkafy4uevh1,Luis Milla,Luis Milla,31,Midfielder,Spain,Midfielder,27.0,4.0,46.0,1.0,69.0,5.0,2.0,90.0,0.0,0.0,0.0,0.0,2.0,2.0,6.0,0.0,0.0,0.0,3.0,0.0,2.0,3.0,0.0,0.0,0.0,87.34,33.33,40.0,100.0,0.0,75.0,0.0,0.0,0.0,0.6979377135569287,0.0,0.0,0.0,0.0,9.0,5.0,0.1014512399999999,41.0,27.0,4.0,46.0,1.0,69.0,5.0,2.0,0.0,0.0,0.0,0.0,2.0,2.0,6.0,0.0,0.0,0.0,3.0,0.0,2.0,3.0,0.0,0.0,0.0,87.34,33.33,40.0,100.0,0.0,75.0,0.0,0.0,0.0,0.6979377135569287,0.0,0.0,0.0,0.0,9.0,5.0,0.1014512399999999,41.0,CM/AM,95,100,100,55,100,100,65,40,50,20,20,70,70,75,50,45,15,90,45,85,100,25,40,55,60,40,90,90,45,90,40,25,20,100,30,20,20,35,100,85,90,100,95,100,100,55,100,100,65,40,50,20,20,70,70,75,50,45,15,90,45,85,100,25,40,55,60,40,90,90,45,90,40,25,20,100,30,20,20,35,100,85,90,100,Serie A
Internazionale,3vo5mpj7catp66nrwwqiuhuup,19856wqwrmzmvfw9thf0tzrv9,F. Dimarco,Federico Dimarco,28,Defender,Italy,Defender,29.0,3.0,25.0,2.0,51.0,2.0,0.0,90.0,0.0,0.0,1.0,0.0,1.0,1.0,3.0,0.0,1.0,2.0,1.0,0.0,1.0,1.0,1.0,1.0,0.0,83.61,100.0,33.33,100.0,100.0,42.86,0.0,100.0,0.0590813544151621,0.1919837940632711,1.0,2.0,0.05256723,1.0,4.0,6.0,0.13915895,21.0,29.0,3.0,25.0,2.0,51.0,2.0,0.0,0.0,0.0,1.0,0.0,1.0,1.0,3.0,0.0,1.0,2.0,1.0,0.0,1.0,1.0,1.0,1.0,0.0,83.61,100.0,33.33,100.0,100.0,42.86,0.0,100.0,0.0590813544151621,0.1919837940632711,1.0,2.0,0.05256723,1.0,4.0,6.0,0.13915895,21.0,LB/LCB,57,96,75,86,50,82,14,25,54,57,36,64,61,43,50,79,86,79,43,82,54,61,75,54,36,100,79,89,96,29,39,89,57,93,86,79,71,75,82,86,86,64,57,96,75,86,50,82,14,25,54,57,36,64,61,43,50,79,86,79,43,82,54,61,75,54,36,100,79,89,96,29,39,89,57,93,86,79,71,75,82,86,86,64,Serie A
Internazionale,3vo5mpj7catp66nrwwqiuhuup,1v6nfd46wx11jbfertslccbo4,F. Esposito,Francesco Pio Esposito,21,Attacker,Italy,Striker,15.0,0.0,15.0,1.0,30.0,2.0,0.0,90.0,1.0,1.0,5.0,4.0,0.0,0.0,6.0,1.0,1.0,7.0,4.0,2.0,0.0,0.0,1.0,1.0,0.0,69.77,100.0,0.0,0.0,20.0,66.67,33.33,100.0,0.5191398061503281,0.0801537300231652,2.0,0.0,0.0,1.0,1.0,3.0,0.0225681999999999,11.0,15.0,0.0,15.0,1.0,30.0,2.0,0.0,1.0,1.0,5.0,4.0,0.0,0.0,6.0,1.0,1.0,7.0,4.0,2.0,0.0,0.0,1.0,1.0,0.0,69.77,100.0,0.0,0.0,20.0,66.67,33.33,100.0,0.5191398061503281,0.0801537300231652,2.0,0.0,0.0,1.0,1.0,3.0,0.0225681999999999,11.0,ST,100,54,92,88,100,96,25,62,100,96,88,12,12,88,96,62,79,100,96,25,46,88,79,54,50,92,54,25,38,100,79,96,92,67,92,29,29,67,75,100,50,100,100,54,92,88,100,96,25,62,100,96,88,12,12,88,96,62,79,100,96,25,46,88,79,54,50,92,54,25,38,100,79,96,92,67,92,29,29,67,75,100,50,100,Serie A
Internazionale,3vo5mpj7catp66nrwwqiuhuup,280fh7f5q9lud8lk8reyu7fxm,Y. Bisseck,Yann Bisseck,25,Defender,Germany,Defender,47.0,0.0,16.0,2.0,63.0,1.0,3.0,90.0,1.0,0.0,1.0,1.0,0.0,0.0,2.0,1.0,1.0,2.0,0.0,0.0,0.0,2.0,1.0,0.0,0.0,95.45,100.0,0.0,0.0,100.0,66.67,50.0,100.0,0.1298355135516154,0.052206096120449,1.0,1.0,0.01870347,0.0,4.0,4.0,0.1059889,37.0,47.0,0.0,16.0,2.0,63.0,1.0,3.0,1.0,0.0,1.0,1.0,0.0,0.0,2.0,1.0,1.0,2.0,0.0,0.0,0.0,2.0,1.0,0.0,0.0,95.45,100.0,0.0,0.0,100.0,66.67,50.0,100.0,0.1298355135516154,0.052206096120449,1.0,1.0,0.01870347,0.0,4.0,4.0,0.1059889,37.0,CB,79,46,64,55,68,79,54,46,52,64,70,39,39,29,96,89,79,27,46,41,80,52,48,52,79,93,46,41,93,70,80,88,71,82,96,77,73,43,86,84,79,79,79,46,64,55,68,79,54,46,52,64,70,39,39,29,96,89,79,27,46,41,80,52,48,52,79,93,46,41,93,70,80,88,71,82,96,77,73,43,86,84,79,79,Serie A
Internazionale,3vo5mpj7catp66nrwwqiuhuup,ahgd3on22t4h7gg9ipnj1itw5,N. Barella,Nicolò Barella,29,Midfielder,Italy,Midfielder,25.0,0.0,22.0,2.0,47.0,0.0,0.0,90.0,0.0,0.0,2.0,2.0,0.0,0.0,2.0,0.0,0.0,3.0,2.0,0.0,0.0,0.0,0.0,0.0,0.0,92.16,66.67,0.0,0.0,0.0,50.0,0.0,0.0,0.1021186475152565,0.0,1.0,2.0,0.04087117,1.0,5.0,6.0,0.08003233,17.0,25.0,0.0,22.0,2.0,47.0,0.0,0.0,0.0,0.0,2.0,2.0,0.0,0.0,2.0,0.0,0.0,3.0,2.0,0.0,0.0,0.0,0.0,0.0,0.0,92.16,66.67,0.0,0.0,0.0,50.0,0.0,0.0,0.1021186475152565,0.0,1.0,2.0,0.04087117,1.0,5.0,6.0,0.08003233,17.0,CM/AM,80,45,70,85,80,30,20,40,50,80,95,20,20,30,50,45,90,75,45,25,30,25,40,55,100,60,45,25,45,55,40,25,60,30,80,75,60,75,70,100,80,60,80,45,70,85,80,30,20,40,50,80,95,20,20,30,50,45,90,75,45,25,30,25,40,55,100,60,45,25,45,55,40,25,60,30,80,75,60,75,70,100,80,60,Serie A
Internazionale,3vo5mpj7catp66nrwwqiuhuup,q6ns1fyw7w10xkkubh8etfc9,A. Bastoni,Alessandro Bastoni,27,Defender,Italy,Defender,61.0,0.0,29.0,2.0,90.0,1.0,2.0,90.0,2.0,0.0,0.0,0.0,1.0,1.0,4.0,0.0,0.0,0.0,0.0,0.0,1.0,0.0,1.0,0.0,0.0,88.24,40.0,0.0,100.0,0.0,80.0,0.0,100.0,0.0,0.132688245056022,0.0,1.0,0.01935132,1.0,1.0,2.0,0.10924486,54.0,61.0,0.0,29.0,2.0,90.0,1.0,2.0,2.0,0.0,0.0,0.0,1.0,1.0,4.0,0.0,0.0,0.0,0.0,0.0,1.0,0.0,1.0,0.0,0.0,88.24,40.0,0.0,100.0,0.0,80.0,0.0,100.0,0.0,0.132688245056022,0.0,1.0,0.01935132,1.0,1.0,2.0,0.10924486,54.0,LB/LCB,100,32,86,86,100,61,46,86,54,25,36,64,61,61,50,36,21,36,43,82,18,61,32,54,57,82,32,89,36,93,39,89,29,79,39,61,57,75,64,61,79,100,100,32,86,86,100,61,46,86,54,25,36,64,61,61,50,36,21,36,43,82,18,61,32,54,57,82,32,89,36,93,39,89,29,79,39,61,57,75,64,61,79,100,Serie A
Frosinone,5khizzei8z0qbb7exz622wxw3,1e6s5l3tp48t6ybq73lzzmkx6,G. Cittadini,Giorgio Cittadini,24,Defender,Italy,Defender,20.0,0.0,7.0,1.0,27.0,0.0,5.0,90.0,6.0,0.0,0.0,0.0,0.0,0.0,13.0,0.0,0.0,0.0,1.0,0.0,0.0,1.0,4.0,0.0,0.0,77.14,25.0,0.0,0.0,0.0,92.86,0.0,66.67,0.0,0.0,0.0,0.0,0.0,0.0,0.0,0.0,0.0,0.0,20.0,0.0,7.0,1.0,27.0,0.0,5.0,6.0,0.0,0.0,0.0,0.0,0.0,13.0,0.0,0.0,0.0,1.0,0.0,0.0,1.0,4.0,0.0,0.0,77.14,25.0,0.0,0.0,0.0,92.86,0.0,66.67,0.0,0.0,0.0,0.0,0.0,0.0,0.0,0.0,0.0,0.0,CB,29,46,29,29,25,36,73,93,52,21,23,39,39,98,46,39,14,73,46,41,55,96,48,52,11,12,46,41,39,98,32,61,29,39,48,32,32,43,25,25,21,21,29,46,29,29,25,36,73,93,52,21,23,39,39,98,46,39,14,73,46,41,55,96,48,52,11,12,46,41,39,98,32,61,29,39,48,32,32,43,25,25,21,21,Serie A
Frosinone,5khizzei8z0qbb7exz622wxw3,2lx4dy8gdeox803t8iwmy2ivo,G. Kvernadze,Giorgi Kvernadze,23,Attacker,Georgia,Striker,3.0,0.0,7.0,0.0,10.0,1.0,1.0,90.0,0.0,0.0,3.0,2.0,6.0,6.0,6.0,0.0,0.0,3.0,2.0,1.0,2.0,0.0,1.0,1.0,0.0,76.92,0.0,0.0,33.33,0.0,40.0,0.0,50.0,0.188545993025185,0.0891792352564531,2.0,2.0,0.06002124,0.0,1.0,0.0,0.07467519,2.0,3.0,0.0,7.0,0.0,10.0,1.0,1.0,0.0,0.0,3.0,2.0,6.0,6.0,6.0,0.0,0.0,3.0,2.0,1.0,2.0,0.0,1.0,1.0,0.0,76.92,0.0,0.0,33.33,0.0,40.0,0.0,50.0,0.188545993025185,0.0891792352564531,2.0,2.0,0.06002124,0.0,1.0,0.0,0.07467519,2.0,ST,42,54,38,38,29,67,71,25,50,58,50,88,88,88,46,17,46,67,71,88,46,88,79,54,67,38,54,58,17,71,25,79,42,75,92,88,92,25,75,25,83,42,42,54,38,38,29,67,71,25,50,58,50,88,88,88,46,17,46,67,71,88,46,88,79,54,67,38,54,58,17,71,25,79,42,75,92,88,92,25,75,25,83,42,Serie A
Frosinone,5khizzei8z0qbb7exz622wxw3,51shig8ylkdt63h19537eclbd,G. Calò,Giacomo Calò,29,Midfielder,Italy,Midfielder,19.0,3.0,11.0,1.0,27.0,3.0,1.0,90.0,0.0,0.0,0.0,0.0,0.0,0.0,4.0,0.0,0.0,1.0,3.0,0.0,0.0,1.0,1.0,0.0,0.0,72.97,16.67,75.0,0.0,0.0,57.14,0.0,100.0,0.0,0.4015614531494358,0.0,0.0,0.0,1.0,2.0,0.0,0.0292143399999999,14.0,19.0,3.0,11.0,1.0,27.0,3.0,1.0,0.0,0.0,0.0,0.0,0.0,0.0,4.0,0.0,0.0,1.0,3.0,0.0,0.0,1.0,1.0,0.0,0.0,72.97,16.67,75.0,0.0,0.0,57.14,0.0,100.0,0.0,0.4015614531494358,0.0,0.0,0.0,1.0,2.0,0.0,0.0292143399999999,14.0,RM/RCM,100,100,33,83,33,100,33,33,50,33,33,33,33,100,67,67,67,100,50,33,83,83,67,67,33,67,100,33,67,100,67,83,50,100,67,50,50,67,100,50,67,67,100,100,33,83,33,100,33,33,50,33,33,33,33,100,67,67,67,100,50,33,83,83,67,67,33,67,100,33,67,100,67,83,50,100,67,50,50,67,100,50,67,67,Serie A
Frosinone,5khizzei8z0qbb7exz622wxw3,ct2t62s5gte4o5hodlfz9hkb8,A. Raimondo,Antonio Raimondo,22,Attacker,Italy,Striker,0.0,0.0,3.0,0.0,3.0,1.0,0.0,90.0,1.0,0.0,1.0,1.0,1.0,1.0,1.0,0.0,0.0,2.0,0.0,1.0,0.0,0.0,0.0,0.0,0.0,60.0,0.0,0.0,0.0,0.0,14.29,33.33,0.0,0.1122344112765558,0.0637571476171479,0.0,0.0,0.0,1.0,0.0,1.0,0.01379315,2.0,0.0,0.0,3.0,0.0,3.0,1.0,0.0,1.0,0.0,1.0,1.0,1.0,1.0,1.0,0.0,0.0,2.0,0.0,1.0,0.0,0.0,0.0,0.0,0.0,60.0,0.0,0.0,0.0,0.0,14.29,33.33,0.0,0.1122344112765558,0.0637571476171479,0.0,0.0,0.0,1.0,0.0,1.0,0.01379315,2.0,ST,12,54,8,38,8,67,25,62,50,21,25,29,29,8,46,17,29,17,71,25,46,38,29,54,17,38,54,25,17,17,79,38,33,58,29,29,29,67,29,71,33,42,12,54,8,38,8,67,25,62,50,21,25,29,29,8,46,17,29,17,71,25,46,38,29,54,17,38,54,25,17,17,79,38,33,58,29,29,29,67,29,71,33,42,Serie A
Frosinone,5khizzei8z0qbb7exz622wxw3,eg9jgcpcll4b1rfcx7u1gspw4,G. Calvani,Gabriele Calvani,22,Defender,Italy,Defender,21.0,0.0,2.0,0.0,23.0,0.0,3.0,90.0,2.0,0.0,2.0,2.0,0.0,0.0,3.0,0.0,0.0,3.0,0.0,0.0,0.0,1.0,1.0,0.0,0.0,85.19,0.0,0.0,0.0,0.0,42.86,0.0,100.0,0.2345845210358382,0.0,0.0,0.0,0.0,0.0,2.0,1.0,0.02353555,16.0,21.0,0.0,2.0,0.0,23.0,0.0,3.0,2.0,0.0,2.0,2.0,0.0,0.0,3.0,0.0,0.0,3.0,0.0,0.0,0.0,1.0,1.0,0.0,0.0,85.19,0.0,0.0,0.0,0.0,42.86,0.0,100.0,0.2345845210358382,0.0,0.0,0.0,0.0,0.0,2.0,1.0,0.02353555,16.0,RB/RCB,69,50,8,31,23,35,69,85,54,88,88,38,27,50,54,50,73,35,50,38,73,58,50,54,54,31,50,38,50,46,42,77,92,35,50,38,38,38,58,58,54,69,69,50,8,31,23,35,69,85,54,88,88,38,27,50,54,50,73,35,50,38,73,58,50,54,54,31,50,38,50,46,42,77,92,35,50,38,38,38,58,58,54,69,Serie A
Genoa,4kumqzwifv478caxed8zywlh3,1lxfpn0wmr895me9xbzcfnh90,A. Marcandalli,Alessandro Marcandalli,23,Defender,Italy,Defender,25.0,0.0,19.0,1.0,44.0,0.0,1.0,90.0,0.0,0.0,0.0,0.0,1.0,1.0,2.0,0.0,0.0,0.0,0.0,0.0,1.0,0.0,1.0,0.0,0.0,91.67,100.0,0.0,100.0,0.0,0.0,0.0,100.0,0.0,0.0,0.0,0.0,0.0,0.0,0.0,0.0,0.0,0.0,25.0,0.0,19.0,1.0,44.0,0.0,1.0,0.0,0.0,0.0,0.0,1.0,1.0,2.0,0.0,0.0,0.0,0.0,0.0,1.0,0.0,1.0,0.0,0.0,91.67,100.0,0.0,100.0,0.0,0.0,0.0,100.0,0.0,0.0,0.0,0.0,0.0,0.0,0.0,0.0,0.0,0.0,RB/RCB,85,50,62,65,77,35,23,23,54,31,35,81,69,31,54,50,23,35,50,85,35,58,50,54,77,96,50,92,50,19,42,77,31,35,50,38,38,38,27,27,23,23,85,50,62,65,77,35,23,23,54,31,35,81,69,31,54,50,23,35,50,85,35,58,50,54,77,96,50,92,50,19,42,77,31,35,50,38,38,38,27,27,23,23,Serie A
Genoa,4kumqzwifv478caxed8zywlh3,2um03dny7h3sdvehq3bygd1t6,M. Frendrup,Morten Frendrup,25,Midfielder,Denmark,Midfielder,27.0,1.0,29.0,2.0,55.0,1.0,0.0,90.0,0.0,0.0,1.0,0.0,0.0,0.0,4.0,0.0,0.0,0.0,2.0,0.0,0.0,1.0,2.0,1.0,0.0,96.49,100.0,100.0,0.0,0.0,80.0,0.0,100.0,0.0560359614636182,0.0578566647600181,1.0,5.0,0.10473215,4.0,3.0,4.0,0.09413923,27.0,27.0,1.0,29.0,2.0,55.0,1.0,0.0,0.0,0.0,1.0,0.0,0.0,0.0,4.0,0.0,0.0,0.0,2.0,0.0,0.0,1.0,2.0,1.0,0.0,96.49,100.0,100.0,0.0,0.0,80.0,0.0,100.0,0.0560359614636182,0.0578566647600181,1.0,5.0,0.10473215,4.0,3.0,4.0,0.09413923,27.0,DM/CM,69,97,62,69,62,53,16,31,50,53,47,34,34,59,53,38,34,78,44,34,47,88,59,53,94,88,100,34,38,94,44,88,75,75,78,88,88,100,53,69,69,62,69,97,62,69,62,53,16,31,50,53,47,34,34,59,53,38,34,78,44,34,47,88,59,53,94,88,100,34,38,94,44,88,75,75,78,88,88,100,53,69,69,62,Serie A
Genoa,4kumqzwifv478caxed8zywlh3,7u9bpiajlgr3zibj89pub7wbu,M. Ellertsson,Mikael Ellertsson,24,Midfielder,Iceland,Midfielder,8.0,0.0,11.0,0.0,19.0,0.0,3.0,90.0,0.0,0.0,1.0,1.0,3.0,3.0,4.0,0.0,0.0,1.0,0.0,1.0,2.0,1.0,2.0,0.0,0.0,90.48,0.0,0.0,66.67,0.0,57.14,0.0,100.0,0.0556719096729641,0.0,1.0,2.0,0.05611514,0.0,0.0,2.0,0.05301499,9.0,8.0,0.0,11.0,0.0,19.0,0.0,3.0,0.0,0.0,1.0,1.0,3.0,3.0,4.0,0.0,0.0,1.0,0.0,1.0,2.0,1.0,2.0,0.0,0.0,90.48,0.0,0.0,66.67,0.0,57.14,0.0,100.0,0.0556719096729641,0.0,1.0,2.0,0.05611514,0.0,0.0,2.0,0.05301499,9.0,CM/AM,30,45,20,20,20,30,95,40,50,45,60,85,85,55,50,45,40,25,95,85,70,80,40,55,90,20,45,70,45,80,40,85,40,30,80,75,80,35,20,40,30,40,30,45,20,20,20,30,95,40,50,45,60,85,85,55,50,45,40,25,95,85,70,80,40,55,90,20,45,70,45,80,40,85,40,30,80,75,80,35,20,40,30,40,Serie A
Genoa,4kumqzwifv478caxed8zywlh3,bj9f6t8o0nji79rbaxrsioep6,B. Norton-Cuffy,Brooke Norton-Cuffy,22,Defender,England,Defender,4.0,0.0,14.0,0.0,18.0,1.0,4.0,90.0,0.0,0.0,0.0,0.0,2.0,2.0,1.0,0.0,0.0,1.0,0.0,0.0,1.0,0.0,0.0,0.0,0.0,78.26,0.0,0.0,50.0,0.0,25.0,0.0,0.0,0.0,0.0896452668687654,0.0,3.0,0.0811110499999999,4.0,0.0,0.0,0.01172097,5.0,4.0,0.0,14.0,0.0,18.0,1.0,4.0,0.0,0.0,0.0,0.0,2.0,2.0,1.0,0.0,0.0,1.0,0.0,0.0,1.0,0.0,0.0,0.0,0.0,78.26,0.0,0.0,50.0,0.0,25.0,0.0,0.0,0.0,0.0896452668687654,0.0,3.0,0.0811110499999999,4.0,0.0,0.0,0.01172097,5.0,RB/RCB,8,50,38,31,8,81,88,23,54,31,35,96,96,15,54,50,46,35,50,85,35,19,50,54,31,31,50,77,50,38,42,19,31,92,50,88,92,100,27,27,46,46,8,50,38,31,8,81,88,23,54,31,35,96,96,15,54,50,46,35,50,85,35,19,50,54,31,31,50,77,50,38,42,19,31,92,50,88,92,100,27,27,46,46,Serie A
Genoa,4kumqzwifv478caxed8zywlh3,cnriqwh17pqgz7p2gt74uar6c,Vítinha,Vítor Manuel Carvalho Oliveira,26,Attacker,Portugal,Striker,5.0,0.0,7.0,1.0,12.0,0.0,1.0,90.0,0.0,0.0,3.0,2.0,7.0,7.0,2.0,0.0,1.0,6.0,1.0,0.0,0.0,0.0,1.0,1.0,0.0,80.0,50.0,0.0,0.0,33.33,12.5,0.0,100.0,0.2240678825860567,0.0,2.0,0.0,0.0,0.0,1.0,1.0,0.0220279099999999,3.0,5.0,0.0,7.0,1.0,12.0,0.0,1.0,0.0,0.0,3.0,2.0,7.0,7.0,2.0,0.0,1.0,6.0,1.0,0.0,0.0,0.0,1.0,1.0,0.0,80.0,50.0,0.0,0.0,33.33,12.5,0.0,100.0,0.2240678825860567,0.0,2.0,0.0,0.0,0.0,1.0,1.0,0.0220279099999999,3.0,ST,67,54,38,88,54,25,71,25,50,58,50,100,100,21,46,62,62,42,29,25,46,88,79,54,83,75,54,25,62,8,25,96,58,29,92,29,29,25,75,71,42,58,67,54,38,88,54,25,71,25,50,58,50,100,100,21,46,62,62,42,29,25,46,88,79,54,83,75,54,25,62,8,25,96,58,29,92,29,29,25,75,71,42,58,Serie A
Juventus,bqbbqm98ud8obe45ds9ohgyrd,288nn7pbq5ewriiyb9o7da86h,W. McKennie,Weston McKennie,27,Midfielder,USA,Midfielder,17.0,0.0,23.0,1.0,40.0,0.0,2.0,90.0,0.0,0.0,2.0,2.0,1.0,1.0,2.0,0.0,0.0,4.0,1.0,1.0,1.0,0.0,0.0,0.0,0.0,88.89,100.0,0.0,100.0,0.0,33.33,0.0,0.0,0.2809663641957898,0.0,1.0,1.0,0.05491138,1.0,4.0,4.0,0.0667775999999999,16.0,17.0,0.0,23.0,1.0,40.0,0.0,2.0,0.0,0.0,2.0,2.0,1.0,1.0,2.0,0.0,0.0,4.0,1.0,1.0,1.0,0.0,0.0,0.0,0.0,88.89,100.0,0.0,100.0,0.0,33.33,0.0,0.0,0.2809663641957898,0.0,1.0,1.0,0.05491138,1.0,4.0,4.0,0.0667775999999999,16.0,CM/AM,55,45,80,55,60,30,65,40,50,80,95,50,50,30,50,45,100,55,95,60,30,25,40,55,70,85,45,90,45,30,40,25,100,30,80,50,70,75,55,70,50,50,55,45,80,55,60,30,65,40,50,80,95,50,50,30,50,45,100,55,95,60,30,25,40,55,70,85,45,90,45,30,40,25,100,30,80,50,70,75,55,70,50,50,Serie A
Juventus,bqbbqm98ud8obe45ds9ohgyrd,7gyfpskzbb3r5nhiniky22o6h,L. Kelly,Lloyd Kelly,27,Defender,England,Defender,42.0,0.0,13.0,4.0,55.0,0.0,2.0,90.0,0.0,0.0,1.0,1.0,0.0,0.0,1.0,0.0,0.0,1.0,1.0,0.0,0.0,0.0,0.0,0.0,0.0,83.33,36.36,0.0,0.0,0.0,20.0,0.0,0.0,0.1395909281146393,0.0,0.0,1.0,0.01685596,0.0,3.0,5.0,0.08419467,32.0,42.0,0.0,13.0,4.0,55.0,0.0,2.0,0.0,0.0,1.0,1.0,0.0,0.0,1.0,0.0,0.0,1.0,1.0,0.0,0.0,0.0,0.0,0.0,0.0,83.33,36.36,0.0,0.0,0.0,20.0,0.0,0.0,0.1395909281146393,0.0,0.0,1.0,0.01685596,0.0,3.0,5.0,0.08419467,32.0,CB,66,46,57,95,59,36,39,14,52,64,70,39,39,11,46,39,46,73,46,41,21,20,48,52,30,39,46,41,39,18,32,20,79,39,48,77,68,43,75,93,71,75,66,46,57,95,59,36,39,14,52,64,70,39,39,11,46,39,46,73,46,41,21,20,48,52,30,39,46,41,39,18,32,20,79,39,48,77,68,43,75,93,71,75,Serie A
Juventus,bqbbqm98ud8obe45ds9ohgyrd,ahz2npxe4geixkaz25f2pc82d,M. Locatelli,Manuel Locatelli,28,Midfielder,Italy,Midfielder,25.0,0.0,26.0,3.0,51.0,1.0,5.0,90.0,3.0,0.0,0.0,0.0,0.0,0.0,8.0,0.0,0.0,0.0,4.0,0.0,0.0,6.0,1.0,0.0,0.0,83.61,30.0,0.0,0.0,0.0,66.67,75.0,100.0,0.0,0.075017934411251,0.0,2.0,0.0409104899999999,2.0,7.0,7.0,0.1509572899999999,35.0,25.0,0.0,26.0,3.0,51.0,1.0,5.0,3.0,0.0,0.0,0.0,0.0,0.0,8.0,0.0,0.0,0.0,4.0,0.0,0.0,6.0,1.0,0.0,0.0,83.61,30.0,0.0,0.0,0.0,66.67,75.0,100.0,0.0,0.075017934411251,0.0,2.0,0.0409104899999999,2.0,7.0,7.0,0.1509572899999999,35.0,DM/CM,62,47,53,91,56,53,97,94,50,16,47,34,34,88,53,38,34,100,44,34,100,56,22,53,19,25,47,34,38,81,94,88,31,88,34,62,56,84,78,81,81,75,62,47,53,91,56,53,97,94,50,16,47,34,34,88,53,38,34,100,44,34,100,56,22,53,19,25,47,34,38,81,94,88,31,88,34,62,56,84,78,81,81,75,Serie A
Juventus,bqbbqm98ud8obe45ds9ohgyrd,b33rlpjo3kx4477alx82si5wq,P. Kalulu,Pierre Kalulu,26,Defender,France,Defender,10.0,0.0,22.0,2.0,32.0,1.0,5.0,90.0,2.0,0.0,1.0,1.0,0.0,0.0,5.0,0.0,1.0,4.0,0.0,0.0,0.0,2.0,1.0,0.0,0.0,84.21,100.0,0.0,0.0,100.0,0.0,0.0,33.33,0.0961398023483526,0.0409131248741063,0.0,4.0,0.085288,3.0,6.0,3.0,0.09301652,15.0,10.0,0.0,22.0,2.0,32.0,1.0,5.0,2.0,0.0,1.0,1.0,0.0,0.0,5.0,0.0,1.0,4.0,0.0,0.0,0.0,2.0,1.0,0.0,0.0,84.21,100.0,0.0,0.0,100.0,0.0,0.0,33.33,0.0961398023483526,0.0409131248741063,0.0,4.0,0.085288,3.0,6.0,3.0,0.09301652,15.0,RB/RCB,15,50,73,85,46,81,100,85,54,69,73,38,27,73,54,100,96,35,50,38,92,58,50,54,46,96,50,38,100,19,42,42,69,69,50,100,100,92,96,88,85,58,15,50,73,85,46,81,100,85,54,69,73,38,27,73,54,100,96,35,50,38,92,58,50,54,46,96,50,38,100,19,42,42,69,69,50,100,100,92,96,88,85,58,Serie A
Juventus,bqbbqm98ud8obe45ds9ohgyrd,d196vatyvq6ycn1q7d477d2i1,Bremer,Gleison Bremer Silva Nascimento,29,Defender,Brazil,Defender,23.0,0.0,9.0,3.0,32.0,3.0,8.0,90.0,2.0,0.0,2.0,2.0,1.0,1.0,5.0,1.0,1.0,4.0,0.0,0.0,1.0,1.0,2.0,0.0,0.0,88.89,60.0,0.0,100.0,50.0,62.5,40.0,100.0,0.4080338729441498,0.270020588385007,0.0,0.0,0.0,0.0,1.0,2.0,0.04107349,19.0,23.0,0.0,9.0,3.0,32.0,3.0,8.0,2.0,0.0,2.0,2.0,1.0,1.0,5.0,1.0,1.0,4.0,0.0,0.0,1.0,1.0,2.0,0.0,0.0,88.89,60.0,0.0,100.0,50.0,62.5,40.0,100.0,0.4080338729441498,0.270020588385007,0.0,0.0,0.0,0.0,1.0,2.0,0.04107349,19.0,CB,36,46,32,77,36,98,93,73,52,95,98,86,86,68,96,89,96,27,46,91,55,77,48,52,46,66,46,93,80,62,71,88,100,96,48,32,32,43,57,64,50,61,36,46,32,77,36,98,93,73,52,95,98,86,86,68,96,89,96,27,46,91,55,77,48,52,46,66,46,93,80,62,71,88,100,96,48,32,32,43,57,64,50,61,Serie A
Juventus,bqbbqm98ud8obe45ds9ohgyrd,g3fgd752o63acmmuahdvppm1,R. Kolo Muani,Randal Kolo Muani,27,Attacker,France,Striker,2.0,0.0,12.0,0.0,14.0,1.0,0.0,90.0,0.0,0.0,3.0,2.0,3.0,4.0,3.0,0.0,1.0,8.0,2.0,1.0,1.0,0.0,0.0,1.0,0.0,58.33,0.0,0.0,33.33,33.33,23.08,0.0,0.0,0.3295621866309273,0.0979222241474773,1.0,3.0,0.1251379,2.0,0.0,1.0,0.0837596499999999,7.0,2.0,0.0,12.0,0.0,14.0,1.0,0.0,0.0,0.0,3.0,2.0,3.0,4.0,3.0,0.0,1.0,8.0,2.0,1.0,1.0,0.0,0.0,1.0,0.0,58.33,0.0,0.0,33.33,33.33,23.08,0.0,0.0,0.3295621866309273,0.0979222241474773,1.0,3.0,0.1251379,2.0,0.0,1.0,0.0837596499999999,7.0,ST,33,54,79,38,67,67,25,25,50,58,50,67,71,38,46,62,92,67,71,62,46,38,79,54,8,38,54,58,62,33,25,38,67,83,67,100,100,96,29,71,92,75,33,54,79,38,67,67,25,25,50,58,50,67,71,38,46,62,92,67,71,62,46,38,79,54,8,38,54,58,62,33,25,38,67,83,67,100,100,96,29,71,92,75,Serie A
Parma,5aosfavi55p40c65lkriqnqnl,7pd1rtu3x4tjacwmvuodib4oa,A. Ndiaye,Abdoulaye Ndiaye,24,Defender,Senegal,Defender,46.0,0.0,8.0,1.0,54.0,0.0,4.0,90.0,0.0,0.0,1.0,1.0,1.0,1.0,6.0,0.0,0.0,1.0,2.0,0.0,1.0,0.0,0.0,0.0,0.0,90.0,25.0,0.0,100.0,0.0,60.0,0.0,0.0,0.1244369695161108,0.0,0.0,0.0,0.0,0.0,0.0,0.0,0.03392349,36.0,46.0,0.0,8.0,1.0,54.0,0.0,4.0,0.0,0.0,1.0,1.0,1.0,1.0,6.0,0.0,0.0,1.0,2.0,0.0,1.0,0.0,0.0,0.0,0.0,90.0,25.0,0.0,100.0,0.0,60.0,0.0,0.0,0.1244369695161108,0.0,0.0,0.0,0.0,0.0,0.0,0.0,0.03392349,36.0,LB/LCB,82,32,14,61,71,25,79,25,54,57,82,64,61,93,50,36,54,96,43,82,18,21,32,54,75,64,32,89,36,68,39,21,79,32,39,29,29,32,29,29,50,86,82,32,14,61,71,25,79,25,54,57,82,64,61,93,50,36,54,96,43,82,18,21,32,54,75,64,32,89,36,68,39,21,79,32,39,29,29,32,29,29,50,86,Serie A
Parma,5aosfavi55p40c65lkriqnqnl,d9bg5jjv8pz0f8u55x3hg0962,E. Valeri,Emanuele Valeri,27,Defender,Italy,Defender,11.0,2.0,9.0,0.0,18.0,3.0,2.0,90.0,0.0,0.0,2.0,0.0,1.0,1.0,5.0,0.0,1.0,2.0,1.0,0.0,1.0,1.0,1.0,2.0,0.0,78.26,0.0,28.57,100.0,50.0,83.33,0.0,33.33,0.0983775872582629,0.3860994093063823,2.0,2.0,0.07176734,0.0,0.0,0.0,0.01381906,5.0,11.0,2.0,9.0,0.0,18.0,3.0,2.0,0.0,0.0,2.0,0.0,1.0,1.0,5.0,0.0,1.0,2.0,1.0,0.0,1.0,1.0,1.0,2.0,0.0,78.26,0.0,28.57,100.0,50.0,83.33,0.0,33.33,0.0983775872582629,0.3860994093063823,2.0,2.0,0.07176734,0.0,0.0,0.0,0.01381906,5.0,LB/LCB,14,86,25,25,7,96,46,25,54,82,36,64,61,75,50,79,86,79,43,82,54,61,96,54,21,25,71,89,75,100,39,43,64,100,100,79,86,32,29,29,43,43,14,86,25,25,7,96,46,25,54,82,36,64,61,75,50,79,86,79,43,82,54,61,96,54,21,25,71,89,75,100,39,43,64,100,100,79,86,32,29,29,43,43,Serie A
Parma,5aosfavi55p40c65lkriqnqnl,e5pi22e4qopz95q3y5co7thqs,C. Ordoñez,Christian Ordóñez,22,Midfielder,Argentina,Midfielder,27.0,0.0,14.0,1.0,41.0,2.0,1.0,90.0,0.0,0.0,2.0,1.0,0.0,0.0,11.0,0.0,0.0,1.0,5.0,0.0,0.0,0.0,4.0,1.0,0.0,87.23,100.0,0.0,0.0,0.0,91.67,0.0,66.67,0.1879263526511222,0.0970276934718536,0.0,3.0,0.06721802,2.0,4.0,3.0,0.13154917,21.0,27.0,0.0,14.0,1.0,41.0,2.0,1.0,0.0,0.0,2.0,1.0,0.0,0.0,11.0,0.0,0.0,1.0,5.0,0.0,0.0,0.0,4.0,1.0,0.0,87.23,100.0,0.0,0.0,0.0,91.67,0.0,66.67,0.1879263526511222,0.0970276934718536,0.0,3.0,0.06721802,2.0,4.0,3.0,0.13154917,21.0,CM/AM,95,45,30,55,70,85,40,40,50,80,60,20,20,100,50,45,40,100,45,25,30,95,90,55,50,85,45,25,45,100,40,60,90,60,30,95,100,95,55,55,100,80,95,45,30,55,70,85,40,40,50,80,60,20,20,100,50,45,40,100,45,25,30,95,90,55,50,85,45,25,45,100,40,60,90,60,30,95,100,95,55,55,100,80,Serie A
Parma,5aosfavi55p40c65lkriqnqnl,e6ok0deqkoe80184iu509gzu2,E. Touré,El Bilal Touré,24,Attacker,Mali,Striker,0.0,0.0,10.0,0.0,10.0,0.0,0.0,90.0,1.0,0.0,1.0,0.0,1.0,1.0,3.0,0.0,1.0,0.0,1.0,0.0,1.0,0.0,0.0,1.0,0.0,71.43,0.0,0.0,100.0,100.0,33.33,16.67,0.0,0.0686976960329045,0.0,0.0,0.0,0.0,1.0,0.0,0.0,0.0008905599999999,2.0,0.0,0.0,10.0,0.0,10.0,0.0,0.0,1.0,0.0,1.0,0.0,1.0,1.0,3.0,0.0,1.0,0.0,1.0,0.0,1.0,0.0,0.0,1.0,0.0,71.43,0.0,0.0,100.0,100.0,33.33,16.67,0.0,0.0686976960329045,0.0,0.0,0.0,0.0,1.0,0.0,0.0,0.0008905599999999,2.0,ST,12,54,67,38,29,25,25,62,50,21,12,29,29,38,46,62,12,42,29,62,46,38,79,54,58,38,54,100,100,58,50,38,25,29,29,29,29,67,29,25,25,42,12,54,67,38,29,25,25,62,50,21,12,29,29,38,46,62,12,42,29,62,46,38,79,54,58,38,54,100,100,58,50,38,25,29,29,29,29,67,29,25,25,42,Serie A
Parma,5aosfavi55p40c65lkriqnqnl,r9rn4eaw3twb224jrpojz0x6,E. Delprato,Enrico Delprato,26,Defender,Italy,Defender,20.0,0.0,15.0,0.0,35.0,0.0,1.0,90.0,3.0,0.0,3.0,3.0,0.0,1.0,4.0,0.0,0.0,4.0,0.0,1.0,0.0,0.0,1.0,0.0,0.0,74.47,0.0,0.0,0.0,0.0,0.0,0.0,100.0,0.3798422541199338,0.0,0.0,0.0,0.0,0.0,3.0,2.0,0.0620674399999999,20.0,20.0,0.0,15.0,0.0,35.0,0.0,1.0,3.0,0.0,3.0,3.0,0.0,1.0,4.0,0.0,0.0,4.0,0.0,1.0,0.0,0.0,1.0,0.0,0.0,74.47,0.0,0.0,0.0,0.0,0.0,0.0,100.0,0.3798422541199338,0.0,0.0,0.0,0.0,0.0,3.0,2.0,0.0620674399999999,20.0,RB/RCB,62,50,46,31,65,35,23,100,54,100,100,38,69,62,54,50,96,35,100,38,35,58,50,54,15,31,50,38,50,19,42,77,100,35,50,38,38,38,73,73,69,88,62,50,46,31,65,35,23,100,54,100,100,38,69,62,54,50,96,35,100,38,35,58,50,54,15,31,50,38,50,19,42,77,100,35,50,38,38,38,73,73,69,88,Serie A
Lazio,btcy9nra9ak4m22ovr2ia6m5v,1ywfkwrcysdlvkt859q00kt7t,D. Doekhi,Danilho Doekhi,28,Defender,Netherlands,Defender,29.0,0.0,5.0,1.0,34.0,0.0,5.0,90.0,1.0,0.0,0.0,0.0,0.0,0.0,4.0,0.0,0.0,1.0,3.0,0.0,0.0,1.0,0.0,0.0,0.0,97.14,100.0,0.0,0.0,0.0,57.14,50.0,0.0,0.0,0.0,0.0,0.0,0.0,0.0,0.0,0.0,0.0,0.0,29.0,0.0,5.0,1.0,34.0,0.0,5.0,1.0,0.0,0.0,0.0,0.0,0.0,4.0,0.0,0.0,1.0,3.0,0.0,0.0,1.0,0.0,0.0,0.0,97.14,100.0,0.0,0.0,0.0,57.14,50.0,0.0,0.0,0.0,0.0,0.0,0.0,0.0,0.0,0.0,0.0,0.0,CB,50,46,11,29,39,36,73,46,52,21,23,39,39,55,46,39,46,98,46,41,55,20,48,52,89,93,46,41,39,54,80,20,29,39,48,32,32,43,25,25,21,21,50,46,11,29,39,36,73,46,52,21,23,39,39,55,46,39,46,98,46,41,55,20,48,52,89,93,46,41,39,54,80,20,29,39,48,32,32,43,25,25,21,21,Serie A
Lazio,btcy9nra9ak4m22ovr2ia6m5v,35qg0rrwtl00pycx468s62m3u,K. Taylor,Kenneth Taylor,24,Midfielder,Netherlands,Midfielder,8.0,0.0,11.0,1.0,19.0,1.0,0.0,90.0,0.0,0.0,0.0,0.0,1.0,1.0,2.0,0.0,0.0,1.0,1.0,0.0,0.0,1.0,1.0,0.0,0.0,90.48,100.0,0.0,0.0,0.0,50.0,0.0,100.0,0.0,0.0,0.0,0.0,0.0,0.0,0.0,0.0,0.0,0.0,8.0,0.0,11.0,1.0,19.0,1.0,0.0,0.0,0.0,0.0,0.0,1.0,1.0,2.0,0.0,0.0,1.0,1.0,0.0,0.0,1.0,1.0,0.0,0.0,90.48,100.0,0.0,0.0,0.0,50.0,0.0,100.0,0.0,0.0,0.0,0.0,0.0,0.0,0.0,0.0,0.0,0.0,LM/LCM,50,38,50,38,50,50,38,62,50,38,50,62,62,38,62,50,75,62,50,38,75,62,38,62,75,100,38,38,50,50,62,75,50,38,50,38,38,50,38,38,38,38,50,38,50,38,50,50,38,62,50,38,50,62,62,38,62,50,75,62,50,38,75,62,38,62,75,100,38,38,50,50,62,75,50,38,50,38,38,50,38,38,38,38,Serie A
Lazio,btcy9nra9ak4m22ovr2ia6m5v,79e6khfyg3rdauul0yjlixv8q,N. Rovella,Nicolò Rovella,24,Midfielder,Italy,Midfielder,14.0,0.0,26.0,1.0,40.0,1.0,4.0,90.0,0.0,0.0,1.0,0.0,1.0,1.0,5.0,0.0,0.0,0.0,2.0,0.0,1.0,1.0,1.0,1.0,0.0,86.96,50.0,0.0,100.0,0.0,62.5,0.0,50.0,0.0,0.0,0.0,0.0,0.0,0.0,0.0,0.0,0.0,0.0,14.0,0.0,26.0,1.0,40.0,1.0,4.0,0.0,0.0,1.0,0.0,1.0,1.0,5.0,0.0,0.0,0.0,2.0,0.0,1.0,1.0,1.0,1.0,0.0,86.96,50.0,0.0,100.0,0.0,62.5,0.0,50.0,0.0,0.0,0.0,0.0,0.0,0.0,0.0,0.0,0.0,0.0,DM/CM,25,47,53,34,38,53,84,31,50,53,47,78,78,72,53,38,34,78,44,81,47,56,59,53,31,50,47,88,38,69,44,59,31,25,34,25,25,31,22,19,19,19,25,47,53,34,38,53,84,31,50,53,47,78,78,72,53,38,34,78,44,81,47,56,59,53,31,50,47,88,38,69,44,59,31,25,34,25,25,31,22,19,19,19,Serie A
Lazio,btcy9nra9ak4m22ovr2ia6m5v,7hukebiijqntuvetwzralzuju,O. Provstgaard,Oliver Provstgaard,23,Defender,Denmark,Defender,21.0,0.0,10.0,3.0,31.0,0.0,3.0,90.0,0.0,0.0,0.0,0.0,0.0,0.0,2.0,0.0,0.0,1.0,1.0,0.0,0.0,2.0,1.0,0.0,0.0,81.58,50.0,0.0,0.0,0.0,33.33,0.0,100.0,0.0,0.0,0.0,0.0,0.0,0.0,0.0,0.0,0.0,0.0,21.0,0.0,10.0,3.0,31.0,0.0,3.0,0.0,0.0,0.0,0.0,0.0,0.0,2.0,0.0,0.0,1.0,1.0,0.0,0.0,2.0,1.0,0.0,0.0,81.58,50.0,0.0,0.0,0.0,33.33,0.0,100.0,0.0,0.0,0.0,0.0,0.0,0.0,0.0,0.0,0.0,0.0,CB,32,46,36,77,32,36,54,14,52,21,23,39,39,29,46,39,46,73,46,41,80,52,48,52,21,54,46,41,39,29,32,88,29,39,48,32,32,43,25,25,21,21,32,46,36,77,32,36,54,14,52,21,23,39,39,29,46,39,46,73,46,41,80,52,48,52,21,54,46,41,39,29,32,88,29,39,48,32,32,43,25,25,21,21,Serie A
Lazio,btcy9nra9ak4m22ovr2ia6m5v,cfzvplhlvlfvau521u6b86xud,M. Zaccagni,Mattia Zaccagni,31,Midfielder,Italy,Midfielder,3.0,2.0,12.0,2.0,13.0,1.0,1.0,90.0,0.0,0.0,3.0,1.0,3.0,3.0,5.0,0.0,1.0,1.0,1.0,1.0,2.0,1.0,1.0,2.0,0.0,76.47,66.67,33.33,66.67,33.33,62.5,0.0,50.0,0.0,0.0,0.0,0.0,0.0,0.0,0.0,0.0,0.0,0.0,3.0,2.0,12.0,2.0,13.0,1.0,1.0,0.0,0.0,3.0,1.0,3.0,3.0,5.0,0.0,1.0,1.0,1.0,1.0,2.0,1.0,1.0,2.0,0.0,76.47,66.67,33.33,66.67,33.33,62.5,0.0,50.0,0.0,0.0,0.0,0.0,0.0,0.0,0.0,0.0,0.0,0.0,LM/LCM,25,100,75,88,25,50,75,62,50,100,100,100,100,100,62,100,75,62,100,100,75,62,100,62,25,75,88,75,100,75,62,25,50,38,50,38,38,50,38,38,38,38,25,100,75,88,25,50,75,62,50,100,100,100,100,100,62,100,75,62,100,100,75,62,100,62,25,75,88,75,100,75,62,25,50,38,50,38,38,50,38,38,38,38,Serie A
Napoli,gi0l1habji5hpgar77dl5jqe,2kfkjjqh7vrfcfbgr4aa85dqt,A. Rrahmani,Amir Rrahmani,32,Defender,Kosovo,Defender,35.0,0.0,34.0,3.0,69.0,0.0,11.0,90.0,8.0,0.0,2.0,0.0,0.0,0.0,13.0,0.0,0.0,0.0,0.0,1.0,0.0,1.0,4.0,2.0,0.0,87.34,50.0,0.0,0.0,0.0,92.86,88.89,80.0,0.089926280655901,0.0,2.0,4.0,0.07490992,1.0,9.0,5.0,0.13482133,47.0,35.0,0.0,34.0,3.0,69.0,0.0,11.0,8.0,0.0,2.0,0.0,0.0,0.0,13.0,0.0,0.0,0.0,0.0,1.0,0.0,1.0,4.0,2.0,0.0,87.34,50.0,0.0,0.0,0.0,92.86,88.89,80.0,0.089926280655901,0.0,2.0,4.0,0.07490992,1.0,9.0,5.0,0.13482133,47.0,CB,55,46,100,77,91,36,98,100,52,95,23,39,39,98,46,39,14,27,96,41,55,96,100,52,39,54,46,41,39,98,100,70,61,39,100,96,96,93,100,93,82,91,55,46,100,77,91,36,98,100,52,95,23,39,39,98,46,39,14,27,96,41,55,96,100,52,39,54,46,41,39,98,100,70,61,39,100,96,96,93,100,93,82,91,Serie A
Napoli,gi0l1habji5hpgar77dl5jqe,5d9i8ubibyiecxecr9jjvxexh,G. Di Lorenzo,Giovanni Di Lorenzo,33,Defender,Italy,Defender,17.0,0.0,31.0,0.0,48.0,0.0,2.0,90.0,2.0,0.0,0.0,0.0,0.0,1.0,5.0,0.0,0.0,3.0,1.0,0.0,0.0,0.0,3.0,0.0,0.0,94.12,0.0,0.0,0.0,0.0,83.33,0.0,100.0,0.0,0.0,0.0,0.0,0.0,0.0,0.0,0.0,0.0,0.0,17.0,0.0,31.0,0.0,48.0,0.0,2.0,2.0,0.0,0.0,0.0,0.0,1.0,5.0,0.0,0.0,3.0,1.0,0.0,0.0,0.0,3.0,0.0,0.0,94.12,0.0,0.0,0.0,0.0,83.33,0.0,100.0,0.0,0.0,0.0,0.0,0.0,0.0,0.0,0.0,0.0,0.0,RB/RCB,54,50,100,31,85,35,50,85,54,31,35,38,69,73,54,50,73,81,50,38,35,92,50,54,92,31,50,38,50,92,42,77,31,35,50,38,38,38,27,27,23,23,54,50,100,31,85,35,50,85,54,31,35,38,69,73,54,50,73,81,50,38,35,92,50,54,92,31,50,38,50,92,42,77,31,35,50,38,38,38,27,27,23,23,Serie A
Napoli,gi0l1habji5hpgar77dl5jqe,9fvo9v5e9r0ptibied6ejv3zd,S. McTominay,Scott McTominay,29,Midfielder,Scotland,Midfielder,14.0,0.0,18.0,1.0,32.0,3.0,3.0,90.0,1.0,0.0,1.0,0.0,3.0,3.0,2.0,0.0,1.0,7.0,0.0,0.0,1.0,2.0,0.0,1.0,0.0,94.12,100.0,0.0,33.33,100.0,28.57,0.0,0.0,0.0518831873066176,0.0511081168696457,1.0,2.0,0.04347372,0.0,2.0,3.0,0.04328048,16.0,14.0,0.0,18.0,1.0,32.0,3.0,3.0,1.0,0.0,1.0,0.0,3.0,3.0,2.0,0.0,1.0,7.0,0.0,0.0,1.0,2.0,0.0,1.0,0.0,94.12,100.0,0.0,33.33,100.0,28.57,0.0,0.0,0.0518831873066176,0.0511081168696457,1.0,2.0,0.04347372,0.0,2.0,3.0,0.04328048,16.0,DM/CM,25,47,38,34,25,100,75,72,50,53,47,100,100,25,53,84,100,25,44,81,81,22,59,53,75,88,47,69,91,19,44,22,69,62,78,62,62,31,44,53,56,56,25,47,38,34,25,100,75,72,50,53,47,100,100,25,53,84,100,25,44,81,81,22,59,53,75,88,47,69,91,19,44,22,69,62,78,62,62,31,44,53,56,56,Serie A
Napoli,gi0l1habji5hpgar77dl5jqe,9ka7y81b5kst146mhq7mom5ed,L. Spinazzola,Leonardo Spinazzola,33,Defender,Italy,Defender,16.0,1.0,37.0,0.0,52.0,1.0,0.0,90.0,0.0,0.0,2.0,1.0,0.0,0.0,0.0,0.0,1.0,2.0,0.0,1.0,0.0,1.0,0.0,1.0,0.0,94.55,0.0,100.0,0.0,50.0,0.0,0.0,0.0,0.1358480674000007,0.0670656093347562,0.0,9.0,0.24535666,2.0,4.0,8.0,0.23002153,28.0,16.0,1.0,37.0,0.0,52.0,1.0,0.0,0.0,0.0,2.0,1.0,0.0,0.0,0.0,0.0,1.0,2.0,0.0,1.0,0.0,1.0,0.0,1.0,0.0,94.55,0.0,100.0,0.0,50.0,0.0,0.0,0.0,0.1358480674000007,0.0670656093347562,0.0,9.0,0.24535666,2.0,4.0,8.0,0.23002153,28.0,LB/LCB,29,71,100,25,57,61,14,25,54,82,82,21,18,7,50,79,86,36,89,36,54,21,75,54,100,25,96,36,75,7,39,21,86,71,39,100,100,93,82,93,100,79,29,71,100,25,57,61,14,25,54,82,82,21,18,7,50,79,86,36,89,36,54,21,75,54,100,25,96,36,75,7,39,21,86,71,39,100,100,93,82,93,100,79,Serie A
Napoli,gi0l1habji5hpgar77dl5jqe,9y8fnvazj02vy31ljx3du0d79,S. Lobotka,Stanislav Lobotka,31,Midfielder,Slovakia,Midfielder,14.0,0.0,59.0,2.0,73.0,1.0,0.0,90.0,0.0,0.0,2.0,0.0,0.0,0.0,3.0,0.0,0.0,0.0,1.0,1.0,0.0,0.0,0.0,2.0,0.0,96.05,66.67,0.0,0.0,0.0,50.0,0.0,0.0,0.1723350208815539,0.0518831873066176,2.0,2.0,0.04852272,1.0,12.0,12.0,0.2709838500000001,53.0,14.0,0.0,59.0,2.0,73.0,1.0,0.0,0.0,0.0,2.0,0.0,0.0,0.0,3.0,0.0,0.0,0.0,1.0,1.0,0.0,0.0,0.0,2.0,0.0,96.05,66.67,0.0,0.0,0.0,50.0,0.0,0.0,0.1723350208815539,0.0518831873066176,2.0,2.0,0.04852272,1.0,12.0,12.0,0.2709838500000001,53.0,DM/CM,25,47,100,69,84,53,16,31,50,88,47,34,34,47,53,38,34,59,94,34,16,22,88,53,88,69,47,34,38,47,44,22,94,69,97,62,69,66,100,100,94,100,25,47,100,69,84,53,16,31,50,88,47,34,34,47,53,38,34,59,94,34,16,22,88,53,88,69,47,34,38,47,44,22,94,69,97,62,69,66,100,100,94,100,Serie A
Torino,7gnly6999wao1xarwct4p8fe9,54mmovmx3osoxgbloe9rzmx9l,A. Ismajli,Ardian Ismajli,29,Defender,Albania,Defender,41.0,0.0,14.0,2.0,55.0,0.0,6.0,90.0,1.0,0.0,0.0,0.0,0.0,0.0,2.0,0.0,0.0,0.0,1.0,0.0,0.0,4.0,0.0,0.0,0.0,91.67,50.0,0.0,0.0,0.0,25.0,16.67,0.0,0.0,0.0,0.0,0.0,0.0,0.0,0.0,0.0,0.0,0.0,41.0,0.0,14.0,2.0,55.0,0.0,6.0,1.0,0.0,0.0,0.0,0.0,0.0,2.0,0.0,0.0,0.0,1.0,0.0,0.0,4.0,0.0,0.0,0.0,91.67,50.0,0.0,0.0,0.0,25.0,16.67,0.0,0.0,0.0,0.0,0.0,0.0,0.0,0.0,0.0,0.0,0.0,CB,61,46,61,55,59,36,84,46,52,21,23,39,39,29,46,39,14,73,46,41,95,20,48,52,61,54,46,41,39,21,64,20,29,39,48,32,32,43,25,25,21,21,61,46,61,55,59,36,84,46,52,21,23,39,39,29,46,39,14,73,46,41,95,20,48,52,61,54,46,41,39,21,64,20,29,39,48,32,32,43,25,25,21,21,Serie A
Torino,7gnly6999wao1xarwct4p8fe9,6egg2gwvxxqv2i9hrr0zg4yz8,G. Gineitis,Gvidas Gineitis,22,Midfielder,Lithuania,Midfielder,17.0,1.0,10.0,2.0,26.0,1.0,2.0,90.0,0.0,1.0,0.0,0.0,0.0,0.0,3.0,0.0,0.0,0.0,2.0,0.0,0.0,0.0,1.0,0.0,0.0,86.67,50.0,33.33,0.0,0.0,0.0,0.0,100.0,0.0,0.1222005498086236,0.0,1.0,0.0199707,0.0,3.0,3.0,0.04511437,11.0,17.0,1.0,10.0,2.0,26.0,1.0,2.0,0.0,1.0,0.0,0.0,0.0,0.0,3.0,0.0,0.0,0.0,2.0,0.0,0.0,0.0,1.0,0.0,0.0,86.67,50.0,33.33,0.0,0.0,0.0,0.0,100.0,0.0,0.1222005498086236,0.0,1.0,0.0199707,0.0,3.0,3.0,0.04511437,11.0,LM/LCM,75,75,25,88,75,50,100,62,100,38,50,25,25,75,62,50,25,100,50,38,25,62,38,62,50,50,88,38,50,25,62,75,50,75,50,75,75,50,88,75,75,75,75,75,25,88,75,50,100,62,100,38,50,25,25,75,62,50,25,100,50,38,25,62,38,62,50,50,88,38,50,25,62,75,50,75,50,75,75,50,88,75,75,75,Serie A
Torino,7gnly6999wao1xarwct4p8fe9,7vykym3hy0qf1rxw3yv58kxgq,Saúl Coco,Saúl Coco,27,Defender,Equatorial Guinea,Defender,27.0,0.0,12.0,1.0,39.0,0.0,5.0,90.0,2.0,0.0,1.0,1.0,1.0,1.0,5.0,0.0,0.0,1.0,0.0,0.0,1.0,0.0,1.0,0.0,0.0,90.7,33.33,0.0,100.0,0.0,62.5,0.0,50.0,0.0818599455987309,0.0,0.0,0.0,0.0,0.0,4.0,2.0,0.08269972,27.0,27.0,0.0,12.0,1.0,39.0,0.0,5.0,2.0,0.0,1.0,1.0,1.0,1.0,5.0,0.0,0.0,1.0,0.0,0.0,1.0,0.0,1.0,0.0,0.0,90.7,33.33,0.0,100.0,0.0,62.5,0.0,50.0,0.0818599455987309,0.0,0.0,0.0,0.0,0.0,4.0,2.0,0.08269972,27.0,CB,43,46,46,29,45,36,73,73,52,64,70,86,86,68,46,39,46,27,46,91,21,52,48,52,54,27,46,93,39,62,32,50,57,39,48,32,32,43,86,64,68,71,43,46,46,29,45,36,73,73,52,64,70,86,86,68,46,39,46,27,46,91,21,52,48,52,54,27,46,93,39,62,32,50,57,39,48,32,32,43,86,64,68,71,Serie A
Torino,7gnly6999wao1xarwct4p8fe9,b8ixf31bdyfqqcwoy4ulai73e,K. Fitz-Jim,Kian Fitz-Jim,23,Midfielder,Netherlands,Midfielder,27.0,0.0,23.0,1.0,50.0,3.0,0.0,90.0,0.0,0.0,1.0,0.0,1.0,1.0,2.0,0.0,0.0,1.0,0.0,0.0,1.0,1.0,1.0,1.0,0.0,90.91,33.33,0.0,100.0,0.0,66.67,0.0,100.0,0.0354563649162972,0.3478832408087119,1.0,5.0,0.10288464,1.0,3.0,5.0,0.1725107099999999,22.0,27.0,0.0,23.0,1.0,50.0,3.0,0.0,0.0,0.0,1.0,0.0,1.0,1.0,2.0,0.0,0.0,1.0,0.0,0.0,1.0,1.0,1.0,1.0,0.0,90.91,33.33,0.0,100.0,0.0,66.67,0.0,100.0,0.0354563649162972,0.3478832408087119,1.0,5.0,0.10288464,1.0,3.0,5.0,0.1725107099999999,22.0,LM/LCM,100,38,100,38,100,100,38,62,50,75,50,62,62,38,62,50,75,25,50,75,75,62,75,62,100,25,38,100,50,100,62,75,100,100,100,100,100,100,88,100,100,100,100,38,100,38,100,100,38,62,50,75,50,62,62,38,62,50,75,25,50,75,75,62,75,62,100,25,38,100,50,100,62,75,100,100,100,100,100,100,88,100,100,100,Serie A
Torino,7gnly6999wao1xarwct4p8fe9,ebgkv548xih19m8uza7bgrvmd,N. Vlašić,Nikola Vlasic,28,Midfielder,Croatia,Midfielder,7.0,0.0,10.0,1.0,17.0,0.0,0.0,90.0,1.0,0.0,0.0,0.0,0.0,0.0,2.0,0.0,0.0,2.0,0.0,0.0,0.0,0.0,1.0,0.0,0.0,85.0,100.0,0.0,0.0,0.0,22.22,33.33,100.0,0.0,0.0,0.0,0.0,0.0,0.0,0.0,0.0,0.0,0.0,7.0,0.0,10.0,1.0,17.0,0.0,0.0,1.0,0.0,0.0,0.0,0.0,0.0,2.0,0.0,0.0,2.0,0.0,0.0,0.0,0.0,1.0,0.0,0.0,85.0,100.0,0.0,0.0,0.0,22.22,33.33,100.0,0.0,0.0,0.0,0.0,0.0,0.0,0.0,0.0,0.0,0.0,CM/AM,20,45,10,55,10,30,20,85,50,20,20,20,20,30,50,45,70,25,45,25,30,60,40,55,20,85,45,25,45,20,80,85,20,30,30,20,20,35,20,15,15,15,20,45,10,55,10,30,20,85,50,20,20,20,20,30,50,45,70,25,45,25,30,60,40,55,20,85,45,25,45,20,80,85,20,30,30,20,20,35,20,15,15,15,Serie A
Lecce,bi1fxjrncd0ram0oi7ja1jyuo,1lisq580zw4yfk6id6f1dwr56,Danilo Veiga,Danilo Filipe de Melo Veiga,23,Defender,Portugal,Defender,11.0,0.0,8.0,0.0,19.0,0.0,3.0,90.0,1.0,0.0,0.0,0.0,0.0,0.0,6.0,0.0,0.0,2.0,2.0,0.0,0.0,2.0,1.0,0.0,0.0,67.86,0.0,0.0,0.0,0.0,75.0,0.0,33.33,0.0,0.0,0.0,0.0,0.0,0.0,0.0,0.0,0.0,0.0,11.0,0.0,8.0,0.0,19.0,0.0,3.0,1.0,0.0,0.0,0.0,0.0,0.0,6.0,0.0,0.0,2.0,2.0,0.0,0.0,2.0,1.0,0.0,0.0,67.86,0.0,0.0,0.0,0.0,75.0,0.0,33.33,0.0,0.0,0.0,0.0,0.0,0.0,0.0,0.0,0.0,0.0,RB/RCB,23,50,15,31,15,35,69,58,54,31,35,38,27,85,54,50,54,100,50,38,92,58,50,54,8,31,50,38,50,85,42,42,31,35,50,38,38,38,27,27,23,23,23,50,15,31,15,35,69,58,54,31,35,38,27,85,54,50,54,100,50,38,92,58,50,54,8,31,50,38,50,85,42,42,31,35,50,38,38,38,27,27,23,23,Serie A
Lecce,bi1fxjrncd0ram0oi7ja1jyuo,2izep8yz4gavm10cvf82py5pm,J. Siebert,Jamil Siebert,24,Defender,Germany,Defender,13.0,1.0,6.0,1.0,18.0,2.0,7.0,90.0,1.0,0.0,0.0,0.0,0.0,0.0,3.0,0.0,0.0,0.0,0.0,0.0,0.0,4.0,2.0,0.0,0.0,78.26,25.0,100.0,0.0,0.0,50.0,0.0,100.0,0.0,0.2287102976752972,0.0,2.0,0.0535479299999999,1.0,1.0,2.0,0.26136536,12.0,13.0,1.0,6.0,1.0,18.0,2.0,7.0,1.0,0.0,0.0,0.0,0.0,0.0,3.0,0.0,0.0,0.0,0.0,0.0,0.0,4.0,2.0,0.0,0.0,78.26,25.0,100.0,0.0,0.0,50.0,0.0,100.0,0.0,0.2287102976752972,0.0,2.0,0.0535479299999999,1.0,1.0,2.0,0.26136536,12.0,CB,18,95,20,29,14,91,89,46,52,21,23,39,39,46,46,39,14,27,46,41,95,77,48,52,14,12,98,41,39,43,32,88,29,93,48,93,93,93,57,64,96,54,18,95,20,29,14,91,89,46,52,21,23,39,39,46,46,39,14,27,46,41,95,77,48,52,14,12,98,41,39,43,32,88,29,93,48,93,93,93,57,64,96,54,Serie A
Lecce,bi1fxjrncd0ram0oi7ja1jyuo,6udrxynn6611j9tjm258iu80k,Kialonda Gaspar,Esmevânio Kialonda Gaspar,28,Defender,Angola,Defender,11.0,0.0,2.0,1.0,13.0,0.0,11.0,90.0,1.0,0.0,0.0,0.0,0.0,0.0,5.0,0.0,0.0,0.0,0.0,0.0,0.0,1.0,3.0,0.0,0.0,86.67,50.0,0.0,0.0,0.0,55.56,33.33,75.0,0.0,0.0,0.0,0.0,0.0,0.0,0.0,0.0,0.0,0.0,11.0,0.0,2.0,1.0,13.0,0.0,11.0,1.0,0.0,0.0,0.0,0.0,0.0,5.0,0.0,0.0,0.0,0.0,0.0,0.0,1.0,3.0,0.0,0.0,86.67,50.0,0.0,0.0,0.0,55.56,33.33,75.0,0.0,0.0,0.0,0.0,0.0,0.0,0.0,0.0,0.0,0.0,CB,14,46,4,29,11,36,98,46,52,21,23,39,39,68,46,39,14,27,46,41,55,89,48,52,36,54,46,41,39,50,68,64,29,39,48,32,32,43,25,25,21,21,14,46,4,29,11,36,98,46,52,21,23,39,39,68,46,39,14,27,46,41,55,89,48,52,36,54,46,41,39,50,68,64,29,39,48,32,32,43,25,25,21,21,Serie A
Lecce,bi1fxjrncd0ram0oi7ja1jyuo,7pg1pu4ptby6hi0rp29hv4jxl,L. Coulibaly,Lassana Coulibaly,30,Midfielder,Mali,Midfielder,6.0,0.0,17.0,0.0,23.0,2.0,3.0,90.0,1.0,1.0,1.0,1.0,6.0,6.0,8.0,0.0,0.0,2.0,2.0,0.0,3.0,2.0,1.0,0.0,0.0,79.31,0.0,0.0,50.0,0.0,50.0,50.0,50.0,0.088565108584161,0.1421146673382008,0.0,3.0,0.06009809,2.0,2.0,3.0,0.07718482,8.0,6.0,0.0,17.0,0.0,23.0,2.0,3.0,1.0,1.0,1.0,1.0,6.0,6.0,8.0,0.0,0.0,2.0,2.0,0.0,3.0,2.0,1.0,0.0,0.0,79.31,0.0,0.0,50.0,0.0,50.0,50.0,50.0,0.088565108584161,0.1421146673382008,0.0,3.0,0.06009809,2.0,2.0,3.0,0.07718482,8.0,CM/AM,10,45,50,20,30,85,95,85,100,45,60,100,100,90,50,45,70,75,45,100,90,60,40,55,10,20,45,60,45,55,90,50,50,90,30,95,90,95,40,55,70,30,10,45,50,20,30,85,95,85,100,45,60,100,100,90,50,45,70,75,45,100,90,60,40,55,10,20,45,60,45,55,90,50,50,90,30,95,90,95,40,55,70,30,Serie A
Lecce,bi1fxjrncd0ram0oi7ja1jyuo,eorgs50x6dss1dzy86fvb97o4,O. Ngom,Oumar Ngom,22,Midfielder,Mauritania,Midfielder,12.0,0.0,13.0,2.0,25.0,1.0,1.0,90.0,0.0,0.0,1.0,0.0,0.0,0.0,2.0,0.0,0.0,0.0,0.0,1.0,0.0,2.0,2.0,1.0,0.0,73.53,33.33,0.0,0.0,0.0,25.0,0.0,100.0,0.0350937425982374,0.0289380584802532,1.0,3.0,0.05867334,0.0,4.0,4.0,0.0200366999999999,11.0,12.0,0.0,13.0,2.0,25.0,1.0,1.0,0.0,0.0,1.0,0.0,0.0,0.0,2.0,0.0,0.0,0.0,0.0,1.0,0.0,2.0,2.0,1.0,0.0,73.53,33.33,0.0,0.0,0.0,25.0,0.0,100.0,0.0350937425982374,0.0289380584802532,1.0,3.0,0.05867334,0.0,4.0,4.0,0.0200366999999999,11.0,DM/CM,6,47,12,69,6,53,47,31,50,53,47,34,34,25,53,38,34,25,94,34,81,88,59,53,6,34,47,34,38,9,44,88,62,50,78,81,81,31,66,69,38,38,6,47,12,69,6,53,47,31,50,53,47,34,34,25,53,38,34,25,94,34,81,88,59,53,6,34,47,34,38,9,44,88,62,50,78,81,81,31,66,69,38,38,Serie A
Sassuolo,6tuibxq39fdryu8ou06wcm0q3,27xj7me8icr5ptta7kwx0kfs9,A. Laurienté,Armand Laurienté,27,Attacker,France,Striker,9.0,0.0,24.0,1.0,33.0,2.0,0.0,90.0,0.0,0.0,6.0,3.0,4.0,4.0,2.0,0.0,2.0,8.0,0.0,1.0,1.0,0.0,0.0,3.0,0.0,97.06,100.0,0.0,25.0,33.33,22.22,0.0,0.0,0.0,0.0,0.0,0.0,0.0,0.0,0.0,0.0,0.0,0.0,9.0,0.0,24.0,1.0,33.0,2.0,0.0,0.0,0.0,6.0,3.0,4.0,4.0,2.0,0.0,2.0,8.0,0.0,1.0,1.0,0.0,0.0,3.0,0.0,97.06,100.0,0.0,25.0,33.33,22.22,0.0,0.0,0.0,0.0,0.0,0.0,0.0,0.0,0.0,0.0,0.0,0.0,LW,100,100,100,100,100,100,100,100,100,100,100,100,100,100,100,100,100,100,100,100,100,100,100,100,100,100,100,100,100,100,100,100,100,100,100,100,100,100,100,100,100,100,100,100,100,100,100,100,100,100,100,100,100,100,100,100,100,100,100,100,100,100,100,100,100,100,100,100,100,100,100,100,100,100,100,100,100,100,100,100,100,100,100,100,Serie A
Sassuolo,6tuibxq39fdryu8ou06wcm0q3,5ld0lornm6gih88rs3qg59jze,C. Odenthal,Cas Odenthal,25,Defender,Netherlands,Defender,52.0,0.0,12.0,3.0,64.0,1.0,0.0,90.0,0.0,0.0,1.0,1.0,0.0,0.0,0.0,1.0,1.0,1.0,0.0,0.0,0.0,0.0,0.0,0.0,0.0,98.46,75.0,0.0,0.0,100.0,0.0,0.0,0.0,0.0,0.0,0.0,0.0,0.0,0.0,0.0,0.0,0.0,0.0,52.0,0.0,12.0,3.0,64.0,1.0,0.0,0.0,0.0,1.0,1.0,0.0,0.0,0.0,1.0,1.0,1.0,0.0,0.0,0.0,0.0,0.0,0.0,0.0,98.46,75.0,0.0,0.0,100.0,0.0,0.0,0.0,0.0,0.0,0.0,0.0,0.0,0.0,0.0,0.0,0.0,0.0,CB,89,46,46,77,73,79,9,14,52,64,70,39,39,4,96,89,46,27,46,41,21,20,48,52,93,73,46,41,93,7,32,20,29,39,48,32,32,43,25,25,21,21,89,46,46,77,73,79,9,14,52,64,70,39,39,4,96,89,46,27,46,41,21,20,48,52,93,73,46,41,93,7,32,20,29,39,48,32,32,43,25,25,21,21,Serie A
Sassuolo,6tuibxq39fdryu8ou06wcm0q3,7uf7y7xa6hy3gieetcte3td2i,J. Doig,Josh Doig,24,Defender,Scotland,Defender,19.0,1.0,13.0,1.0,31.0,3.0,3.0,90.0,1.0,0.0,1.0,0.0,1.0,1.0,5.0,0.0,0.0,0.0,0.0,1.0,0.0,1.0,3.0,1.0,0.0,88.57,33.33,25.0,0.0,0.0,71.43,0.0,75.0,0.0,0.0,0.0,0.0,0.0,0.0,0.0,0.0,0.0,0.0,19.0,1.0,13.0,1.0,31.0,3.0,3.0,1.0,0.0,1.0,0.0,1.0,1.0,5.0,0.0,0.0,0.0,0.0,1.0,0.0,1.0,3.0,1.0,0.0,88.57,33.33,25.0,0.0,0.0,71.43,0.0,75.0,0.0,0.0,0.0,0.0,0.0,0.0,0.0,0.0,0.0,0.0,LB/LCB,43,71,43,61,43,96,68,61,54,57,36,64,61,75,50,36,21,36,89,36,54,100,75,54,64,71,64,36,36,86,39,71,29,32,39,29,29,32,29,29,21,21,43,71,43,61,43,96,68,61,54,57,36,64,61,75,50,36,21,36,89,36,54,100,75,54,64,71,64,36,36,86,39,71,29,32,39,29,29,32,29,29,21,21,Serie A
Sassuolo,6tuibxq39fdryu8ou06wcm0q3,atuelrskb8akyh9076gar89p0,S. Cinquegrano,Simone Cinquegrano,22,Midfielder,Italy,Midfielder,15.0,1.0,20.0,1.0,34.0,1.0,7.0,90.0,1.0,0.0,1.0,1.0,3.0,3.0,3.0,0.0,0.0,1.0,0.0,0.0,1.0,1.0,1.0,0.0,0.0,97.14,100.0,20.0,33.33,0.0,42.86,0.0,100.0,0.0,0.0,0.0,0.0,0.0,0.0,0.0,0.0,0.0,0.0,15.0,1.0,20.0,1.0,34.0,1.0,7.0,1.0,0.0,1.0,1.0,3.0,3.0,3.0,0.0,0.0,1.0,0.0,0.0,1.0,1.0,1.0,0.0,0.0,97.14,100.0,20.0,33.33,0.0,42.86,0.0,100.0,0.0,0.0,0.0,0.0,0.0,0.0,0.0,0.0,0.0,0.0,RM/RCM,67,67,67,83,67,33,100,67,50,83,83,83,83,50,67,67,67,50,50,83,83,83,67,67,100,100,67,83,67,50,67,83,50,33,67,50,50,33,33,50,33,33,67,67,67,83,67,33,100,67,50,83,83,83,83,50,67,67,67,50,50,83,83,83,67,67,100,100,67,83,67,50,67,83,50,33,67,50,50,33,33,50,33,33,Serie A
Sassuolo,6tuibxq39fdryu8ou06wcm0q3,exqldi3zpsfhvhhvphmpw1ez8,D. Bakola,Darryl Bakola,18,Midfielder,France,Midfielder,22.0,0.0,23.0,2.0,45.0,0.0,0.0,90.0,0.0,0.0,1.0,0.0,1.0,1.0,9.0,0.0,0.0,1.0,3.0,0.0,1.0,1.0,1.0,1.0,0.0,77.59,50.0,0.0,100.0,0.0,81.82,0.0,20.0,0.0,0.0,0.0,0.0,0.0,0.0,0.0,0.0,0.0,0.0,22.0,0.0,23.0,2.0,45.0,0.0,0.0,0.0,0.0,1.0,0.0,1.0,1.0,9.0,0.0,0.0,1.0,3.0,0.0,1.0,1.0,1.0,1.0,0.0,77.59,50.0,0.0,100.0,0.0,81.82,0.0,20.0,0.0,0.0,0.0,0.0,0.0,0.0,0.0,0.0,0.0,0.0,DM/CM,56,47,44,69,44,12,16,31,50,53,47,78,78,94,53,38,81,91,44,81,47,56,59,53,12,50,47,88,38,100,44,44,31,25,34,25,25,31,22,19,19,19,56,47,44,69,44,12,16,31,50,53,47,78,78,94,53,38,81,91,44,81,47,56,59,53,12,50,47,88,38,100,44,44,31,25,34,25,25,31,22,19,19,19,Serie A
Udinese,dxq76zcvnokq07cszdx0i6kve,16kv5p8we3pwqpt5ktwrb7mj9,M. Vojvoda,Mërgim Vojvoda,31,Defender,Kosovo,Defender,14.0,1.0,22.0,2.0,35.0,2.0,1.0,90.0,0.0,0.0,2.0,2.0,2.0,2.0,7.0,0.0,0.0,3.0,1.0,0.0,2.0,2.0,0.0,0.0,0.0,76.09,33.33,33.33,100.0,0.0,87.5,0.0,0.0,0.1501569634009329,0.2530817703636634,0.0,3.0,0.0702817999999999,2.0,6.0,5.0,0.38318141,20.0,14.0,1.0,22.0,2.0,35.0,2.0,1.0,0.0,0.0,2.0,2.0,2.0,2.0,7.0,0.0,0.0,3.0,1.0,0.0,2.0,2.0,0.0,0.0,0.0,76.09,33.33,33.33,100.0,0.0,87.5,0.0,0.0,0.1501569634009329,0.2530817703636634,0.0,3.0,0.0702817999999999,2.0,6.0,5.0,0.38318141,20.0,RB/RCB,38,100,73,85,65,100,23,23,54,88,88,96,96,96,54,50,73,81,50,100,92,19,50,54,23,65,100,92,50,100,42,19,77,100,50,88,85,85,96,100,100,88,38,100,73,85,65,100,23,23,54,88,88,96,96,96,54,50,73,81,50,100,92,19,50,54,23,65,100,92,50,100,42,19,77,100,50,88,85,85,96,100,100,88,Serie A
Udinese,dxq76zcvnokq07cszdx0i6kve,8e4wkgb71btkez592um5vts0k,J. Abankwah,James Abankwah,22,Defender,Republic of Ireland,Defender,23.0,0.0,9.0,3.0,32.0,0.0,3.0,90.0,1.0,0.0,0.0,0.0,0.0,0.0,3.0,0.0,0.0,0.0,0.0,0.0,0.0,0.0,2.0,0.0,0.0,86.49,50.0,0.0,0.0,0.0,50.0,50.0,100.0,0.0,0.0,0.0,0.0,0.0,0.0,0.0,0.0,0.0,0.0,23.0,0.0,9.0,3.0,32.0,0.0,3.0,1.0,0.0,0.0,0.0,0.0,0.0,3.0,0.0,0.0,0.0,0.0,0.0,0.0,0.0,2.0,0.0,0.0,86.49,50.0,0.0,0.0,0.0,50.0,50.0,100.0,0.0,0.0,0.0,0.0,0.0,0.0,0.0,0.0,0.0,0.0,RB/RCB,77,50,23,100,46,35,69,58,54,31,35,38,27,50,54,50,23,35,50,38,35,85,50,54,65,81,50,38,50,58,92,77,31,35,50,38,38,38,27,27,23,23,77,50,23,100,46,35,69,58,54,31,35,38,27,50,54,50,23,35,50,38,35,85,50,54,65,81,50,38,50,58,92,77,31,35,50,38,38,38,27,27,23,23,Serie A
Udinese,dxq76zcvnokq07cszdx0i6kve,95qrrtlyz4ikkzjbgy6exbnit,H. Kamara,Hassane Kamara,32,Defender,Côte d'Ivoire,Defender,13.0,0.0,12.0,1.0,25.0,0.0,2.0,90.0,0.0,0.0,3.0,1.0,0.0,1.0,3.0,1.0,2.0,2.0,0.0,0.0,0.0,2.0,2.0,2.0,0.0,69.44,20.0,0.0,0.0,66.67,50.0,0.0,66.67,0.5138542924204823,0.0,1.0,1.0,0.02953272,1.0,1.0,3.0,0.06673638,10.0,13.0,0.0,12.0,1.0,25.0,0.0,2.0,0.0,0.0,3.0,1.0,0.0,1.0,3.0,1.0,2.0,2.0,0.0,0.0,0.0,2.0,2.0,2.0,0.0,69.44,20.0,0.0,0.0,66.67,50.0,0.0,66.67,0.5138542924204823,0.0,1.0,1.0,0.02953272,1.0,1.0,3.0,0.06673638,10.0,LB/LCB,21,32,36,61,21,25,46,25,54,100,82,21,61,43,100,96,86,36,43,36,86,89,96,54,7,57,32,36,86,43,39,64,100,32,86,61,64,75,64,75,57,50,21,32,36,61,21,25,46,25,54,100,82,21,61,43,100,96,86,36,43,36,86,89,96,54,7,57,32,36,86,43,39,64,100,32,86,61,64,75,64,75,57,50,Serie A
Udinese,dxq76zcvnokq07cszdx0i6kve,agnmzpaj62lzsavtq43uxt4gl,J. Karlström,Jesper Karlström,31,Midfielder,Sweden,Midfielder,18.0,0.0,11.0,2.0,29.0,2.0,2.0,90.0,0.0,0.0,0.0,0.0,0.0,0.0,2.0,0.0,0.0,1.0,0.0,0.0,0.0,0.0,2.0,0.0,0.0,85.29,50.0,0.0,0.0,0.0,40.0,0.0,100.0,0.0,0.0922423947832255,0.0,0.0,0.0,0.0,0.0,1.0,0.03900565,13.0,18.0,0.0,11.0,2.0,29.0,2.0,2.0,0.0,0.0,0.0,0.0,0.0,0.0,2.0,0.0,0.0,1.0,0.0,0.0,0.0,0.0,2.0,0.0,0.0,85.29,50.0,0.0,0.0,0.0,40.0,0.0,100.0,0.0,0.0922423947832255,0.0,0.0,0.0,0.0,0.0,1.0,0.03900565,13.0,DM/CM,44,47,6,69,19,91,69,31,50,16,47,34,34,25,53,38,81,25,44,34,16,88,22,53,25,50,47,34,38,25,44,88,31,100,34,25,25,31,22,38,44,44,44,47,6,69,19,91,69,31,50,16,47,34,34,25,53,38,81,25,44,34,16,88,22,53,25,50,47,34,38,25,44,88,31,100,34,25,25,31,22,38,44,44,Serie A
Udinese,dxq76zcvnokq07cszdx0i6kve,cet0tgjv82l6ao07ij1ylgp9l,O. Solet,Oumar Solet,26,Defender,France,Defender,28.0,1.0,12.0,3.0,39.0,1.0,4.0,90.0,0.0,0.0,0.0,0.0,2.0,2.0,1.0,0.0,0.0,0.0,1.0,0.0,0.0,1.0,0.0,0.0,0.0,81.25,42.86,100.0,0.0,0.0,16.67,0.0,0.0,0.0,0.1160637902768435,0.0,1.0,0.01935132,0.0,3.0,5.0,0.13578779,23.0,28.0,1.0,12.0,3.0,39.0,1.0,4.0,0.0,0.0,0.0,0.0,2.0,2.0,1.0,0.0,0.0,0.0,1.0,0.0,0.0,1.0,0.0,0.0,0.0,81.25,42.86,100.0,0.0,0.0,16.67,0.0,0.0,0.0,0.1160637902768435,0.0,1.0,0.01935132,0.0,3.0,5.0,0.13578779,23.0,CB,46,95,46,77,45,79,62,14,52,21,23,98,98,11,46,39,14,73,46,41,55,20,48,52,18,43,98,41,39,14,32,20,29,86,48,77,79,43,75,93,86,68,46,95,46,77,45,79,62,14,52,21,23,98,98,11,46,39,14,73,46,41,55,20,48,52,18,43,98,41,39,14,32,20,29,86,48,77,79,43,75,93,86,68,Serie A
Venezia,565sm63rjm2y7xeae0dcdbtnu,2c796ozt5nw1l8n61cwtv9all,J. Yeboah,John Yeboah,26,Attacker,Ecuador,Striker,7.0,0.0,18.0,1.0,25.0,2.0,0.0,90.0,0.0,0.0,2.0,2.0,6.0,6.0,8.0,0.0,1.0,7.0,2.0,0.0,4.0,0.0,1.0,0.0,0.0,83.33,100.0,0.0,66.67,50.0,61.54,0.0,50.0,0.1889876537179186,0.1576494771868431,1.0,2.0,0.04888404,2.0,1.0,1.0,0.09417368,8.0,7.0,0.0,18.0,1.0,25.0,2.0,0.0,0.0,0.0,2.0,2.0,6.0,6.0,8.0,0.0,1.0,7.0,2.0,0.0,4.0,0.0,1.0,0.0,0.0,83.33,100.0,0.0,66.67,50.0,61.54,0.0,50.0,0.1889876537179186,0.1576494771868431,1.0,2.0,0.04888404,2.0,1.0,1.0,0.09417368,8.0,ST,83,54,100,88,92,96,25,25,50,33,50,88,88,100,46,62,79,67,29,100,46,88,29,54,92,92,54,88,83,92,25,79,50,100,67,88,83,96,75,71,100,92,83,54,100,88,92,96,25,25,50,33,50,88,88,100,46,62,79,67,29,100,46,88,29,54,92,92,54,88,83,92,25,79,50,100,67,88,83,96,75,71,100,92,Serie A
Venezia,565sm63rjm2y7xeae0dcdbtnu,3haxsyfrccsgw6x5jgbwdjze,G. Busio,Gianluca Busio,24,Midfielder,USA,Midfielder,44.0,0.0,53.0,8.0,97.0,1.0,1.0,90.0,2.0,0.0,3.0,0.0,2.0,2.0,7.0,0.0,0.0,0.0,1.0,1.0,2.0,0.0,0.0,3.0,0.0,94.17,100.0,0.0,100.0,0.0,63.64,0.0,0.0,0.2255155547525718,0.0484095342887757,2.0,6.0,0.12435438,2.0,7.0,11.0,0.2791030399999999,45.0,44.0,0.0,53.0,8.0,97.0,1.0,1.0,2.0,0.0,3.0,0.0,2.0,2.0,7.0,0.0,0.0,0.0,1.0,1.0,2.0,0.0,0.0,3.0,0.0,94.17,100.0,0.0,100.0,0.0,63.64,0.0,0.0,0.2255155547525718,0.0484095342887757,2.0,6.0,0.12435438,2.0,7.0,11.0,0.2791030399999999,45.0,DM/CM,100,47,94,100,100,53,47,88,50,100,47,94,94,81,53,38,34,59,94,100,16,22,100,53,81,88,47,88,38,75,44,22,100,56,97,94,94,84,78,94,100,88,100,47,94,100,100,53,47,88,50,100,47,94,94,81,53,38,34,59,94,100,16,22,100,53,81,88,47,88,38,75,44,22,100,56,97,94,94,84,78,94,100,88,Serie A
Venezia,565sm63rjm2y7xeae0dcdbtnu,6mf11pv0pfvyl9vom1i1pi0yy,A. Adams,Akor Adams,26,Attacker,Nigeria,Striker,5.0,0.0,7.0,0.0,12.0,0.0,1.0,90.0,2.0,0.0,3.0,2.0,3.0,4.0,4.0,0.0,1.0,2.0,0.0,0.0,2.0,1.0,0.0,1.0,0.0,85.71,0.0,0.0,66.67,33.33,40.0,40.0,0.0,0.3431968727050187,0.0,1.0,1.0,0.02855202,1.0,3.0,0.0,0.0392648399999999,7.0,5.0,0.0,7.0,0.0,12.0,0.0,1.0,2.0,0.0,3.0,2.0,3.0,4.0,4.0,0.0,1.0,2.0,0.0,0.0,2.0,1.0,0.0,1.0,0.0,85.71,0.0,0.0,66.67,33.33,40.0,40.0,0.0,0.3431968727050187,0.0,1.0,1.0,0.02855202,1.0,3.0,0.0,0.0392648399999999,7.0,ST,67,54,38,38,54,25,71,88,50,58,50,67,71,54,46,62,29,17,29,88,96,38,79,54,100,38,54,88,62,71,92,38,75,29,67,67,71,67,100,25,67,75,67,54,38,38,54,25,71,88,50,58,50,67,71,54,46,62,29,17,29,88,96,38,79,54,100,38,54,88,62,71,92,38,75,29,67,67,71,67,100,25,67,75,Serie A
Venezia,565sm63rjm2y7xeae0dcdbtnu,7zkku0gboniozaks9yx0ous8a,A. Bella-Kotchap,Armel Bella-Kotchap,24,Defender,Germany,Defender,50.0,0.0,17.0,3.0,67.0,0.0,4.0,90.0,7.0,0.0,1.0,1.0,0.0,0.0,12.0,0.0,0.0,1.0,3.0,0.0,0.0,2.0,1.0,0.0,0.0,88.16,75.0,0.0,0.0,0.0,80.0,77.78,50.0,0.1406678644538686,0.0,0.0,0.0,0.0,0.0,3.0,3.0,0.0675328999999999,51.0,50.0,0.0,17.0,3.0,67.0,0.0,4.0,7.0,0.0,1.0,1.0,0.0,0.0,12.0,0.0,0.0,1.0,3.0,0.0,0.0,2.0,1.0,0.0,0.0,88.16,75.0,0.0,0.0,0.0,80.0,77.78,50.0,0.1406678644538686,0.0,0.0,0.0,0.0,0.0,3.0,3.0,0.0675328999999999,51.0,CB,86,46,71,77,86,36,62,96,52,64,70,39,39,93,46,39,46,98,46,41,80,52,48,52,43,73,46,41,39,93,96,50,82,39,48,32,32,43,75,77,64,100,86,46,71,77,86,36,62,96,52,64,70,39,39,93,46,39,46,98,46,41,80,52,48,52,43,73,46,41,39,93,96,50,82,39,48,32,32,43,75,77,64,100,Serie A
Venezia,565sm63rjm2y7xeae0dcdbtnu,avubg95m07a6rted50ejdkftg,J. Schingtienne,Joël Schingtienne,24,Defender,Belgium,Defender,41.0,0.0,27.0,2.0,68.0,1.0,2.0,90.0,1.0,0.0,0.0,0.0,0.0,1.0,2.0,0.0,0.0,0.0,0.0,0.0,0.0,0.0,0.0,0.0,0.0,91.89,50.0,0.0,0.0,0.0,66.67,50.0,0.0,0.0,0.0834162104597492,0.0,0.0,0.0,0.0,3.0,2.0,0.12524613,50.0,41.0,0.0,27.0,2.0,68.0,1.0,2.0,1.0,0.0,0.0,0.0,0.0,1.0,2.0,0.0,0.0,0.0,0.0,0.0,0.0,0.0,0.0,0.0,0.0,91.89,50.0,0.0,0.0,0.0,66.67,50.0,0.0,0.0,0.0834162104597492,0.0,0.0,0.0,0.0,3.0,2.0,0.12524613,50.0,RB/RCB,92,50,88,85,92,81,50,58,54,31,35,38,69,31,54,50,23,35,50,38,35,19,50,54,85,81,50,38,50,69,92,19,31,77,50,38,38,38,73,73,92,100,92,50,88,85,92,81,50,58,54,31,35,38,69,31,54,50,23,35,50,38,35,19,50,54,85,81,50,38,50,69,92,19,31,77,50,38,38,38,73,73,92,100,Serie A
Venezia,565sm63rjm2y7xeae0dcdbtnu,en0a6a574x1yvnk8kdxwub949,B. Franjić,Bartol Franjic,26,Defender,Croatia,Defender,40.0,0.0,32.0,3.0,72.0,0.0,1.0,90.0,2.0,0.0,2.0,2.0,3.0,3.0,6.0,0.0,2.0,2.0,0.0,0.0,2.0,2.0,1.0,0.0,0.0,90.0,42.86,0.0,66.67,100.0,60.0,50.0,50.0,0.2890280162881032,0.0,0.0,5.0,0.11928164,3.0,10.0,9.0,0.2068551099999999,42.0,40.0,0.0,32.0,3.0,72.0,0.0,1.0,2.0,0.0,2.0,2.0,3.0,3.0,6.0,0.0,2.0,2.0,0.0,0.0,2.0,2.0,1.0,0.0,0.0,90.0,42.86,0.0,66.67,100.0,60.0,50.0,50.0,0.2890280162881032,0.0,0.0,5.0,0.11928164,3.0,10.0,9.0,0.2068551099999999,42.0,LB/LCB,71,32,93,100,86,25,29,86,54,82,100,100,100,93,50,96,86,36,43,100,86,61,32,54,75,93,32,71,96,68,82,54,93,32,39,93,93,100,100,100,93,93,71,32,93,100,86,25,29,86,54,82,100,100,100,93,50,96,86,36,43,100,86,61,32,54,75,93,32,71,96,68,82,54,93,32,39,93,93,100,100,100,93,93,Serie A
